Date,Open,High,Low,Close,Volume
1991-11-11,1416.90,1416.90,1416.90,1416.90,0
1991-11-12,1445.40,1445.40,1445.40,1445.40,0
1991-11-13,1453.40,1453.40,1453.40,1453.40,0
1991-11-14,1459.30,1459.30,1459.30,1459.30,0
1991-11-15,1445.60,1445.60,1445.60,1445.60,0
1991-11-18,1415.90,1415.90,1415.90,1415.90,0
1991-11-19,1365.10,1365.10,1365.10,1365.10,0
1991-11-21,1387.90,1387.90,1387.90,1387.90,0
1991-11-22,1376.20,1376.20,1376.20,1376.20,0
1991-11-26,1365.20,1365.20,1365.20,1365.20,0
1991-11-27,1371.60,1371.60,1371.60,1371.60,0
1991-11-28,1377.60,1377.60,1377.60,1377.60,0
1991-11-29,1384.20,1384.20,1384.20,1384.20,0
1991-12-02,1375.40,1375.40,1375.40,1375.40,0
1991-12-03,1371.20,1371.20,1371.20,1371.20,0
1991-12-04,1371.30,1371.30,1371.30,1371.30,0
1991-12-05,1361.20,1361.20,1361.20,1361.20,0
1991-12-06,1360.60,1360.60,1360.60,1360.60,0
1991-12-09,1347.10,1347.10,1347.10,1347.10,0
1991-12-10,1304.50,1304.50,1304.50,1304.50,0
1991-12-11,1273.20,1273.20,1273.20,1273.20,0
1991-12-13,1325.70,1325.70,1325.70,1325.70,0
1991-12-16,1346.80,1346.80,1346.80,1346.80,0
1991-12-17,1347.40,1347.40,1347.40,1347.40,0
1991-12-18,1338.40,1338.40,1338.40,1338.40,0
1991-12-19,1332.90,1332.90,1332.90,1332.90,0
1991-12-20,1337.30,1337.30,1337.30,1337.30,0
1991-12-23,1364.40,1364.40,1364.40,1364.40,0
1991-12-30,1431.50,1431.50,1431.50,1431.50,0
1992-01-02,1444.90,1444.90,1444.90,1444.90,0
1992-01-03,1475.20,1475.20,1475.20,1475.20,0
1992-01-06,1472.50,1472.50,1472.50,1472.50,0
1992-01-07,1485.40,1485.40,1485.40,1485.40,0
1992-01-08,1515.70,1515.70,1515.70,1515.70,0
1992-01-09,1529.60,1529.60,1529.60,1529.60,0
1992-01-10,1524.80,1524.80,1524.80,1524.80,0
1992-01-13,1535.00,1535.00,1535.00,1535.00,0
1992-01-14,1564.30,1564.30,1564.30,1564.30,0
1992-01-15,1565.40,1565.40,1565.40,1565.40,0
1992-01-16,1583.30,1583.30,1583.30,1583.30,0
1992-01-17,1576.10,1576.10,1576.10,1576.10,0
1992-01-20,1574.80,1574.80,1574.80,1574.80,0
1992-01-21,1557.10,1557.10,1557.10,1557.10,0
1992-01-22,1564.40,1564.40,1564.40,1564.40,0
1992-01-23,1594.90,1594.90,1594.90,1594.90,0
1992-01-24,1603.80,1603.80,1603.80,1603.80,0
1992-01-27,1591.10,1591.10,1591.10,1591.10,0
1992-01-28,1603.10,1603.10,1603.10,1603.10,0
1992-01-29,1611.90,1611.90,1611.90,1611.90,0
1992-01-30,1623.50,1623.50,1623.50,1623.50,0
1992-01-31,1623.50,1623.50,1623.50,1623.50,0
1992-02-03,1624.50,1624.50,1624.50,1624.50,0
1992-02-04,1616.10,1616.10,1616.10,1616.10,0
1992-02-06,1649.20,1649.20,1649.20,1649.20,0
1992-02-07,1647.10,1647.10,1647.10,1647.10,0
1992-02-10,1677.40,1677.40,1677.40,1677.40,0
1992-02-11,1709.50,1709.50,1709.50,1709.50,0
1992-02-12,1739.40,1739.40,1739.40,1739.40,0
1992-02-13,1725.30,1725.30,1725.30,1725.30,0
1992-02-14,1761.20,1761.20,1761.20,1761.20,0
1992-02-18,1758.00,1758.00,1758.00,1758.00,0
1992-02-19,1762.50,1762.50,1762.50,1762.50,0
1992-02-20,1791.50,1791.50,1791.50,1791.50,0
1992-02-21,1785.60,1785.60,1785.60,1785.60,0
1992-02-24,1780.70,1780.70,1780.70,1780.70,0
1992-02-25,1777.10,1777.10,1777.10,1777.10,0
1992-02-26,1825.50,1825.50,1825.50,1825.50,0
1992-02-27,1838.20,1838.20,1838.20,1838.20,0
1992-02-28,1860.60,1860.60,1860.60,1860.60,0
1992-03-02,1873.90,1873.90,1873.90,1873.90,0
1992-03-03,1905.00,1905.00,1905.00,1905.00,0
1992-03-04,1836.60,1836.60,1836.60,1836.60,0
1992-03-05,1861.10,1861.10,1861.10,1861.10,0
1992-03-06,1792.90,1792.90,1792.90,1792.90,0
1992-03-09,1784.80,1784.80,1784.80,1784.80,0
1992-03-10,1809.20,1809.20,1809.20,1809.20,0
1992-03-11,1796.50,1796.50,1796.50,1796.50,0
1992-03-12,1762.60,1762.60,1762.60,1762.60,0
1992-03-13,1758.00,1758.00,1758.00,1758.00,0
1992-03-16,1734.80,1734.80,1734.80,1734.80,0
1992-03-17,1767.90,1767.90,1767.90,1767.90,0
1992-03-18,1770.10,1770.10,1770.10,1770.10,0
1992-03-19,1795.60,1795.60,1795.60,1795.60,0
1992-03-20,1838.90,1838.90,1838.90,1838.90,0
1992-03-23,1888.40,1888.40,1888.40,1888.40,0
1992-03-24,1880.10,1880.10,1880.10,1880.10,0
1992-03-25,1900.60,1900.60,1900.60,1900.60,0
1992-03-26,1907.30,1907.30,1907.30,1907.30,0
1992-03-27,1881.60,1881.60,1881.60,1881.60,0
1992-03-30,1868.80,1868.80,1868.80,1868.80,0
1992-03-31,1875.70,1875.70,1875.70,1875.70,0
1992-04-01,1852.50,1852.50,1852.50,1852.50,0
1992-04-02,1842.50,1842.50,1842.50,1842.50,0
1992-04-03,1822.30,1822.30,1822.30,1822.30,0
1992-04-06,1783.40,1783.40,1783.40,1783.40,0
1992-04-07,1741.40,1741.40,1741.40,1741.40,0
1992-04-08,1743.70,1743.70,1743.70,1743.70,0
1992-04-09,1764.50,1764.50,1764.50,1764.50,0
1992-04-10,1810.50,1810.50,1810.50,1810.50,0
1992-04-13,1810.20,1810.20,1810.20,1810.20,0
1992-04-14,1838.20,1838.20,1838.20,1838.20,0
1992-04-15,1871.60,1871.60,1871.60,1871.60,0
1992-04-21,1869.70,1869.70,1869.70,1869.70,0
1992-04-22,1897.10,1897.10,1897.10,1897.10,0
1992-04-23,1891.70,1891.70,1891.70,1891.70,0
1992-04-24,1882.90,1882.90,1882.90,1882.90,0
1992-04-27,1863.00,1863.00,1863.00,1863.00,0
1992-04-28,1831.60,1831.60,1831.60,1831.60,0
1992-04-29,1852.90,1852.90,1852.90,1852.90,0
1992-04-30,1838.30,1838.30,1838.30,1838.30,0
1992-05-04,1827.60,1827.60,1827.60,1827.60,0
1992-05-06,1872.10,1872.10,1872.10,1872.10,0
1992-05-07,1852.50,1852.50,1852.50,1852.50,0
1992-05-11,1845.30,1845.30,1845.30,1845.30,0
1992-05-12,1844.20,1844.20,1844.20,1844.20,0
1992-05-13,1840.90,1840.90,1840.90,1840.90,0
1992-05-14,1826.90,1826.90,1826.90,1826.90,0
1992-05-15,1810.20,1810.20,1810.20,1810.20,0
1992-05-18,1785.70,1785.70,1785.70,1785.70,0
1992-05-19,1811.10,1811.10,1811.10,1811.10,0
1992-05-20,1815.30,1815.30,1815.30,1815.30,0
1992-05-21,1820.90,1820.90,1820.90,1820.90,0
1992-05-22,1829.60,1829.60,1829.60,1829.60,0
1992-05-26,1830.30,1830.30,1830.30,1830.30,0
1992-05-27,1833.80,1833.80,1833.80,1833.80,0
1992-05-28,1856.20,1856.20,1856.20,1856.20,0
1992-05-29,1892.30,1892.30,1892.30,1892.30,0
1992-06-01,1907.40,1907.40,1907.40,1907.40,0
1992-06-02,1894.20,1894.20,1894.20,1894.20,0
1992-06-03,1886.90,1886.90,1886.90,1886.90,0
1992-06-04,1895.90,1895.90,1895.90,1895.90,0
1992-06-05,1887.30,1887.30,1887.30,1887.30,0
1992-06-08,1873.10,1873.10,1873.10,1873.10,0
1992-06-09,1843.70,1843.70,1843.70,1843.70,0
1992-06-10,1796.30,1796.30,1796.30,1796.30,0
1992-06-11,1802.60,1802.60,1802.60,1802.60,0
1992-06-12,1809.90,1809.90,1809.90,1809.90,0
1992-06-15,1742.50,1742.50,1742.50,1742.50,0
1992-06-16,1692.90,1692.90,1692.90,1692.90,0
1992-06-17,1593.30,1593.30,1593.30,1593.30,0
1992-06-18,1634.20,1634.20,1634.20,1634.20,0
1992-06-19,1686.30,1686.30,1686.30,1686.30,0
1992-06-22,1624.30,1624.30,1624.30,1624.30,0
1992-06-24,1562.70,1562.70,1562.70,1562.70,0
1992-06-25,1599.90,1599.90,1599.90,1599.90,0
1992-06-26,1601.00,1601.00,1601.00,1601.00,0
1992-06-29,1603.40,1603.40,1603.40,1603.40,0
1992-06-30,1599.30,1599.30,1599.30,1599.30,0
1992-07-01,1658.90,1658.90,1658.90,1658.90,0
1992-07-02,1676.70,1676.70,1676.70,1676.70,0
1992-07-03,1683.00,1683.00,1683.00,1683.00,0
1992-07-06,1672.90,1672.90,1672.90,1672.90,0
1992-07-07,1614.20,1614.20,1614.20,1614.20,0
1992-07-08,1582.30,1582.30,1582.30,1582.30,0
1992-07-09,1590.30,1590.30,1590.30,1590.30,0
1992-07-10,1617.40,1617.40,1617.40,1617.40,0
1992-07-13,1640.50,1640.50,1640.50,1640.50,0
1992-07-14,1636.00,1636.00,1636.00,1636.00,0
1992-07-15,1639.80,1639.80,1639.80,1639.80,0
1992-07-16,1689.20,1689.20,1689.20,1689.20,0
1992-07-17,1674.20,1674.20,1674.20,1674.20,0
1992-07-20,1647.90,1647.90,1647.90,1647.90,0
1992-07-21,1657.20,1657.20,1657.20,1657.20,0
1992-07-22,1625.20,1625.20,1625.20,1625.20,0
1992-07-23,1584.10,1584.10,1584.10,1584.10,0
1992-07-24,1522.90,1522.90,1522.90,1522.90,0
1992-07-27,1466.60,1466.60,1466.60,1466.60,0
1992-07-28,1537.70,1537.70,1537.70,1537.70,0
1992-07-29,1547.80,1547.80,1547.80,1547.80,0
1992-07-30,1551.20,1551.20,1551.20,1551.20,0
1992-07-31,1569.70,1569.70,1569.70,1569.70,0
1992-08-03,1557.10,1557.10,1557.10,1557.10,0
1992-08-04,1536.70,1536.70,1536.70,1536.70,0
1992-08-05,1538.00,1538.00,1538.00,1538.00,0
1992-08-06,1552.80,1552.80,1552.80,1552.80,0
1992-08-07,1560.40,1560.40,1560.40,1560.40,0
1992-08-10,1538.30,1538.30,1538.30,1538.30,0
1992-08-11,1515.50,1515.50,1515.50,1515.50,0
1992-08-12,1525.60,1525.60,1525.60,1525.60,0
1992-08-13,1518.40,1518.40,1518.40,1518.40,0
1992-08-14,1516.60,1516.60,1516.60,1516.60,0
1992-08-17,1510.30,1510.30,1510.30,1510.30,0
1992-08-18,1498.70,1498.70,1498.70,1498.70,0
1992-08-19,1474.10,1474.10,1474.10,1474.10,0
1992-08-20,1439.00,1439.00,1439.00,1439.00,0
1992-08-21,1424.60,1424.60,1424.60,1424.60,0
1992-08-24,1366.80,1366.80,1366.80,1366.80,0
1992-08-25,1353.10,1353.10,1353.10,1353.10,0
1992-08-26,1376.80,1376.80,1376.80,1376.80,0
1992-08-27,1423.20,1423.20,1423.20,1423.20,0
1992-08-28,1409.00,1409.00,1409.00,1409.00,0
1992-08-31,1400.40,1400.40,1400.40,1400.40,0
1992-09-01,1384.10,1384.10,1384.10,1384.10,0
1992-09-02,1383.40,1383.40,1383.40,1383.40,0
1992-09-03,1395.30,1395.30,1395.30,1395.30,0
1992-09-04,1392.60,1392.60,1392.60,1392.60,0
1992-09-07,1385.30,1385.30,1385.30,1385.30,0
1992-09-08,1369.90,1369.90,1369.90,1369.90,0
1992-09-09,1326.00,1326.00,1326.00,1326.00,0
1992-09-10,1285.80,1285.80,1285.80,1285.80,0
1992-09-11,1294.10,1294.10,1294.10,1294.10,0
1992-09-14,1342.80,1342.80,1342.80,1342.80,0
1992-09-15,1328.20,1328.20,1328.20,1328.20,0
1992-09-17,1318.20,1318.20,1318.20,1318.20,0
1992-09-18,1307.70,1307.70,1307.70,1307.70,0
1992-09-21,1295.80,1295.80,1295.80,1295.80,0
1992-09-22,1272.10,1272.10,1272.10,1272.10,0
1992-09-23,1264.40,1264.40,1264.40,1264.40,0
1992-09-24,1257.40,1257.40,1257.40,1257.40,0
1992-09-25,1252.10,1252.10,1252.10,1252.10,0
1992-09-28,1257.90,1257.90,1257.90,1257.90,0
1992-09-29,1289.10,1289.10,1289.10,1289.10,0
1992-09-30,1327.10,1327.10,1327.10,1327.10,0
1992-10-01,1359.10,1359.10,1359.10,1359.10,0
1992-10-02,1389.70,1389.70,1389.70,1389.70,0
1992-10-05,1454.40,1454.40,1454.40,1454.40,0
1992-10-07,1453.40,1453.40,1453.40,1453.40,0
1992-10-08,1437.90,1437.90,1437.90,1437.90,0
1992-10-09,1425.00,1425.00,1425.00,1425.00,0
1992-10-13,1428.00,1428.00,1428.00,1428.00,0
1992-10-14,1432.60,1432.60,1432.60,1432.60,0
1992-10-15,1454.80,1454.80,1454.80,1454.80,0
1992-10-16,1491.70,1491.70,1491.70,1491.70,0
1992-10-19,1509.70,1509.70,1509.70,1509.70,0
1992-10-20,1555.20,1555.20,1555.20,1555.20,0
1992-10-21,1560.40,1560.40,1560.40,1560.40,0
1992-10-22,1569.80,1569.80,1569.80,1569.80,0
1992-10-23,1565.40,1565.40,1565.40,1565.40,0
1992-10-26,1557.50,1557.50,1557.50,1557.50,0
1992-10-27,1537.00,1537.00,1537.00,1537.00,0
1992-10-28,1549.20,1549.20,1549.20,1549.20,0
1992-10-29,1565.30,1565.30,1565.30,1565.30,0
1992-10-30,1597.30,1597.30,1597.30,1597.30,0
1992-11-03,1558.40,1558.40,1558.40,1558.40,0
1992-11-04,1547.80,1547.80,1547.80,1547.80,0
1992-11-05,1568.60,1568.60,1568.60,1568.60,0
1992-11-06,1609.60,1609.60,1609.60,1609.60,0
1992-11-09,1642.80,1642.80,1642.80,1642.80,0
1992-11-10,1655.80,1655.80,1655.80,1655.80,0
1992-11-11,1651.90,1651.90,1651.90,1651.90,0
1992-11-12,1631.60,1631.60,1631.60,1631.60,0
1992-11-13,1608.10,1608.10,1608.10,1608.10,0
1992-11-16,1585.70,1585.70,1585.70,1585.70,0
1992-11-17,1608.20,1608.20,1608.20,1608.20,0
1992-11-18,1627.20,1627.20,1627.20,1627.20,0
1992-11-19,1634.55,1634.55,1634.55,1634.55,0
1992-11-23,1679.30,1679.30,1679.30,1679.30,0
1992-11-24,1691.50,1691.50,1691.50,1691.50,0
1992-11-25,1691.60,1691.60,1691.60,1691.60,0
1992-11-26,1703.50,1703.50,1703.50,1703.50,0
1992-11-27,1727.20,1727.20,1727.20,1727.20,0
1992-11-30,1716.00,1716.00,1716.00,1716.00,0
1992-12-01,1689.10,1689.10,1689.10,1689.10,0
1992-12-02,1688.00,1688.00,1688.00,1688.00,0
1992-12-03,1699.00,1699.00,1699.00,1699.00,0
1992-12-07,1723.80,1723.80,1723.80,1723.80,0
1992-12-08,1748.30,1748.30,1748.30,1748.30,0
1992-12-09,1742.60,1742.60,1742.60,1742.60,0
1992-12-10,1731.00,1731.00,1731.00,1731.00,0
1992-12-11,1727.40,1727.40,1727.40,1727.40,0
1992-12-14,1724.00,1724.00,1724.00,1724.00,0
1992-12-15,1724.00,1724.00,1724.00,1724.00,0
1992-12-16,1713.80,1713.80,1713.80,1713.80,0
1992-12-17,1719.60,1719.60,1719.60,1719.60,0
1992-12-18,1730.20,1730.20,1730.20,1730.20,0
1992-12-21,1731.70,1731.70,1731.70,1731.70,0
1992-12-22,1752.50,1752.50,1752.50,1752.50,0
1992-12-23,1754.20,1754.20,1754.20,1754.20,0
1992-12-24,1761.10,1761.10,1761.10,1761.10,0
1992-12-28,1754.90,1754.90,1754.90,1754.90,0
1992-12-29,1758.10,1758.10,1758.10,1758.10,0
1992-12-30,1759.40,1759.40,1759.40,1759.40,0
1993-01-04,1776.70,1776.70,1776.70,1776.70,0
1993-01-05,1817.20,1817.20,1817.20,1817.20,0
1993-01-06,1836.10,1836.10,1836.10,1836.10,0
1993-01-07,1822.90,1822.90,1822.90,1822.90,0
1993-01-08,1806.40,1806.40,1806.40,1806.40,0
1993-01-11,1795.20,1795.20,1795.20,1795.20,0
1993-01-12,1782.10,1782.10,1782.10,1782.10,0
1993-01-13,1763.80,1763.80,1763.80,1763.80,0
1993-01-14,1763.70,1763.70,1763.70,1763.70,0
1993-01-15,1760.20,1760.20,1760.20,1760.20,0
1993-01-18,1749.00,1749.00,1749.00,1749.00,0
1993-01-19,1764.60,1764.60,1764.60,1764.60,0
1993-01-20,1771.00,1771.00,1771.00,1771.00,0
1993-01-21,1777.40,1777.40,1777.40,1777.40,0
1993-01-22,1797.90,1797.90,1797.90,1797.90,0
1993-01-25,1804.70,1804.70,1804.70,1804.70,0
1993-01-26,1779.30,1779.30,1779.30,1779.30,0
1993-01-27,1740.70,1740.70,1740.70,1740.70,0
1993-01-28,1680.80,1680.80,1680.80,1680.80,0
1993-01-29,1653.20,1653.20,1653.20,1653.20,0
1993-02-01,1664.30,1664.30,1664.30,1664.30,0
1993-02-02,1624.20,1624.20,1624.20,1624.20,0
1993-02-03,1607.60,1607.60,1607.60,1607.60,0
1993-02-04,1659.70,1659.70,1659.70,1659.70,0
1993-02-08,1640.40,1640.40,1640.40,1640.40,0
1993-02-09,1625.70,1625.70,1625.70,1625.70,0
1993-02-11,1661.30,1661.30,1661.30,1661.30,0
1993-02-12,1638.80,1638.80,1638.80,1638.80,0
1993-02-15,1628.30,1628.30,1628.30,1628.30,0
1993-02-16,1595.00,1595.00,1595.00,1595.00,0
1993-02-17,1572.90,1572.90,1572.90,1572.90,0
1993-02-18,1556.70,1556.70,1556.70,1556.70,0
1993-02-19,1574.10,1574.10,1574.10,1574.10,0
1993-02-22,1573.00,1573.00,1573.00,1573.00,0
1993-02-23,1542.70,1542.70,1542.70,1542.70,0
1993-02-24,1515.70,1515.70,1515.70,1515.70,0
1993-02-25,1504.20,1504.20,1504.20,1504.20,0
1993-02-26,1546.70,1546.70,1546.70,1546.70,0
1993-03-01,1563.60,1563.60,1563.60,1563.60,0
1993-03-02,1590.40,1590.40,1590.40,1590.40,0
1993-03-03,1613.00,1613.00,1613.00,1613.00,0
1993-03-04,1604.90,1604.90,1604.90,1604.90,0
1993-03-05,1637.90,1637.90,1637.90,1637.90,0
1993-03-08,1650.00,1650.00,1650.00,1650.00,0
1993-03-09,1644.40,1644.40,1644.40,1644.40,0
1993-03-10,1644.40,1644.40,1644.40,1644.40,0
1993-03-11,1655.50,1655.50,1655.50,1655.50,0
1993-03-12,1637.80,1637.80,1637.80,1637.80,0
1993-03-15,1642.60,1642.60,1642.60,1642.60,0
1993-03-16,1663.60,1663.60,1663.60,1663.60,0
1993-03-17,1658.00,1658.00,1658.00,1658.00,0
1993-03-18,1666.80,1666.80,1666.80,1666.80,0
1993-03-19,1666.80,1670.80,1657.80,1669.40,0
1993-03-22,1670.50,1670.50,1653.40,1661.50,0
1993-03-23,1661.50,1669.50,1659.50,1669.00,0
1993-03-24,1669.10,1702.10,1669.10,1702.10,0
1993-03-25,1702.30,1739.40,1702.30,1735.70,0
1993-03-26,1737.50,1739.00,1724.00,1732.40,0
1993-03-29,1732.50,1767.80,1732.50,1767.80,0
1993-03-30,1768.30,1776.20,1753.90,1773.90,0
1993-03-31,1773.90,1783.30,1767.40,1771.70,0
1993-04-01,1771.70,1772.60,1753.30,1757.50,0
1993-04-02,1756.60,1756.60,1739.90,1741.70,0
1993-04-05,1742.00,1742.80,1738.40,1742.70,0
1993-04-06,1744.40,1765.30,1739.00,1764.50,0
1993-04-07,1765.60,1783.50,1765.60,1783.40,0
1993-04-12,1787.40,1795.30,1787.40,1789.80,0
1993-04-13,1791.30,1799.60,1782.60,1782.60,0
1993-04-14,1777.40,1781.30,1776.90,1778.90,0
1993-04-15,1778.90,1778.90,1757.50,1757.50,0
1993-04-16,1759.60,1762.90,1759.10,1761.40,0
1993-04-19,1761.40,1761.40,1745.50,1745.50,0
1993-04-20,1742.70,1742.70,1713.10,1720.30,0
1993-04-21,1739.50,1739.50,1731.80,1736.40,0
1993-04-22,1732.20,1753.40,1731.90,1742.50,0
1993-04-23,1744.70,1744.70,1700.90,1700.90,0
1993-04-26,1707.20,1707.50,1674.70,1679.30,0
1993-04-27,1681.00,1684.40,1651.50,1684.40,0
1993-04-28,1694.50,1694.50,1644.60,1644.70,0
1993-04-29,1639.00,1639.00,1610.30,1628.30,0
1993-04-30,1654.60,1664.80,1645.00,1662.80,0
1993-05-03,1662.10,1662.10,1637.70,1638.10,0
1993-05-04,1634.30,1642.00,1631.30,1641.10,0
1993-05-06,1642.50,1671.40,1642.50,1670.50,0
1993-05-07,1666.60,1666.60,1660.90,1660.90,0
1993-05-10,1664.90,1664.90,1653.10,1653.60,0
1993-05-11,1652.30,1652.40,1633.10,1634.30,0
1993-05-12,1636.40,1638.10,1611.90,1611.90,0
1993-05-13,1601.60,1609.70,1589.60,1608.30,0
1993-05-14,1607.90,1616.80,1605.40,1610.20,0
1993-05-17,1609.40,1630.30,1609.40,1629.90,0
1993-05-18,1632.60,1641.50,1627.00,1627.10,0
1993-05-19,1631.80,1637.80,1625.10,1637.30,0
1993-05-20,1637.40,1641.80,1637.40,1638.50,0
1993-05-21,1639.50,1647.70,1626.00,1627.90,0
1993-05-24,1627.80,1631.80,1624.90,1624.90,0
1993-05-25,1629.20,1636.30,1628.10,1628.60,0
1993-05-26,1630.60,1632.60,1621.20,1621.20,0
1993-05-27,1619.00,1619.00,1589.40,1589.40,0
1993-05-28,1609.30,1616.20,1609.30,1613.70,0
1993-05-31,1613.90,1613.90,1608.10,1613.00,0
1993-06-01,1613.00,1613.00,1605.30,1605.30,0
1993-06-02,1603.20,1603.20,1587.60,1596.20,0
1993-06-03,1595.60,1595.60,1568.60,1580.20,0
1993-06-04,1577.80,1580.80,1573.10,1573.40,0
1993-06-07,1568.50,1568.50,1553.00,1553.00,0
1993-06-08,1554.60,1580.70,1554.60,1579.60,0
1993-06-09,1580.80,1593.30,1580.50,1589.50,0
1993-06-10,1590.80,1590.80,1569.80,1569.90,0
1993-06-11,1570.20,1570.20,1560.50,1563.60,0
1993-06-14,1563.80,1565.80,1559.80,1565.40,0
1993-06-15,1567.50,1574.10,1567.50,1573.70,0
1993-06-16,1593.90,1601.80,1590.80,1591.70,0
1993-06-17,1595.50,1619.30,1594.30,1619.30,0
1993-06-18,1632.10,1650.10,1632.10,1640.30,0
1993-06-21,1647.30,1657.10,1647.30,1652.40,0
1993-06-22,1655.20,1655.20,1641.50,1643.80,0
1993-06-23,1646.10,1653.40,1646.10,1649.40,0
1993-06-24,1653.50,1655.70,1646.90,1646.90,0
1993-06-25,1638.80,1649.40,1638.80,1649.40,0
1993-06-28,1651.10,1671.40,1651.10,1668.80,0
1993-06-29,1672.10,1685.50,1672.10,1685.50,0
1993-06-30,1701.10,1704.40,1666.30,1666.30,0
1993-07-01,1670.30,1670.30,1641.20,1662.40,0
1993-07-02,1671.80,1671.80,1661.90,1662.00,0
1993-07-05,1662.00,1662.00,1658.10,1660.40,0
1993-07-06,1660.40,1660.40,1647.20,1647.20,0
1993-07-07,1644.20,1653.80,1642.40,1653.50,0
1993-07-08,1657.60,1684.80,1657.60,1684.70,0
1993-07-09,1694.70,1708.80,1694.70,1703.50,0
1993-07-12,1710.70,1730.10,1710.70,1718.40,0
1993-07-13,1712.80,1729.40,1712.60,1727.70,0
1993-07-14,1730.90,1738.20,1727.40,1727.50,0
1993-07-15,1721.50,1723.40,1715.50,1717.80,0
1993-07-16,1719.80,1721.50,1717.30,1717.50,0
1993-07-19,1719.20,1719.30,1715.30,1717.10,0
1993-07-20,1720.10,1722.40,1704.80,1704.80,0
1993-07-21,1702.90,1702.90,1690.60,1691.50,0
1993-07-22,1694.50,1694.50,1679.80,1681.40,0
1993-07-23,1680.70,1741.80,1680.70,1739.60,0
1993-07-26,1745.70,1776.20,1745.70,1774.00,0
1993-07-27,1776.20,1776.40,1761.80,1765.90,0
1993-07-28,1771.10,1771.10,1749.60,1749.70,0
1993-07-29,1740.00,1767.00,1724.70,1762.60,0
1993-07-30,1765.20,1784.70,1765.20,1773.00,0
1993-08-02,1779.80,1793.40,1779.80,1787.20,0
1993-08-03,1790.80,1790.80,1771.80,1773.70,0
1993-08-04,1777.10,1800.50,1765.80,1800.50,0
1993-08-05,1804.70,1816.10,1799.30,1807.10,0
1993-08-06,1807.20,1807.60,1797.10,1805.40,0
1993-08-09,1805.90,1805.90,1798.20,1802.00,0
1993-08-10,1807.00,1807.00,1787.60,1789.20,0
1993-08-11,1782.10,1808.20,1778.20,1805.50,0
1993-08-12,1810.10,1810.10,1776.30,1776.30,0
1993-08-13,1778.90,1842.80,1778.90,1831.00,0
1993-08-16,1841.80,1845.20,1836.20,1841.70,0
1993-08-17,1842.60,1869.50,1842.60,1869.50,0
1993-08-18,1873.10,1881.60,1866.20,1868.20,0
1993-08-19,1868.80,1876.90,1868.80,1876.00,0
1993-08-20,1878.00,1895.70,1874.30,1895.70,0
1993-08-23,1909.40,1934.00,1904.70,1933.40,0
1993-08-24,1932.60,1938.40,1917.20,1920.40,0
1993-08-25,1931.00,1931.20,1912.50,1913.80,0
1993-08-26,1916.80,1933.40,1912.40,1933.40,0
1993-08-27,1941.40,1962.10,1939.80,1939.80,0
1993-08-30,1930.10,1931.50,1913.90,1914.10,0
1993-08-31,1908.90,1920.30,1901.60,1902.80,0
1993-09-01,1905.60,1918.60,1905.60,1916.70,0
1993-09-02,1916.70,1937.70,1916.70,1932.80,0
1993-09-03,1935.00,1936.70,1930.50,1932.20,0
1993-09-06,1933.30,1933.30,1927.20,1929.60,0
1993-09-07,1930.00,1953.10,1930.00,1949.30,0
1993-09-08,1949.50,1949.50,1933.70,1937.80,0
1993-09-09,1943.50,1943.50,1919.20,1934.60,0
1993-09-10,1936.40,1936.40,1924.50,1926.50,0
1993-09-13,1922.90,1922.90,1888.10,1889.40,0
1993-09-14,1892.70,1903.30,1856.30,1858.30,0
1993-09-15,1864.90,1864.90,1841.50,1847.00,0
1993-09-17,1848.30,1848.30,1824.50,1827.80,0
1993-09-20,1829.10,1830.20,1801.30,1801.50,0
1993-09-21,1801.00,1818.30,1773.70,1773.80,0
1993-09-22,1775.20,1796.30,1775.20,1796.30,0
1993-09-23,1802.40,1829.60,1802.40,1827.50,0
1993-09-24,1837.40,1860.90,1837.40,1842.80,0
1993-09-27,1841.30,1841.40,1835.20,1839.70,0
1993-09-28,1834.00,1846.20,1831.50,1845.90,0
1993-09-29,1846.60,1856.20,1843.90,1855.30,0
1993-09-30,1860.10,1860.40,1834.10,1834.40,0
1993-10-01,1839.20,1839.20,1826.20,1826.40,0
1993-10-04,1834.00,1846.30,1834.00,1844.30,0
1993-10-05,1848.20,1848.60,1843.30,1848.20,0
1993-10-06,1848.90,1852.60,1844.70,1849.10,0
1993-10-07,1852.20,1853.00,1845.20,1849.90,0
1993-10-08,1850.10,1861.20,1850.10,1861.20,0
1993-10-11,1865.50,1902.70,1865.20,1902.70,0
1993-10-13,1905.60,1947.80,1905.60,1942.10,0
1993-10-14,1944.00,1954.60,1934.90,1952.60,0
1993-10-15,1950.80,1970.00,1950.80,1967.90,0
1993-10-18,1972.30,1988.10,1971.10,1986.60,0
1993-10-19,1991.60,1991.60,1959.40,1959.50,0
1993-10-20,1960.60,1981.50,1959.20,1977.40,0
1993-10-21,1983.00,2005.20,1983.00,2005.20,0
1993-10-22,2011.40,2031.40,2011.40,2013.50,0
1993-10-25,2027.20,2027.20,2005.30,2005.30,0
1993-10-26,2004.60,2035.00,1999.60,2031.20,0
1993-10-27,2029.10,2039.10,1999.70,2010.40,0
1993-10-28,2010.40,2010.40,1977.60,1979.70,0
1993-10-29,1978.00,2016.40,1978.00,2016.40,0
1993-11-01,2020.30,2020.30,2020.30,2020.30,0
1993-11-03,2020.30,2033.60,1998.80,2000.40,0
1993-11-04,2000.10,2012.10,1987.50,2012.00,0
1993-11-05,2012.00,2012.00,1950.40,1968.10,0
1993-11-08,1968.10,1968.50,1926.60,1928.40,0
1993-11-09,1927.90,1953.30,1927.90,1953.10,0
1993-11-10,1953.80,2041.10,1953.60,2036.10,0
1993-11-11,2035.30,2100.30,2035.30,2056.30,0
1993-11-12,2056.40,2109.20,2056.40,2109.20,0
1993-11-15,2108.40,2131.30,2108.40,2123.00,0
1993-11-16,2123.30,2170.80,2123.30,2156.30,0
1993-11-17,2159.40,2177.30,2129.40,2148.40,0
1993-11-18,2148.50,2174.50,2145.60,2165.80,0
1993-11-19,2166.00,2185.70,2143.90,2185.70,0
1993-11-22,2185.70,2188.90,2181.30,2182.80,0
1993-11-23,2182.90,2184.80,2168.20,2168.20,0
1993-11-24,2156.10,2164.10,2148.40,2164.10,0
1993-11-25,2164.10,2231.80,2163.90,2230.80,0
1993-11-26,2231.10,2260.50,2231.10,2259.00,0
1993-11-29,2261.20,2272.40,2223.30,2225.20,0
1993-11-30,2243.10,2243.10,2206.40,2212.80,0
1993-12-01,2215.70,2231.50,2215.70,2231.50,0
1993-12-02,2231.50,2272.60,2230.60,2270.70,0
1993-12-03,2270.80,2324.90,2270.70,2323.90,0
1993-12-06,2324.10,2390.70,2324.10,2383.00,0
1993-12-07,2386.10,2386.30,2361.70,2383.20,0
1993-12-08,2384.10,2433.20,2384.00,2433.20,0
1993-12-09,2433.30,2445.00,2394.10,2398.10,0
1993-12-10,2398.10,2411.60,2391.50,2409.40,0
1993-12-13,2409.40,2419.50,2409.00,2411.10,0
1993-12-14,2411.60,2411.60,2352.70,2366.60,0
1993-12-15,2366.60,2390.90,2354.60,2389.90,0
1993-12-16,2389.90,2426.20,2389.50,2422.90,0
1993-12-17,2422.90,2454.00,2422.70,2454.00,0
1993-12-20,2454.60,2491.00,2454.20,2491.00,0
1993-12-21,2491.00,2510.80,2478.30,2479.70,0
1993-12-22,2479.70,2506.00,2479.70,2505.60,0
1993-12-23,2505.60,2565.10,2505.60,2561.80,0
1993-12-24,2561.80,2562.50,2552.20,2562.50,0
1993-12-27,2567.10,2593.50,2567.10,2593.20,0
1993-12-28,2593.60,2597.70,2568.90,2574.70,0
1993-12-29,2574.70,2596.90,2571.80,2596.70,0
1993-12-30,2599.90,2610.40,2599.40,2603.00,0
1994-01-03,2602.60,2602.60,2499.30,2502.20,0
1994-01-04,2502.20,2552.60,2444.70,2550.30,0
1994-01-05,2558.90,2670.20,2558.90,2658.60,0
1994-01-06,2657.30,2693.00,2654.70,2684.40,0
1994-01-07,2684.20,2684.20,2637.30,2637.40,0
1994-01-10,2625.00,2625.00,2453.20,2457.80,0
1994-01-11,2459.10,2582.90,2459.10,2554.60,0
1994-01-12,2554.60,2582.80,2538.60,2566.20,0
1994-01-13,2565.30,2565.60,2529.10,2535.50,0
1994-01-14,2535.60,2536.50,2480.50,2485.40,0
1994-01-17,2486.70,2506.40,2486.70,2506.20,0
1994-01-18,2506.30,2557.90,2506.20,2556.80,0
1994-01-19,2556.60,2628.20,2556.60,2601.50,0
1994-01-20,2601.50,2657.00,2601.00,2656.80,0
1994-01-21,2656.10,2696.70,2656.10,2683.10,0
1994-01-24,2683.20,2693.70,2665.50,2693.70,0
1994-01-25,2693.70,2693.70,2647.00,2660.40,0
1994-01-26,2659.90,2659.90,2638.30,2659.30,0
1994-01-27,2659.30,2712.40,2659.30,2712.40,0
1994-01-28,2712.90,2752.50,2712.90,2743.30,0
1994-01-31,2743.20,2790.90,2743.20,2783.30,0
1994-02-01,2781.10,2810.50,2767.70,2787.20,0
1994-02-02,2787.30,2788.00,2770.10,2784.90,0
1994-02-03,2784.90,2818.60,2782.40,2816.50,0
1994-02-04,2822.50,2847.80,2804.20,2826.00,0
1994-02-07,2822.60,2824.80,2776.30,2824.60,0
1994-02-08,2824.40,2881.90,2824.40,2881.90,0
1994-02-09,2881.20,2895.90,2837.70,2858.90,0
1994-02-10,2859.60,2860.00,2814.00,2814.00,0
1994-02-11,2818.40,2826.30,2795.10,2797.60,0
1994-02-14,2802.10,2805.60,2772.50,2778.30,0
1994-02-15,2778.80,2778.80,2758.90,2759.70,0
1994-02-16,2760.60,2786.70,2760.60,2780.50,0
1994-02-17,2780.20,2788.00,2771.10,2775.20,0
1994-02-18,2775.50,2776.00,2691.00,2708.90,0
1994-02-21,2709.20,2709.20,2676.00,2684.10,0
1994-02-22,2684.10,2684.90,2633.80,2635.10,0
1994-02-23,2635.10,2643.20,2550.20,2572.40,0
1994-02-24,2572.40,2617.10,2495.60,2588.60,0
1994-02-25,2592.30,2617.10,2495.60,2588.60,0
1994-02-28,2596.40,2612.10,2581.60,2585.40,0
1994-03-01,2585.40,2585.80,2498.90,2514.20,0
1994-03-02,2514.20,2562.90,2470.60,2562.70,0
1994-03-03,2561.40,2592.10,2555.00,2561.90,0
1994-03-04,2561.90,2570.80,2550.10,2569.50,0
1994-03-07,2569.50,2602.10,2569.50,2601.90,0
1994-03-08,2617.90,2618.70,2571.30,2571.40,0
1994-03-09,2571.40,2571.40,2513.50,2533.10,0
1994-03-10,2533.10,2536.70,2498.00,2506.10,0
1994-03-11,2506.10,2514.70,2482.50,2510.90,0
1994-03-14,2510.90,2512.20,2429.90,2429.90,0
1994-03-15,2429.90,2429.90,2362.00,2362.00,0
1994-03-16,2362.00,2426.50,2358.40,2382.20,0
1994-03-17,2382.20,2402.60,2381.90,2396.70,0
1994-03-18,2396.70,2396.70,2376.10,2383.00,0
1994-03-22,2383.00,2511.90,2368.10,2511.90,0
1994-03-23,2511.90,2560.30,2511.90,2543.10,0
1994-03-25,2542.90,2542.90,2436.40,2520.90,0
1994-03-28,2509.60,2510.90,2440.50,2446.20,0
1994-03-29,2446.20,2486.40,2417.40,2457.60,0
1994-03-30,2457.60,2457.60,2392.20,2410.40,0
1994-04-04,2400.40,2400.40,2288.10,2288.10,0
1994-04-05,2265.50,2294.50,2229.40,2231.10,0
1994-04-06,2234.20,2256.20,2201.00,2255.70,0
1994-04-07,2260.20,2279.30,2257.70,2267.30,0
1994-04-08,2273.30,2273.30,2218.40,2222.80,0
1994-04-11,2229.30,2229.40,2201.40,2201.60,0
1994-04-12,2208.50,2215.50,2175.80,2215.40,0
1994-04-13,2243.20,2243.20,2196.30,2196.30,0
1994-04-14,2196.20,2197.70,2187.70,2197.70,0
1994-04-15,2206.50,2216.90,2193.00,2195.90,0
1994-04-18,2198.60,2198.60,2136.70,2136.90,0
1994-04-19,2137.60,2137.60,2069.30,2070.60,0
1994-04-20,2064.80,2064.90,1959.10,1961.10,0
1994-04-21,1957.30,2058.80,1935.00,2058.50,0
1994-04-22,2075.30,2174.10,2062.80,2174.00,0
1994-04-25,2209.30,2289.70,2201.00,2224.20,0
1994-04-26,2191.10,2266.80,2191.10,2266.80,0
1994-04-27,2284.10,2363.90,2284.10,2337.90,0
1994-04-28,2332.80,2332.80,2297.00,2311.30,0
1994-04-29,2321.20,2324.50,2295.50,2295.50,0
1994-05-02,2294.10,2294.10,2224.40,2224.40,0
1994-05-03,2230.70,2230.70,2194.00,2227.70,0
1994-05-04,2239.20,2239.20,2225.60,2236.20,0
1994-05-06,2239.70,2239.70,2171.10,2173.60,0
1994-05-09,2176.70,2176.70,2146.10,2146.20,0
1994-05-10,2147.60,2216.10,2147.60,2215.20,0
1994-05-11,2215.60,2230.50,2188.20,2188.20,0
1994-05-12,2179.60,2225.40,2179.60,2222.20,0
1994-05-13,2235.70,2239.30,2232.20,2237.80,0
1994-05-16,2240.20,2257.30,2240.20,2241.50,0
1994-05-17,2239.80,2278.50,2239.80,2276.90,0
1994-05-18,2288.60,2361.80,2288.10,2361.80,0
1994-05-19,2375.20,2416.00,2375.20,2402.60,0
1994-05-20,2404.90,2428.90,2397.80,2413.40,0
1994-05-23,2417.30,2444.40,2417.30,2430.30,0
1994-05-24,2431.40,2460.50,2431.40,2454.10,0
1994-05-25,2468.50,2479.10,2451.40,2474.20,0
1994-05-26,2472.20,2472.50,2442.10,2446.10,0
1994-05-27,2455.50,2483.80,2445.70,2483.70,0
1994-05-30,2485.10,2486.30,2478.10,2478.60,0
1994-05-31,2485.40,2498.70,2477.30,2477.70,0
1994-06-01,2483.70,2483.70,2443.40,2443.40,0
1994-06-02,2439.00,2446.60,2406.00,2441.30,0
1994-06-03,2446.10,2471.30,2445.80,2462.70,0
1994-06-06,2473.80,2493.10,2473.80,2490.70,0
1994-06-07,2494.80,2497.40,2458.00,2459.70,0
1994-06-08,2456.90,2456.90,2395.00,2398.20,0
1994-06-09,2410.00,2410.00,2373.30,2401.90,0
1994-06-10,2413.40,2418.90,2387.10,2387.10,0
1994-06-13,2385.30,2385.30,2294.90,2294.90,0
1994-06-14,2291.10,2302.70,2281.20,2293.00,0
1994-06-15,2304.70,2311.70,2298.80,2298.80,0
1994-06-16,2295.60,2310.50,2293.60,2310.50,0
1994-06-17,2326.80,2326.80,2303.20,2309.20,0
1994-06-20,2310.50,2310.50,2279.40,2281.80,0
1994-06-21,2283.60,2283.70,2248.60,2253.30,0
1994-06-22,2257.70,2276.80,2253.20,2257.60,0
1994-06-23,2257.60,2258.20,2237.20,2238.90,0
1994-06-24,2242.90,2242.90,2223.60,2231.10,0
1994-06-27,2187.30,2232.70,2187.30,2232.00,0
1994-06-28,2239.20,2239.20,2218.40,2227.30,0
1994-06-29,2232.70,2273.50,2232.70,2265.00,0
1994-06-30,2263.40,2263.60,2258.10,2258.20,0
1994-07-01,2262.60,2263.60,2244.40,2256.00,0
1994-07-04,2262.70,2263.50,2261.40,2262.60,0
1994-07-05,2267.50,2270.50,2265.80,2269.30,0
1994-07-06,2276.10,2291.30,2268.10,2291.30,0
1994-07-07,2310.00,2357.30,2310.00,2334.60,0
1994-07-08,2334.40,2334.60,2313.80,2315.60,0
1994-07-11,2314.80,2314.80,2284.10,2292.20,0
1994-07-12,2292.00,2292.00,2282.00,2290.20,0
1994-07-13,2288.30,2288.30,2265.30,2266.50,0
1994-07-14,2265.00,2287.20,2265.00,2277.20,0
1994-07-15,2282.60,2285.60,2281.30,2281.30,0
1994-07-18,2281.20,2281.50,2272.30,2274.30,0
1994-07-19,2274.30,2274.90,2256.30,2256.30,0
1994-07-20,2254.10,2254.10,2215.20,2215.40,0
1994-07-21,2211.00,2219.20,2193.90,2218.70,0
1994-07-22,2232.80,2281.30,2232.60,2281.20,0
1994-07-25,2300.70,2316.60,2298.10,2312.90,0
1994-07-26,2313.90,2391.20,2313.90,2390.20,0
1994-07-27,2393.40,2430.40,2393.40,2429.00,0
1994-07-28,2433.20,2441.00,2412.60,2415.00,0
1994-07-29,2429.20,2487.50,2429.20,2461.00,0
1994-08-01,2462.30,2470.70,2451.80,2461.50,0
1994-08-02,2473.50,2533.50,2473.50,2532.60,0
1994-08-03,2538.50,2561.20,2534.30,2558.00,0
1994-08-04,2567.30,2583.60,2537.40,2571.80,0
1994-08-05,2573.80,2610.50,2556.50,2610.50,0
1994-08-08,2643.00,2715.50,2611.50,2611.50,0
1994-08-09,2603.90,2629.60,2583.00,2591.90,0
1994-08-10,2595.00,2602.90,2578.40,2578.40,0
1994-08-11,2574.70,2574.70,2554.30,2567.70,0
1994-08-12,2596.90,2646.60,2596.90,2638.40,0
1994-08-15,2637.80,2664.90,2637.70,2653.90,0
1994-08-16,2651.50,2673.30,2650.50,2668.90,0
1994-08-17,2694.60,2732.50,2694.60,2701.40,0
1994-08-18,2699.70,2708.60,2681.80,2696.80,0
1994-08-19,2698.20,2710.10,2693.30,2709.90,0
1994-08-22,2708.20,2779.40,2708.20,2767.10,0
1994-08-23,2759.00,2800.90,2757.90,2774.00,0
1994-08-24,2755.50,2794.70,2725.80,2794.40,0
1994-08-25,2798.20,2821.40,2780.50,2782.40,0
1994-08-26,2776.20,2779.10,2747.20,2767.90,0
1994-08-29,2772.20,2773.30,2743.20,2746.00,0
1994-08-30,2746.00,2746.00,2715.50,2743.20,0
1994-08-31,2731.60,2732.80,2707.50,2710.00,0
1994-09-01,2702.70,2735.50,2700.20,2700.20,0
1994-09-02,2692.30,2694.90,2668.40,2670.20,0
1994-09-05,2674.80,2674.80,2662.60,2665.90,0
1994-09-06,2666.00,2696.30,2642.70,2696.30,0
1994-09-07,2704.10,2751.60,2704.10,2742.10,0
1994-09-08,2738.90,2760.40,2738.90,2753.80,0
1994-09-09,2762.20,2762.20,2747.90,2750.90,0
1994-09-12,2755.40,2755.40,2710.60,2710.60,0
1994-09-13,2708.80,2725.30,2704.70,2708.20,0
1994-09-14,2713.30,2747.20,2709.70,2746.70,0
1994-09-15,2743.20,2792.30,2743.20,2790.90,0
1994-09-19,2804.60,2804.80,2784.30,2804.70,0
1994-09-20,2803.60,2827.30,2797.60,2826.60,0
1994-09-21,2810.10,2811.80,2787.30,2787.70,0
1994-09-22,2794.80,2819.90,2792.30,2819.90,0
1994-09-23,2828.50,2863.40,2828.50,2851.30,0
1994-09-26,2857.50,2864.80,2833.10,2835.20,0
1994-09-27,2840.10,2840.10,2814.90,2816.60,0
1994-09-28,2818.40,2822.20,2730.10,2768.70,0
1994-09-29,2764.80,2764.80,2711.80,2714.40,0
1994-09-30,2717.50,2746.60,2717.50,2746.10,0
1994-10-03,2746.10,2746.10,2668.80,2676.40,0
1994-10-04,2686.00,2696.70,2667.20,2669.80,0
1994-10-05,2670.00,2670.00,2591.00,2629.80,0
1994-10-06,2641.40,2657.90,2631.90,2637.70,0
1994-10-07,2636.90,2677.20,2636.90,2674.60,0
1994-10-10,2649.70,2649.70,2618.10,2621.40,0
1994-10-11,2621.60,2662.10,2618.90,2661.30,0
1994-10-12,2665.60,2733.90,2665.60,2733.90,0
1994-10-13,2740.80,2772.40,2740.80,2760.30,0
1994-10-14,2759.60,2776.20,2743.00,2776.00,0
1994-10-17,2777.70,2785.00,2754.80,2756.60,0
1994-10-18,2756.00,2756.00,2719.10,2726.70,0
1994-10-19,2725.10,2753.50,2724.70,2749.40,0
1994-10-20,2750.10,2750.10,2731.10,2731.40,0
1994-10-21,2743.20,2743.20,2699.90,2700.10,0
1994-10-24,2686.90,2686.90,2620.90,2621.80,0
1994-10-25,2633.60,2633.60,2507.70,2558.50,0
1994-10-26,2578.40,2578.40,2543.80,2564.70,0
1994-10-27,2580.00,2621.10,2580.00,2601.30,0
1994-10-28,2592.30,2596.60,2560.30,2564.30,0
1994-10-31,2571.50,2575.40,2543.40,2552.10,0
1994-11-03,2537.80,2562.60,2537.80,2543.10,0
1994-11-04,2543.10,2581.60,2543.10,2581.60,0
1994-11-07,2581.60,2589.70,2580.60,2588.40,0
1994-11-08,2588.40,2616.00,2585.80,2611.90,0
1994-11-09,2611.90,2632.10,2611.80,2618.90,0
1994-11-10,2618.90,2618.90,2492.30,2492.30,0
1994-11-11,2492.30,2531.80,2492.30,2527.00,0
1994-11-14,2527.00,2540.40,2484.90,2486.60,0
1994-11-15,2486.60,2486.60,2450.00,2459.20,0
1994-11-16,2459.20,2510.40,2459.20,2510.40,0
1994-11-17,2510.40,2510.60,2459.50,2465.20,0
1994-11-18,2465.20,2465.40,2422.80,2429.10,0
1994-11-21,2429.10,2429.10,2394.80,2428.20,0
1994-11-22,2428.20,2474.90,2413.30,2451.10,0
1994-11-23,2451.20,2451.20,2371.10,2416.70,0
1994-11-24,2416.70,2439.00,2414.90,2439.00,0
1994-11-25,2439.00,2480.40,2439.00,2480.20,0
1994-11-28,2485.20,2562.80,2484.60,2562.80,0
1994-11-29,2562.80,2608.30,2562.80,2596.20,0
1994-11-30,2596.20,2622.60,2570.30,2591.30,0
1994-12-02,2591.30,2591.30,2522.40,2537.50,0
1994-12-05,2537.50,2547.40,2510.50,2521.40,0
1994-12-06,2521.40,2521.70,2507.40,2514.40,0
1994-12-07,2514.40,2532.00,2514.10,2520.90,0
1994-12-08,2520.90,2528.00,2495.00,2499.90,0
1994-12-09,2499.90,2499.90,2459.30,2467.80,0
1994-12-13,2467.80,2486.10,2399.70,2408.00,0
1994-12-14,2408.00,2437.30,2389.00,2401.60,0
1994-12-15,2401.60,2401.60,2361.40,2378.70,0
1994-12-16,2377.50,2377.50,2319.60,2327.60,0
1994-12-19,2327.60,2327.60,2248.20,2254.80,0
1994-12-20,2231.10,2231.10,2231.10,2231.10,0
1994-12-21,2274.20,2274.20,2021.00,2151.40,0
1994-12-22,2203.70,2329.30,2151.20,2328.10,0
1994-12-23,2306.30,2386.30,2290.10,2331.00,0
1994-12-27,2342.80,2364.60,2272.40,2276.90,0
1994-12-28,2276.90,2337.70,2265.40,2337.70,0
1994-12-29,2337.70,2421.30,2337.70,2411.30,0
1994-12-30,2411.10,2411.10,2359.90,2373.00,0
1995-01-03,2354.20,2378.10,2317.40,2319.50,0
1995-01-04,2278.50,2278.50,2145.20,2241.00,0
1995-01-05,2269.90,2296.50,2255.60,2276.80,0
1995-01-06,2273.10,2276.70,2245.50,2270.20,0
1995-01-09,2252.60,2252.70,2112.80,2112.80,0
1995-01-10,2104.10,2104.10,1866.60,1960.90,0
1995-01-11,1972.30,2026.00,1840.40,2026.00,0
1995-01-12,2027.90,2131.70,2025.70,2107.50,0
1995-01-13,2118.80,2224.00,2118.80,2222.40,0
1995-01-16,2217.30,2255.00,2173.10,2242.10,0
1995-01-17,2243.00,2265.90,2213.40,2213.80,0
1995-01-18,2210.80,2210.80,2149.40,2160.80,0
1995-01-19,2156.10,2156.10,2062.90,2062.90,0
1995-01-20,2051.90,2054.00,1994.10,2052.70,0
1995-01-23,2065.90,2065.90,2005.50,2058.90,0
1995-01-24,2068.50,2134.90,2065.90,2094.50,0
1995-01-25,2096.10,2108.20,2062.40,2065.90,0
1995-01-26,2056.60,2060.10,2033.80,2035.50,0
1995-01-27,2018.60,2023.40,1951.50,1952.00,0
1995-01-30,1957.70,1957.70,1885.50,1900.30,0
1995-01-31,1898.90,2071.00,1898.90,2067.60,0
1995-02-01,2094.00,2111.60,1995.80,2002.60,0
1995-02-02,1998.70,1998.70,1943.30,1943.30,0
1995-02-03,1943.90,1964.40,1907.80,1963.70,0
1995-02-06,1957.20,1960.60,1926.50,1959.20,0
1995-02-07,1964.00,1993.50,1963.70,1973.70,0
1995-02-08,1962.30,1974.70,1954.90,1961.50,0
1995-02-09,1960.70,1960.70,1930.70,1932.00,0
1995-02-10,1933.50,1974.00,1933.50,1965.10,0
1995-02-13,1968.30,1968.30,1927.50,1927.70,0
1995-02-14,1930.20,1947.60,1916.40,1916.50,0
1995-02-15,1918.60,1918.60,1798.30,1798.90,0
1995-02-16,1798.00,1798.10,1734.70,1790.80,0
1995-02-17,1831.50,1848.90,1768.30,1815.00,0
1995-02-20,1830.50,1830.50,1762.00,1768.40,0
1995-02-21,1766.10,1771.80,1656.00,1656.50,0
1995-02-22,1679.20,1724.60,1637.00,1718.50,0
1995-02-23,1708.30,1717.40,1613.00,1615.40,0
1995-02-24,1611.70,1614.70,1554.80,1573.00,0
1995-02-27,1553.90,1553.90,1458.60,1458.70,0
1995-02-28,1447.50,1533.20,1447.50,1533.20,0
1995-03-01,1549.90,1583.10,1492.00,1494.60,0
1995-03-02,1518.00,1520.80,1478.10,1502.10,0
1995-03-03,1517.10,1517.10,1483.50,1509.70,0
1995-03-06,1519.50,1559.70,1506.00,1525.90,0
1995-03-07,1522.70,1537.30,1515.20,1522.50,0
1995-03-08,1524.20,1530.90,1507.10,1507.10,0
1995-03-09,1498.50,1515.50,1496.50,1506.50,0
1995-03-10,1540.50,1606.60,1521.40,1603.30,0
1995-03-13,1601.40,1601.50,1561.30,1580.10,0
1995-03-14,1586.00,1622.30,1586.00,1618.40,0
1995-03-15,1591.10,1632.00,1585.50,1604.50,0
1995-03-16,1611.70,1617.40,1578.00,1582.70,0
1995-03-17,1589.60,1603.50,1582.00,1594.20,0
1995-03-20,1604.20,1605.20,1582.10,1588.40,0
1995-03-22,1581.20,1608.50,1581.20,1586.70,0
1995-03-23,1591.20,1615.60,1591.10,1612.70,0
1995-03-24,1615.70,1728.80,1615.70,1714.80,0
1995-03-27,1723.00,1829.00,1723.00,1818.00,0
1995-03-28,1822.50,1851.40,1813.10,1832.60,0
1995-03-29,1832.70,1832.90,1809.90,1810.30,0
1995-03-30,1810.90,1832.00,1810.90,1827.70,0
1995-03-31,1823.90,1831.20,1793.20,1826.40,0
1995-04-03,1832.80,1896.40,1829.30,1895.20,0
1995-04-04,1923.20,1984.10,1923.20,1940.60,0
1995-04-05,1906.00,1957.40,1899.50,1903.40,0
1995-04-06,1919.10,1929.50,1900.80,1907.20,0
1995-04-07,1914.80,1945.70,1913.50,1944.70,0
1995-04-10,1952.20,1952.60,1895.80,1897.30,0
1995-04-11,1895.30,1895.40,1858.50,1867.30,0
1995-04-12,1865.00,1865.00,1817.90,1828.70,0
1995-04-17,1830.00,1846.50,1828.50,1834.60,0
1995-04-18,1827.80,1829.90,1785.30,1787.10,0
1995-04-19,1791.90,1802.30,1788.20,1789.30,0
1995-04-20,1792.80,1826.40,1772.00,1822.80,0
1995-04-21,1830.50,1921.20,1830.50,1915.90,0
1995-04-24,1919.40,2017.20,1919.40,2017.20,0
1995-04-25,2017.20,2055.20,2000.50,2004.30,0
1995-04-26,2001.20,2034.30,2000.80,2014.20,0
1995-04-27,2007.00,2024.60,1971.00,1986.00,0
1995-04-28,1985.60,1985.60,1956.30,1969.50,0
1995-05-02,1960.50,1976.60,1947.40,1976.50,0
1995-05-03,1985.00,2039.70,1985.00,2020.30,0
1995-05-04,2019.60,2024.60,2004.40,2006.40,0
1995-05-08,2005.80,2028.80,1998.20,2014.90,0
1995-05-09,2011.40,2041.00,2011.40,2038.90,0
1995-05-10,2043.10,2053.10,2026.30,2026.30,0
1995-05-11,2024.40,2024.40,2000.70,2003.70,0
1995-05-12,2008.10,2028.00,2004.80,2026.10,0
1995-05-15,2027.60,2046.90,2027.60,2045.90,0
1995-05-16,2048.20,2083.00,2048.00,2070.80,0
1995-05-17,2071.20,2089.30,2071.20,2077.20,0
1995-05-18,2064.80,2065.60,2009.70,2011.70,0
1995-05-19,2014.80,2014.80,1974.00,2012.30,0
1995-05-22,2012.30,2077.60,2012.30,2075.60,0
1995-05-23,2090.90,2116.40,2080.20,2091.20,0
1995-05-24,2096.90,2098.60,2046.30,2046.30,0
1995-05-25,2044.80,2044.80,1990.40,2002.20,0
1995-05-26,2000.10,2000.10,1940.60,1955.60,0
1995-05-29,1959.50,1972.70,1959.50,1969.00,0
1995-05-30,1969.70,1973.50,1929.00,1944.00,0
1995-05-31,1938.50,1954.00,1922.80,1934.50,0
1995-06-01,1945.10,1999.70,1937.90,1999.70,0
1995-06-02,2011.80,2049.10,2010.50,2032.50,0
1995-06-05,2033.40,2037.40,2025.90,2026.70,0
1995-06-06,2023.90,2023.90,1995.90,2001.10,0
1995-06-07,2001.00,2006.60,1986.40,1988.00,0
1995-06-08,1989.80,1992.90,1981.20,1981.20,0
1995-06-09,1980.30,1980.30,1955.50,1956.60,0
1995-06-12,1958.80,1973.20,1958.80,1968.00,0
1995-06-13,1975.70,2003.80,1975.70,1985.60,0
1995-06-14,1983.40,1985.00,1967.20,1982.20,0
1995-06-15,1985.90,2000.80,1984.60,1994.60,0
1995-06-16,1996.20,2040.10,1994.80,2035.70,0
1995-06-19,2041.90,2047.50,2018.20,2022.40,0
1995-06-20,2022.40,2030.00,2002.60,2004.60,0
1995-06-21,2002.30,2015.80,1986.70,2015.00,0
1995-06-22,2018.60,2057.40,2018.60,2046.90,0
1995-06-23,2047.70,2074.30,2046.90,2053.40,0
1995-06-26,2053.20,2073.70,2051.00,2072.50,0
1995-06-27,2086.30,2123.50,2086.20,2108.70,0
1995-06-28,2113.10,2165.00,2113.10,2165.00,0
1995-06-29,2173.70,2205.70,2167.00,2192.50,0
1995-06-30,2187.20,2199.30,2183.60,2195.90,0
1995-07-03,2196.10,2200.10,2188.20,2189.70,0
1995-07-04,2194.40,2194.60,2176.90,2176.90,0
1995-07-05,2184.50,2290.60,2184.50,2290.60,0
1995-07-06,2306.30,2403.80,2306.30,2399.30,0
1995-07-07,2403.00,2467.30,2389.30,2438.50,0
1995-07-10,2457.20,2548.80,2457.20,2544.80,0
1995-07-11,2554.30,2554.30,2472.70,2473.90,0
1995-07-12,2503.00,2527.50,2477.50,2524.80,0
1995-07-13,2526.00,2591.60,2526.00,2586.60,0
1995-07-14,2574.80,2592.40,2529.10,2538.50,0
1995-07-17,2531.50,2558.40,2520.90,2520.90,0
1995-07-18,2516.70,2516.70,2437.20,2483.40,0
1995-07-19,2479.60,2479.60,2369.70,2429.60,0
1995-07-20,2436.50,2440.40,2401.30,2431.70,0
1995-07-21,2461.60,2511.10,2461.60,2480.10,0
1995-07-24,2470.10,2506.70,2470.10,2480.00,0
1995-07-25,2485.30,2487.30,2451.60,2456.90,0
1995-07-26,2455.30,2456.70,2390.70,2390.70,0
1995-07-27,2379.20,2412.50,2360.40,2394.90,0
1995-07-28,2398.80,2413.00,2398.20,2400.90,0
1995-07-31,2404.80,2412.70,2367.80,2369.10,0
1995-08-01,2375.20,2378.30,2354.60,2378.30,0
1995-08-02,2379.50,2469.20,2379.50,2440.60,0
1995-08-03,2440.40,2493.90,2428.40,2492.20,0
1995-08-04,2500.50,2549.00,2500.50,2542.60,0
1995-08-07,2541.50,2588.10,2541.50,2568.80,0
1995-08-08,2565.40,2565.80,2530.60,2534.80,0
1995-08-09,2538.30,2563.30,2527.00,2548.30,0
1995-08-10,2550.70,2583.40,2550.40,2571.10,0
1995-08-11,2570.50,2572.10,2526.00,2526.60,0
1995-08-14,2532.70,2532.70,2504.30,2516.70,0
1995-08-15,2521.80,2526.60,2509.70,2523.40,0
1995-08-16,2522.60,2522.60,2487.00,2500.90,0
1995-08-17,2502.60,2502.60,2474.70,2491.90,0
1995-08-18,2485.40,2492.00,2474.30,2481.60,0
1995-08-21,2487.00,2497.70,2484.70,2484.70,0
1995-08-22,2485.10,2488.50,2480.80,2487.60,0
1995-08-23,2489.50,2511.20,2471.70,2471.70,0
1995-08-24,2443.20,2451.10,2421.80,2432.60,0
1995-08-25,2447.00,2462.10,2447.00,2456.60,0
1995-08-28,2462.90,2487.20,2462.90,2484.30,0
1995-08-29,2493.50,2497.10,2477.00,2486.60,0
1995-08-30,2489.30,2489.60,2475.20,2477.80,0
1995-08-31,2480.10,2505.60,2476.40,2505.20,0
1995-09-04,2517.00,2570.20,2516.80,2570.20,0
1995-09-05,2590.00,2608.50,2583.60,2598.50,0
1995-09-06,2598.30,2598.30,2571.60,2596.40,0
1995-09-07,2601.10,2631.30,2601.10,2607.90,0
1995-09-08,2610.60,2625.00,2610.60,2618.50,0
1995-09-11,2622.20,2629.10,2611.10,2611.10,0
1995-09-12,2603.80,2604.80,2571.30,2583.20,0
1995-09-13,2584.70,2584.70,2563.50,2566.50,0
1995-09-14,2578.80,2586.90,2577.60,2580.10,0
1995-09-15,2583.20,2583.20,2564.80,2566.40,0
1995-09-18,2566.10,2566.10,2535.70,2539.00,0
1995-09-19,2541.90,2563.80,2541.40,2561.10,0
1995-09-20,2561.10,2569.30,2545.70,2552.10,0
1995-09-21,2555.70,2558.00,2541.10,2545.20,0
1995-09-22,2557.00,2557.00,2502.40,2513.70,0
1995-09-25,2514.90,2514.90,2452.20,2457.10,0
1995-09-26,2455.90,2457.30,2401.40,2412.00,0
1995-09-27,2412.00,2412.00,2300.00,2319.80,0
1995-09-28,2342.60,2381.90,2313.70,2377.20,0
1995-09-29,2381.50,2405.90,2376.80,2392.30,0
1995-10-02,2392.30,2392.30,2263.50,2292.00,0
1995-10-03,2291.90,2292.50,2213.80,2275.20,0
1995-10-04,2277.10,2277.10,2228.60,2267.10,0
1995-10-05,2267.10,2355.60,2261.10,2347.70,0
1995-10-06,2347.70,2410.50,2347.70,2410.30,0
1995-10-09,2409.20,2409.20,2341.00,2341.00,0
1995-10-10,2315.80,2336.10,2265.80,2336.10,0
1995-10-11,2337.80,2367.80,2337.80,2357.20,0
1995-10-12,2362.30,2395.20,2326.00,2326.90,0
1995-10-13,2335.80,2338.20,2280.30,2291.60,0
1995-10-16,2310.60,2349.30,2305.60,2331.90,0
1995-10-17,2325.30,2331.00,2285.30,2302.00,0
1995-10-18,2305.20,2339.30,2287.50,2328.50,0
1995-10-19,2332.40,2362.30,2332.40,2352.40,0
1995-10-20,2351.60,2358.90,2333.50,2333.50,0
1995-10-23,2327.50,2327.70,2291.60,2291.60,0
1995-10-24,2285.40,2298.80,2283.80,2293.60,0
1995-10-25,2294.00,2305.60,2202.90,2202.90,0
1995-10-26,2205.90,2215.80,2120.40,2171.00,0
1995-10-27,2186.20,2246.50,2165.10,2244.50,0
1995-10-30,2245.90,2353.90,2245.90,2353.80,0
1995-10-31,2348.60,2358.00,2307.70,2308.10,0
1995-11-01,2302.00,2309.10,2265.50,2299.20,0
1995-11-03,2306.00,2313.40,2289.70,2300.00,0
1995-11-06,2310.80,2311.30,2272.20,2282.40,0
1995-11-07,2275.30,2275.30,2252.50,2255.70,0
1995-11-08,2250.10,2251.10,2210.00,2219.20,0
1995-11-09,2232.40,2324.20,2232.40,2303.10,0
1995-11-10,2311.30,2327.50,2302.30,2315.90,0
1995-11-13,2310.10,2310.10,2261.50,2261.50,0
1995-11-14,2254.10,2267.10,2241.40,2241.50,0
1995-11-15,2241.40,2260.50,2241.10,2260.20,0
1995-11-16,2260.20,2305.20,2246.40,2262.50,0
1995-11-17,2259.70,2351.70,2255.80,2349.50,0
1995-11-21,2349.50,2450.20,2342.80,2448.40,0
1995-11-22,2448.50,2564.40,2448.50,2534.70,0
1995-11-23,2534.70,2576.90,2516.80,2571.40,0
1995-11-24,2570.60,2602.30,2552.20,2576.00,0
1995-11-27,2576.00,2587.30,2550.60,2554.80,0
1995-11-28,2554.80,2615.50,2542.50,2615.50,0
1995-11-29,2618.30,2728.60,2616.60,2724.50,0
1995-11-30,2710.80,2728.90,2675.50,2689.00,0
1995-12-01,2687.60,2731.20,2674.70,2703.40,0
1995-12-04,2703.40,2723.70,2687.40,2689.60,0
1995-12-05,2687.70,2693.80,2659.10,2666.80,0
1995-12-06,2666.80,2701.90,2656.70,2680.90,0
1995-12-07,2680.90,2680.90,2651.40,2667.20,0
1995-12-08,2667.30,2687.90,2651.80,2655.40,0
1995-12-11,2655.40,2655.50,2607.80,2607.80,0
1995-12-13,2607.60,2608.40,2583.70,2586.10,0
1995-12-14,2585.80,2590.40,2561.40,2575.40,0
1995-12-15,2575.40,2675.70,2569.20,2675.70,0
1995-12-18,2675.90,2681.60,2644.70,2656.70,0
1995-12-19,2655.80,2747.50,2652.30,2747.50,0
1995-12-20,2756.40,2800.20,2739.70,2746.50,0
1995-12-21,2747.40,2834.40,2736.00,2834.40,0
1995-12-22,2834.40,2838.20,2807.50,2826.70,0
1995-12-26,2826.70,2830.00,2814.40,2825.20,0
1995-12-27,2825.20,2837.60,2806.60,2806.60,0
1995-12-28,2812.60,2812.60,2779.50,2790.80,0
1995-12-29,2790.80,2790.90,2747.30,2778.50,0
1996-01-02,2777.50,2963.80,2776.60,2929.40,0
1996-01-03,2929.40,3040.50,2929.40,3004.80,0
1996-01-04,3004.10,3018.20,2965.00,3002.60,0
1996-01-05,2993.60,3011.10,2962.30,3011.10,0
1996-01-08,3011.10,3030.50,2994.90,3002.10,0
1996-01-09,3001.90,3028.00,2945.80,2957.50,0
1996-01-10,2955.20,3007.40,2943.20,2974.30,0
1996-01-11,2979.50,3010.80,2979.50,2997.30,0
1996-01-12,2997.60,2997.60,2919.80,2934.10,0
1996-01-15,2932.70,2944.20,2889.00,2908.20,0
1996-01-16,2908.20,2922.00,2867.80,2921.30,0
1996-01-17,2918.30,2942.10,2912.50,2919.00,0
1996-01-18,2919.00,2983.30,2915.70,2983.30,0
1996-01-19,2989.10,3069.20,2985.90,3058.40,0
1996-01-22,3058.40,3102.70,3058.40,3087.50,0
1996-01-23,3094.90,3106.30,3064.40,3074.00,0
1996-01-24,3074.00,3106.50,3039.20,3054.60,0
1996-01-25,3054.60,3065.60,3024.60,3053.20,0
1996-01-26,3053.20,3079.10,3045.10,3079.10,0
1996-01-29,3079.10,3110.10,3078.90,3088.00,0
1996-01-30,3088.00,3099.10,3055.10,3065.10,0
1996-01-31,3065.10,3066.00,3024.10,3034.70,0
1996-02-01,3034.30,3078.20,3004.70,3078.20,0
1996-02-02,3078.30,3113.10,3072.70,3101.90,0
1996-02-06,3101.90,3104.90,3046.60,3048.10,0
1996-02-07,3048.10,3048.10,3008.80,3010.80,0
1996-02-08,3010.80,3041.40,3006.60,3037.50,0
1996-02-09,3037.40,3039.50,2975.10,2985.10,0
1996-02-12,2985.10,2985.10,2910.90,2950.60,0
1996-02-13,2950.50,2950.50,2897.00,2920.70,0
1996-02-14,2920.70,2984.70,2914.20,2971.30,0
1996-02-15,2971.30,2976.10,2937.60,2946.40,0
1996-02-16,2944.50,2971.50,2944.50,2971.30,0
1996-02-19,2971.30,2973.60,2962.10,2971.10,0
1996-02-20,2975.40,2975.40,2892.10,2904.40,0
1996-02-21,2907.70,2916.10,2896.80,2907.80,0
1996-02-22,2909.30,2988.60,2909.30,2981.00,0
1996-02-23,3003.40,3013.80,2970.60,2981.40,0
1996-02-26,2981.40,2981.40,2950.40,2955.40,0
1996-02-27,2955.40,2966.70,2934.30,2939.00,0
1996-02-28,2939.10,2953.30,2861.40,2862.60,0
1996-02-29,2862.20,2862.20,2804.80,2832.50,0
1996-03-01,2833.10,2893.60,2833.10,2892.40,0
1996-03-04,2892.40,2899.00,2879.70,2879.70,0
1996-03-05,2879.70,2880.40,2845.60,2856.70,0
1996-03-06,2856.70,2856.70,2812.50,2820.40,0
1996-03-07,2819.40,2832.30,2799.60,2826.50,0
1996-03-08,2825.70,2825.70,2733.90,2736.40,0
1996-03-11,2736.40,2778.00,2731.10,2778.00,0
1996-03-12,2778.40,2827.90,2767.10,2819.90,0
1996-03-13,2819.90,2876.90,2819.90,2864.90,0
1996-03-14,2864.90,2887.50,2844.90,2853.50,0
1996-03-15,2853.50,2853.50,2828.10,2844.10,0
1996-03-18,2843.90,2874.50,2838.60,2874.30,0
1996-03-19,2878.40,3003.80,2878.40,3003.80,0
1996-03-20,3003.90,3035.40,2983.50,3004.40,0
1996-03-22,3002.20,3064.30,2999.30,3046.80,0
1996-03-25,3046.80,3068.00,3010.70,3068.00,0
1996-03-26,3067.80,3126.40,3054.60,3094.60,0
1996-03-27,3094.60,3095.60,3033.30,3061.80,0
1996-03-28,3061.80,3083.40,3042.80,3080.40,0
1996-03-29,3080.40,3086.10,3065.70,3072.40,0
1996-04-01,3074.40,3114.10,3072.30,3113.30,0
1996-04-02,3113.30,3117.70,3074.20,3077.50,0
1996-04-03,3077.50,3098.20,3074.70,3086.40,0
1996-04-08,3090.10,3090.10,3019.20,3021.00,0
1996-04-09,3022.00,3033.50,3006.40,3009.50,0
1996-04-10,3009.50,3068.20,3008.70,3044.60,0
1996-04-11,3044.60,3069.50,3032.70,3044.00,0
1996-04-12,3044.00,3176.10,3044.00,3174.90,0
1996-04-15,3174.90,3227.90,3159.70,3204.70,0
1996-04-16,3205.00,3208.90,3174.70,3200.90,0
1996-04-17,3201.80,3269.40,3201.80,3234.60,0
1996-04-18,3234.60,3296.80,3220.00,3273.50,0
1996-04-19,3274.90,3330.40,3254.20,3284.50,0
1996-04-22,3284.50,3300.00,3219.80,3251.20,0
1996-04-23,3251.20,3251.20,3201.80,3217.90,0
1996-04-24,3217.70,3253.40,3195.00,3252.30,0
1996-04-25,3252.90,3253.00,3217.10,3239.00,0
1996-04-26,3244.50,3264.10,3211.20,3217.00,0
1996-04-29,3217.00,3221.70,3187.00,3200.00,0
1996-04-30,3200.10,3215.20,3175.60,3187.20,0
1996-05-02,3187.60,3217.50,3153.50,3162.50,0
1996-05-03,3162.50,3166.90,3135.50,3146.00,0
1996-05-06,3145.90,3152.90,3118.10,3152.70,0
1996-05-07,3149.40,3176.50,3145.90,3168.20,0
1996-05-08,3168.20,3201.50,3159.20,3194.40,0
1996-05-09,3195.80,3220.60,3180.40,3182.00,0
1996-05-10,3182.10,3223.80,3182.10,3216.10,0
1996-05-13,3217.20,3251.80,3217.20,3250.80,0
1996-05-14,3250.80,3270.00,3233.50,3250.30,0
1996-05-15,3250.50,3253.20,3214.40,3232.10,0
1996-05-16,3232.40,3232.40,3208.50,3225.90,0
1996-05-17,3227.30,3272.30,3227.30,3259.40,0
1996-05-20,3259.40,3316.70,3259.40,3316.20,0
1996-05-21,3316.20,3371.60,3316.10,3342.70,0
1996-05-22,3342.70,3354.10,3320.00,3352.90,0
1996-05-23,3352.90,3372.50,3308.60,3316.00,0
1996-05-24,3316.00,3316.00,3277.30,3313.20,0
1996-05-27,3313.10,3323.20,3310.30,3321.20,0
1996-05-28,3327.50,3338.30,3313.10,3314.30,0
1996-05-29,3316.30,3316.30,3277.30,3278.50,0
1996-05-30,3279.50,3279.50,3235.30,3260.90,0
1996-05-31,3261.00,3261.20,3203.10,3205.50,0
1996-06-03,3205.50,3213.90,3170.10,3191.80,0
1996-06-04,3191.90,3239.40,3191.90,3228.30,0
1996-06-05,3228.40,3257.20,3226.20,3257.20,0
1996-06-06,3260.50,3283.80,3255.50,3271.90,0
1996-06-07,3271.90,3271.90,3232.50,3262.00,0
1996-06-10,3262.20,3268.60,3237.60,3242.30,0
1996-06-11,3242.30,3244.30,3220.00,3227.30,0
1996-06-12,3227.00,3233.40,3211.70,3216.30,0
1996-06-13,3216.00,3217.50,3164.40,3183.80,0
1996-06-14,3183.80,3186.30,3170.70,3174.90,0
1996-06-17,3172.70,3194.50,3168.60,3190.70,0
1996-06-18,3191.50,3235.90,3189.80,3202.20,0
1996-06-19,3202.30,3210.80,3190.20,3210.80,0
1996-06-20,3210.80,3216.90,3174.00,3181.00,0
1996-06-21,3181.00,3182.10,3127.90,3136.10,0
1996-06-24,3136.10,3136.10,3092.70,3132.20,0
1996-06-25,3132.90,3179.90,3132.90,3160.00,0
1996-06-26,3161.10,3195.00,3159.60,3177.90,0
1996-06-27,3179.30,3202.10,3179.30,3183.60,0
1996-06-28,3183.80,3219.20,3183.80,3210.80,0
1996-07-01,3210.70,3210.70,3166.70,3177.70,0
1996-07-02,3177.70,3199.50,3173.00,3198.90,0
1996-07-03,3197.60,3198.20,3181.60,3181.80,0
1996-07-04,3181.80,3181.80,3166.70,3174.90,0
1996-07-05,3174.60,3174.60,3098.90,3105.90,0
1996-07-08,3105.90,3105.90,3025.50,3034.90,0
1996-07-09,3034.90,3086.20,3034.20,3085.70,0
1996-07-10,3085.70,3113.30,3076.50,3087.50,0
1996-07-11,3087.70,3088.60,3036.50,3056.30,0
1996-07-12,3055.20,3055.40,2996.10,3010.00,0
1996-07-15,3009.10,3009.10,2913.10,2916.60,0
1996-07-16,2916.60,2944.40,2808.90,2944.40,0
1996-07-17,2944.50,2992.80,2934.20,2990.30,0
1996-07-18,2990.10,3064.20,2983.10,3064.20,0
1996-07-19,3064.30,3070.90,3049.40,3060.10,0
1996-07-22,3061.40,3061.40,3014.10,3014.90,0
1996-07-23,3015.00,3031.50,2983.10,3003.10,0
1996-07-24,3002.00,3002.00,2930.40,2943.00,0
1996-07-25,2943.70,2957.00,2912.50,2938.00,0
1996-07-26,2938.00,3012.40,2938.00,2990.90,0
1996-07-29,2991.20,2992.20,2962.80,2969.90,0
1996-07-30,2970.30,2988.20,2959.50,2986.90,0
1996-07-31,2987.30,3018.80,2985.90,3007.20,0
1996-08-01,3007.20,3119.60,3007.00,3118.40,0
1996-08-02,3114.80,3188.20,3114.80,3188.20,0
1996-08-05,3185.80,3201.20,3167.70,3177.90,0
1996-08-06,3177.90,3210.60,3167.00,3206.80,0
1996-08-07,3207.00,3235.40,3186.70,3189.00,0
1996-08-08,3186.70,3186.70,3170.90,3185.40,0
1996-08-09,3185.50,3238.30,3185.50,3219.00,0
1996-08-12,3219.00,3259.30,3214.10,3256.00,0
1996-08-13,3255.80,3257.80,3226.00,3235.70,0
1996-08-14,3235.70,3265.50,3218.20,3265.20,0
1996-08-15,3265.20,3311.70,3252.00,3311.70,0
1996-08-16,3311.70,3366.80,3310.60,3361.40,0
1996-08-19,3361.40,3379.30,3322.90,3324.70,0
1996-08-20,3324.50,3401.80,3323.90,3401.80,0
1996-08-21,3402.00,3432.10,3402.00,3412.40,0
1996-08-22,3412.40,3428.40,3376.20,3389.30,0
1996-08-23,3389.30,3389.30,3332.50,3364.40,0
1996-08-26,3363.20,3365.50,3349.90,3357.20,0
1996-08-27,3357.20,3434.10,3357.20,3433.80,0
1996-08-28,3433.80,3454.30,3399.10,3410.80,0
1996-08-29,3410.50,3410.50,3318.90,3334.90,0
1996-08-30,3335.30,3335.90,3268.00,3305.50,0
1996-09-02,3305.50,3311.90,3298.80,3309.60,0
1996-09-03,3306.00,3306.00,3259.80,3267.00,0
1996-09-04,3266.70,3330.40,3265.40,3330.00,0
1996-09-05,3330.00,3364.30,3303.80,3306.70,0
1996-09-06,3309.40,3352.60,3309.40,3340.90,0
1996-09-09,3340.90,3345.30,3331.30,3341.20,0
1996-09-10,3341.20,3347.90,3308.60,3309.30,0
1996-09-11,3309.30,3324.80,3298.50,3303.00,0
1996-09-12,3303.00,3326.30,3303.00,3319.00,0
1996-09-13,3319.70,3348.50,3305.70,3311.70,0
1996-09-17,3322.60,3353.90,3318.10,3353.80,0
1996-09-18,3353.80,3380.60,3346.90,3369.00,0
1996-09-19,3369.30,3376.90,3347.40,3348.40,0
1996-09-20,3350.10,3351.50,3316.20,3318.20,0
1996-09-23,3318.20,3318.20,3289.90,3300.40,0
1996-09-24,3300.40,3331.80,3291.90,3293.60,0
1996-09-25,3293.60,3302.90,3269.70,3274.50,0
1996-09-26,3274.50,3278.00,3213.60,3239.50,0
1996-09-27,3241.20,3241.20,3203.20,3236.80,0
1996-09-30,3236.80,3241.50,3229.70,3236.30,0
1996-10-01,3236.30,3286.50,3229.90,3286.50,0
1996-10-02,3286.60,3358.30,3286.60,3358.30,0
1996-10-03,3358.30,3391.50,3346.60,3373.40,0
1996-10-04,3376.40,3396.70,3370.50,3376.10,0
1996-10-07,3375.90,3380.80,3339.20,3345.50,0
1996-10-08,3343.50,3346.60,3321.20,3340.10,0
1996-10-09,3340.20,3373.10,3333.10,3372.80,0
1996-10-10,3373.00,3392.60,3360.20,3365.40,0
1996-10-11,3365.40,3377.40,3328.30,3335.20,0
1996-10-14,3335.30,3335.70,3279.80,3287.40,0
1996-10-15,3287.40,3288.10,3243.30,3251.20,0
1996-10-16,3240.90,3274.20,3212.10,3263.00,0
1996-10-17,3263.00,3298.60,3263.00,3288.50,0
1996-10-18,3288.50,3325.50,3277.60,3319.60,0
1996-10-21,3320.70,3327.00,3274.00,3286.00,0
1996-10-22,3286.00,3289.00,3232.30,3247.80,0
1996-10-23,3247.90,3274.10,3220.60,3264.50,0
1996-10-24,3264.40,3279.60,3262.00,3279.20,0
1996-10-25,3279.10,3279.10,3223.90,3233.30,0
1996-10-28,3233.30,3243.10,3208.80,3216.50,0
1996-10-29,3217.30,3217.90,3179.80,3199.10,0
1996-10-30,3199.10,3200.10,3155.20,3162.50,0
1996-10-31,3162.30,3215.60,3134.70,3213.30,0
1996-11-01,3213.30,3271.50,3212.80,3255.80,0
1996-11-04,3255.80,3256.80,3229.50,3247.70,0
1996-11-05,3247.70,3287.10,3247.70,3286.00,0
1996-11-06,3286.20,3293.70,3273.70,3290.40,0
1996-11-07,3289.20,3297.00,3264.00,3293.20,0
1996-11-08,3293.10,3347.70,3285.40,3347.70,0
1996-11-11,3349.80,3385.40,3347.10,3369.70,0
1996-11-12,3369.60,3375.40,3353.80,3374.40,0
1996-11-13,3375.10,3412.40,3362.50,3401.00,0
1996-11-14,3401.00,3423.80,3378.60,3392.20,0
1996-11-15,3392.40,3392.40,3366.40,3385.10,0
1996-11-18,3392.10,3392.10,3351.90,3366.20,0
1996-11-19,3364.20,3365.90,3353.20,3358.20,0
1996-11-21,3358.20,3358.40,3308.70,3320.00,0
1996-11-22,3318.80,3318.80,3280.90,3288.30,0
1996-11-25,3288.30,3288.30,3242.90,3246.70,0
1996-11-26,3246.60,3292.20,3246.60,3271.50,0
1996-11-27,3271.50,3283.80,3263.40,3268.80,0
1996-11-28,3269.20,3273.10,3262.20,3273.10,0
1996-11-29,3273.10,3286.10,3273.10,3277.40,0
1996-12-02,3292.30,3327.40,3286.20,3311.10,0
1996-12-03,3311.40,3404.00,3311.40,3396.40,0
1996-12-04,3396.40,3421.20,3380.40,3390.50,0
1996-12-05,3390.50,3390.50,3365.70,3376.60,0
1996-12-06,3374.90,3374.90,3325.80,3333.10,0
1996-12-09,3332.90,3364.40,3322.40,3335.10,0
1996-12-10,3335.10,3338.20,3300.50,3307.10,0
1996-12-11,3307.10,3307.10,3235.00,3241.80,0
1996-12-13,3241.80,3241.80,3193.90,3205.20,0
1996-12-16,3205.20,3206.20,3166.70,3175.10,0
1996-12-17,3174.50,3257.00,3169.80,3254.00,0
1996-12-18,3254.00,3289.00,3252.30,3273.20,0
1996-12-19,3273.20,3330.10,3273.20,3330.10,0
1996-12-20,3330.10,3350.30,3310.70,3311.40,0
1996-12-23,3311.40,3313.50,3295.60,3299.20,0
1996-12-24,3299.20,3299.20,3286.80,3298.50,0
1996-12-26,3298.50,3310.90,3290.60,3310.90,0
1996-12-27,3310.90,3333.80,3310.80,3327.20,0
1996-12-30,3327.00,3347.00,3327.00,3347.00,0
1996-12-31,3347.50,3361.00,3329.40,3361.00,0
1997-01-02,3361.00,3361.00,3335.50,3359.50,0
1997-01-03,3359.50,3404.90,3357.60,3397.00,0
1997-01-06,3397.00,3501.90,3397.00,3492.20,0
1997-01-07,3492.20,3524.90,3490.60,3516.10,0
1997-01-08,3516.50,3558.30,3516.50,3558.00,0
1997-01-09,3558.00,3579.10,3529.20,3578.30,0
1997-01-10,3577.10,3598.90,3545.80,3596.10,0
1997-01-13,3594.10,3597.40,3557.50,3561.60,0
1997-01-14,3561.80,3634.20,3561.80,3631.40,0
1997-01-15,3631.60,3728.20,3631.60,3728.00,0
1997-01-16,3728.00,3753.20,3692.00,3701.80,0
1997-01-17,3701.80,3753.50,3700.70,3733.20,0
1997-01-20,3733.20,3740.30,3708.80,3739.60,0
1997-01-21,3739.60,3758.30,3709.10,3717.30,0
1997-01-22,3717.50,3718.40,3689.00,3708.00,0
1997-01-23,3708.00,3763.80,3690.20,3695.20,0
1997-01-24,3695.00,3695.00,3663.30,3680.60,0
1997-01-27,3680.60,3685.20,3666.10,3685.20,0
1997-01-28,3685.40,3716.20,3667.50,3676.80,0
1997-01-29,3672.90,3673.30,3627.40,3631.60,0
1997-01-30,3631.60,3679.90,3631.30,3672.90,0
1997-01-31,3672.90,3691.40,3634.90,3647.10,0
1997-02-03,3647.20,3647.20,3615.50,3636.50,0
1997-02-04,3636.50,3653.00,3610.90,3653.00,0
1997-02-06,3652.70,3662.70,3632.00,3654.70,0
1997-02-07,3655.50,3669.70,3646.30,3654.30,0
1997-02-10,3654.30,3688.20,3639.40,3679.10,0
1997-02-11,3664.70,3754.40,3660.10,3750.00,0
1997-02-12,3750.30,3818.50,3750.30,3802.60,0
1997-02-13,3806.50,3832.20,3765.30,3778.50,0
1997-02-14,3778.50,3829.30,3772.90,3826.80,0
1997-02-17,3823.30,3851.30,3819.70,3850.40,0
1997-02-18,3850.40,3866.20,3835.60,3842.70,0
1997-02-19,3845.20,3912.70,3845.20,3875.00,0
1997-02-20,3875.00,3876.70,3839.30,3839.70,0
1997-02-21,3839.70,3880.00,3835.30,3880.00,0
1997-02-24,3880.00,3908.50,3874.00,3889.80,0
1997-02-25,3890.10,3960.10,3890.10,3938.70,0
1997-02-26,3939.00,3957.90,3867.40,3890.20,0
1997-02-27,3890.40,3892.20,3835.40,3851.90,0
1997-02-28,3851.90,3865.50,3814.20,3841.00,0
1997-03-03,3840.90,3840.90,3774.00,3795.90,0
1997-03-04,3795.90,3825.00,3746.10,3755.70,0
1997-03-05,3756.80,3776.30,3743.80,3762.50,0
1997-03-06,3763.70,3808.10,3763.70,3807.00,0
1997-03-07,3807.20,3848.10,3787.40,3809.80,0
1997-03-10,3809.80,3847.40,3805.20,3844.80,0
1997-03-11,3844.90,3850.40,3800.60,3804.10,0
1997-03-12,3804.10,3804.10,3747.80,3758.10,0
1997-03-13,3758.10,3758.10,3727.40,3745.40,0
1997-03-14,3745.40,3776.30,3745.40,3775.70,0
1997-03-17,3775.70,3775.70,3736.00,3760.60,0
1997-03-18,3760.60,3797.10,3756.60,3797.10,0
1997-03-19,3797.10,3867.20,3793.00,3867.20,0
1997-03-20,3867.40,3869.50,3807.90,3809.90,0
1997-03-24,3809.90,3829.90,3786.70,3828.00,0
1997-03-25,3828.00,3860.90,3826.50,3837.50,0
1997-03-26,3837.50,3842.90,3819.20,3842.90,0
1997-03-31,3842.90,3843.90,3731.00,3748.00,0
1997-04-01,3748.00,3748.00,3684.30,3714.30,0
1997-04-02,3714.30,3717.80,3688.00,3716.20,0
1997-04-03,3717.20,3752.90,3717.00,3741.30,0
1997-04-04,3741.30,3768.90,3734.10,3752.50,0
1997-04-07,3752.50,3793.40,3752.20,3792.80,0
1997-04-08,3792.80,3792.80,3764.60,3784.30,0
1997-04-09,3784.70,3810.00,3784.70,3797.30,0
1997-04-10,3797.30,3821.90,3764.80,3821.80,0
1997-04-11,3821.80,3821.80,3751.60,3764.50,0
1997-04-14,3764.50,3798.70,3707.00,3798.70,0
1997-04-15,3805.80,3807.50,3774.10,3805.10,0
1997-04-16,3805.10,3871.70,3795.50,3834.60,0
1997-04-17,3834.60,3851.20,3792.10,3798.40,0
1997-04-18,3798.40,3807.50,3783.50,3788.40,0
1997-04-21,3788.40,3788.40,3751.00,3758.50,0
1997-04-22,3758.50,3815.50,3753.20,3815.50,0
1997-04-23,3815.90,3833.70,3797.10,3827.00,0
1997-04-24,3827.00,3827.00,3770.50,3773.70,0
1997-04-25,3773.70,3788.10,3760.10,3782.60,0
1997-04-28,3782.60,3782.60,3741.70,3756.20,0
1997-04-29,3756.20,3777.80,3744.60,3757.30,0
1997-04-30,3757.20,3758.60,3741.00,3756.60,0
1997-05-02,3756.60,3764.90,3737.30,3764.90,0
1997-05-06,3764.90,3805.00,3764.90,3798.20,0
1997-05-07,3798.20,3798.20,3772.20,3774.00,0
1997-05-08,3774.00,3823.10,3772.40,3821.90,0
1997-05-09,3823.10,3873.60,3823.10,3873.40,0
1997-05-12,3873.30,3931.20,3867.30,3930.10,0
1997-05-13,3930.10,3954.00,3912.30,3930.70,0
1997-05-14,3930.70,3945.80,3879.70,3894.20,0
1997-05-15,3894.20,3902.40,3870.10,3887.20,0
1997-05-16,3887.20,3901.50,3882.70,3890.40,0
1997-05-19,3889.40,3921.80,3886.30,3921.40,0
1997-05-20,3921.40,3957.10,3915.60,3952.60,0
1997-05-21,3952.60,3984.30,3952.60,3974.40,0
1997-05-22,3974.40,4001.80,3973.00,3999.50,0
1997-05-23,3999.50,4014.00,3980.10,3988.30,0
1997-05-26,3988.40,3995.80,3977.40,3985.00,0
1997-05-27,3985.00,3985.10,3956.60,3960.90,0
1997-05-28,3960.80,3960.80,3895.80,3906.30,0
1997-05-29,3906.30,3940.00,3903.90,3936.10,0
1997-05-30,3937.00,3970.90,3927.00,3968.80,0
1997-06-02,3968.80,4006.30,3964.60,4002.80,0
1997-06-03,4004.40,4071.90,4004.40,4060.10,0
1997-06-04,4060.10,4122.10,4059.50,4121.60,0
1997-06-05,4121.60,4136.80,4101.00,4119.50,0
1997-06-06,4119.50,4160.90,4117.40,4160.90,0
1997-06-09,4160.90,4164.20,4116.40,4126.30,0
1997-06-10,4126.30,4144.00,4118.90,4142.90,0
1997-06-11,4142.30,4197.40,4134.70,4194.40,0
1997-06-12,4198.10,4243.10,4198.10,4240.00,0
1997-06-13,4238.60,4291.10,4238.60,4244.60,0
1997-06-16,4244.60,4260.10,4232.70,4259.80,0
1997-06-17,4259.80,4287.40,4239.40,4276.80,0
1997-06-18,4276.80,4282.50,4257.40,4281.50,0
1997-06-19,4282.10,4354.00,4282.10,4353.70,0
1997-06-20,4353.70,4474.00,4353.70,4439.10,0
1997-06-23,4439.10,4444.50,4415.10,4436.80,0
1997-06-24,4436.80,4454.80,4397.30,4403.50,0
1997-06-25,4404.90,4415.00,4375.10,4397.80,0
1997-06-26,4397.80,4465.90,4396.50,4465.00,0
1997-06-27,4465.00,4505.40,4464.90,4481.10,0
1997-06-30,4481.10,4482.10,4416.10,4458.00,0
1997-07-01,4458.00,4515.10,4453.00,4508.80,0
1997-07-02,4508.80,4579.00,4508.60,4559.20,0
1997-07-03,4559.50,4622.40,4559.50,4591.60,0
1997-07-04,4591.60,4644.70,4579.10,4644.60,0
1997-07-07,4644.60,4741.40,4641.50,4741.20,0
1997-07-08,4741.40,4859.20,4736.00,4821.10,0
1997-07-09,4821.10,4869.10,4768.70,4836.50,0
1997-07-10,4836.50,4880.80,4794.00,4862.40,0
1997-07-11,4862.40,4871.10,4809.50,4821.60,0
1997-07-14,4821.60,4824.00,4773.60,4777.10,0
1997-07-15,4777.10,4777.10,4656.40,4694.40,0
1997-07-16,4694.40,4791.20,4694.40,4787.40,0
1997-07-17,4787.40,4878.60,4787.40,4816.40,0
1997-07-18,4814.90,4814.90,4712.30,4720.50,0
1997-07-21,4720.60,4720.60,4567.60,4590.20,0
1997-07-22,4589.20,4670.90,4587.30,4652.20,0
1997-07-23,4652.20,4742.10,4651.70,4742.10,0
1997-07-24,4745.30,4807.60,4745.30,4762.70,0
1997-07-25,4765.20,4832.10,4715.70,4722.40,0
1997-07-28,4722.40,4755.90,4702.20,4712.20,0
1997-07-29,4712.20,4799.80,4707.60,4797.50,0
1997-07-30,4797.50,4974.60,4797.50,4974.20,0
1997-07-31,4979.30,5127.70,4979.30,5067.80,0
1997-08-01,5058.40,5073.20,4981.90,5067.00,0
1997-08-04,5067.00,5135.20,5023.20,5135.20,0
1997-08-05,5135.40,5183.00,5135.40,5183.00,0
1997-08-06,5183.30,5235.50,5161.70,5212.90,0
1997-08-07,5212.90,5272.90,5176.40,5195.30,0
1997-08-08,5194.30,5194.30,5073.60,5075.10,0
1997-08-11,5075.10,5082.10,5002.90,5043.70,0
1997-08-12,5043.70,5086.10,4999.20,5002.90,0
1997-08-13,5009.40,5087.30,4969.10,5016.60,0
1997-08-14,5016.60,5048.90,4997.70,5014.60,0
1997-08-15,5014.60,5017.50,4952.80,4956.60,0
1997-08-18,4956.60,4959.70,4863.40,4952.90,0
1997-08-19,4952.90,5041.50,4952.70,5041.50,0
1997-08-20,5040.90,5128.50,5034.70,5124.20,0
1997-08-21,5124.20,5126.70,5060.30,5070.50,0
1997-08-22,5069.40,5069.40,4971.30,5023.40,0
1997-08-25,5023.50,5025.70,4968.10,4996.20,0
1997-08-26,4996.20,4996.20,4897.00,4916.50,0
1997-08-27,4916.90,4919.80,4841.70,4912.90,0
1997-08-28,4912.90,4912.90,4779.90,4789.40,0
1997-08-29,4789.40,4789.50,4618.00,4648.40,0
1997-09-02,4649.50,4801.50,4649.50,4780.20,0
1997-09-03,4781.30,4901.30,4781.30,4888.80,0
1997-09-04,4888.80,4903.50,4854.90,4891.50,0
1997-09-05,4891.70,4945.80,4888.80,4927.40,0
1997-09-08,4927.50,4981.70,4913.40,4933.40,0
1997-09-09,4933.40,4940.60,4917.60,4938.00,0
1997-09-10,4937.70,4937.70,4815.90,4822.10,0
1997-09-11,4822.10,4832.70,4698.80,4720.60,0
1997-09-12,4720.60,4853.20,4720.60,4848.50,0
1997-09-15,4848.50,4880.40,4833.10,4833.10,0
1997-09-17,4833.30,5009.80,4833.30,5009.60,0
1997-09-18,5014.30,5104.60,5014.30,5074.90,0
1997-09-19,5074.90,5149.00,5074.50,5118.10,0
1997-09-22,5118.10,5278.70,5117.00,5278.70,0
1997-09-23,5279.50,5329.90,5244.10,5258.50,0
1997-09-24,5258.50,5295.50,5210.30,5210.60,0
1997-09-25,5210.60,5242.10,5173.40,5228.70,0
1997-09-26,5228.70,5284.00,5228.70,5250.00,0
1997-09-29,5250.00,5273.40,5238.80,5269.70,0
1997-09-30,5269.40,5324.10,5258.70,5321.50,0
1997-10-01,5320.60,5371.20,5320.50,5354.40,0
1997-10-02,5355.30,5363.50,5315.40,5325.50,0
1997-10-03,5325.50,5394.60,5285.80,5314.20,0
1997-10-06,5314.20,5353.20,5301.10,5316.00,0
1997-10-07,5314.80,5367.00,5278.60,5360.70,0
1997-10-08,5361.20,5374.30,5261.30,5300.80,0
1997-10-09,5300.80,5300.80,5220.60,5257.30,0
1997-10-10,5255.40,5267.80,5219.00,5267.30,0
1997-10-13,5267.30,5269.30,5240.50,5252.10,0
1997-10-14,5252.10,5324.60,5251.90,5324.00,0
1997-10-15,5324.00,5366.60,5296.40,5345.20,0
1997-10-16,5345.20,5396.10,5341.80,5341.80,0
1997-10-17,5341.80,5341.80,5220.30,5275.60,0
1997-10-20,5275.60,5312.60,5260.30,5312.60,0
1997-10-21,5312.60,5370.30,5312.60,5369.50,0
1997-10-22,5369.50,5376.00,5285.50,5299.20,0
1997-10-23,5299.20,5299.20,4984.80,5058.70,0
1997-10-24,5058.70,5144.10,4854.20,4920.10,0
1997-10-27,4920.10,4920.10,4254.60,4263.90,0
1997-10-28,4263.90,4762.70,3858.10,4762.30,0
1997-10-29,4762.30,4907.70,4691.30,4795.00,0
1997-10-30,4795.00,4795.00,4514.00,4629.50,0
1997-10-31,4631.80,4708.60,4523.00,4647.80,0
1997-11-03,4649.30,4858.90,4649.30,4849.70,0
1997-11-04,4846.80,4855.40,4784.10,4853.50,0
1997-11-05,4853.50,4868.40,4804.30,4823.70,0
1997-11-06,4823.70,4823.70,4756.40,4780.20,0
1997-11-07,4780.20,4780.20,4569.40,4664.50,0
1997-11-10,4664.50,4693.60,4514.50,4545.50,0
1997-11-11,4544.40,4564.80,4501.40,4527.10,0
1997-11-12,4527.10,4527.10,4306.20,4334.80,0
1997-11-13,4334.80,4448.80,4234.40,4448.80,0
1997-11-14,4449.60,4535.20,4431.30,4532.70,0
1997-11-17,4532.70,4642.80,4532.70,4588.10,0
1997-11-18,4588.10,4609.10,4524.10,4595.90,0
1997-11-19,4594.90,4680.60,4583.80,4679.20,0
1997-11-21,4679.20,4863.60,4679.20,4832.20,0
1997-11-24,4829.20,4829.20,4689.50,4720.90,0
1997-11-25,4720.90,4792.40,4702.00,4787.10,0
1997-11-26,4787.10,4897.80,4786.10,4897.00,0
1997-11-27,4897.00,4957.40,4897.00,4957.10,0
1997-11-28,4957.10,4974.60,4924.90,4974.60,0
1997-12-01,4974.60,5120.90,4972.50,5118.20,0
1997-12-02,5118.20,5136.80,5082.10,5126.70,0
1997-12-03,5126.70,5140.30,5088.30,5127.90,0
1997-12-04,5128.30,5185.40,5105.50,5131.10,0
1997-12-05,5130.60,5131.40,5064.10,5110.20,0
1997-12-08,5110.20,5122.40,5105.30,5110.40,0
1997-12-09,5110.80,5112.80,5073.00,5111.90,0
1997-12-10,5111.90,5111.90,5015.40,5045.40,0
1997-12-11,5045.40,5045.40,4889.80,4953.00,0
1997-12-15,4952.50,5009.10,4915.00,5008.10,0
1997-12-16,5009.00,5102.40,5004.00,5087.30,0
1997-12-17,5087.30,5133.00,5066.50,5112.00,0
1997-12-18,5111.70,5119.00,5028.50,5040.90,0
1997-12-19,5040.90,5040.90,4862.00,4946.50,0
1997-12-22,4946.50,4953.20,4903.90,4931.60,0
1997-12-23,4931.60,4935.40,4891.40,4925.90,0
1997-12-24,4925.90,4928.50,4901.40,4912.70,0
1997-12-26,4952.90,5035.10,4945.00,5034.00,0
1997-12-29,5034.00,5122.60,5034.00,5120.60,0
1997-12-30,5122.20,5207.50,5122.20,5206.40,0
1997-12-31,5206.40,5229.40,5193.60,5229.40,0
1998-01-02,5229.40,5229.40,5179.70,5204.00,0
1998-01-05,5204.00,5220.70,5152.30,5199.60,0
1998-01-06,5199.60,5199.60,5024.60,5033.40,0
1998-01-07,5033.40,5033.40,4874.70,4942.90,0
1998-01-08,4936.40,4936.40,4825.50,4837.20,0
1998-01-09,4837.10,4837.10,4530.80,4547.70,0
1998-01-12,4547.70,4687.40,4461.90,4686.90,0
1998-01-13,4687.50,4753.20,4658.40,4673.60,0
1998-01-14,4673.60,4716.50,4607.10,4650.10,0
1998-01-15,4650.10,4650.10,4520.30,4589.10,0
1998-01-16,4591.30,4676.50,4591.30,4671.20,0
1998-01-19,4676.70,4776.90,4676.70,4773.40,0
1998-01-20,4773.40,4773.40,4680.20,4691.70,0
1998-01-21,4691.70,4691.70,4584.20,4617.70,0
1998-01-22,4608.70,4608.70,4516.40,4549.90,0
1998-01-23,4549.90,4571.50,4482.30,4542.90,0
1998-01-26,4542.90,4549.30,4509.10,4526.60,0
1998-01-27,4526.60,4594.20,4514.80,4583.50,0
1998-01-28,4584.70,4632.20,4525.30,4546.30,0
1998-01-29,4545.80,4546.10,4466.80,4477.60,0
1998-01-30,4481.50,4577.10,4472.30,4569.40,0
1998-02-02,4569.40,4673.10,4569.40,4673.10,0
1998-02-03,4673.10,4765.40,4658.50,4765.40,0
1998-02-04,4765.40,4825.90,4724.70,4787.40,0
1998-02-06,4787.40,4830.30,4750.30,4751.50,0
1998-02-09,4751.50,4756.00,4689.40,4697.50,0
1998-02-10,4697.50,4727.50,4687.10,4722.00,0
1998-02-11,4722.00,4736.30,4689.30,4729.30,0
1998-02-12,4728.80,4728.80,4650.40,4682.60,0
1998-02-13,4682.60,4682.60,4606.40,4615.80,0
1998-02-16,4611.70,4611.90,4576.40,4588.00,0
1998-02-17,4594.10,4617.50,4489.50,4513.90,0
1998-02-18,4513.90,4550.20,4447.60,4550.20,0
1998-02-19,4548.90,4622.60,4537.00,4606.60,0
1998-02-20,4606.60,4619.70,4567.90,4597.70,0
1998-02-23,4597.70,4609.20,4558.30,4561.00,0
1998-02-24,4561.00,4623.10,4535.50,4599.00,0
1998-02-25,4599.00,4741.90,4599.00,4740.20,0
1998-02-26,4740.20,4806.00,4740.20,4775.00,0
1998-02-27,4775.00,4799.70,4751.80,4784.50,0
1998-03-02,4784.50,4857.50,4784.50,4850.70,0
1998-03-03,4850.70,4882.10,4830.80,4841.30,0
1998-03-04,4841.30,4843.60,4776.00,4804.10,0
1998-03-05,4804.00,4804.00,4746.10,4757.00,0
1998-03-06,4784.40,4855.80,4757.80,4855.80,0
1998-03-09,4855.80,4855.80,4795.60,4812.20,0
1998-03-10,4812.40,4818.50,4699.50,4710.30,0
1998-03-11,4710.30,4816.80,4666.50,4742.30,0
1998-03-12,4742.20,4763.20,4711.70,4758.40,0
1998-03-13,4758.40,4822.20,4758.40,4785.40,0
1998-03-16,4785.40,4794.10,4721.90,4723.80,0
1998-03-17,4725.20,4785.40,4690.40,4784.30,0
1998-03-18,4784.30,4854.80,4774.90,4844.40,0
1998-03-19,4844.40,4883.40,4844.40,4852.30,0
1998-03-20,4852.30,4925.90,4852.30,4917.10,0
1998-03-23,4917.50,5052.20,4917.50,5042.10,0
1998-03-24,5041.40,5118.90,5004.00,5004.60,0
1998-03-25,5004.70,5058.50,4962.20,4997.10,0
1998-03-26,4997.10,4997.10,4965.00,4986.20,0
1998-03-27,4986.20,5051.90,4986.20,5043.10,0
1998-03-30,5043.10,5043.10,5007.10,5038.50,0
1998-03-31,5038.50,5065.50,4985.40,5016.20,0
1998-04-01,5016.20,5016.30,4978.10,4999.10,0
1998-04-02,4999.10,5001.30,4979.70,4984.10,0
1998-04-03,4984.10,4990.40,4907.70,4927.90,0
1998-04-06,4927.90,4953.60,4915.20,4924.60,0
1998-04-07,4924.50,4924.80,4854.80,4866.70,0
1998-04-08,4866.70,4921.20,4861.80,4921.20,0
1998-04-13,4925.20,4952.30,4898.90,4919.10,0
1998-04-14,4919.10,4961.30,4919.10,4961.30,0
1998-04-15,4961.30,4992.40,4948.50,4991.00,0
1998-04-16,4991.00,5001.90,4965.80,5001.60,0
1998-04-17,5001.60,5083.70,4995.30,5083.70,0
1998-04-20,5083.70,5167.90,5083.30,5166.40,0
1998-04-21,5166.40,5238.80,5166.10,5185.50,0
1998-04-22,5185.50,5196.60,5155.00,5164.70,0
1998-04-23,5165.00,5204.60,5144.70,5151.60,0
1998-04-24,5151.60,5155.90,5066.60,5086.20,0
1998-04-27,5086.20,5086.20,4893.80,4909.80,0
1998-04-28,4909.77,5036.40,4909.77,5035.18,0
1998-04-29,5035.18,5035.28,4980.37,5028.65,0
1998-04-30,5028.65,5099.63,5028.65,5098.53,0
1998-05-04,5098.53,5103.53,5030.26,5041.38,0
1998-05-06,5041.15,5041.66,4906.06,4927.93,0
1998-05-07,4927.93,4935.73,4881.03,4927.01,0
1998-05-08,4927.01,4961.44,4904.63,4937.65,0
1998-05-11,4937.65,4962.80,4829.23,4843.54,0
1998-05-12,4843.54,4843.54,4749.11,4812.14,0
1998-05-13,4812.14,4812.14,4746.70,4756.60,0
1998-05-14,4756.29,4834.73,4735.87,4739.18,0
1998-05-15,4739.18,4802.55,4731.52,4786.18,0
1998-05-18,4786.18,4786.59,4609.56,4646.51,0
1998-05-19,4646.23,4680.20,4601.98,4624.45,0
1998-05-20,4626.88,4650.81,4542.59,4607.34,0
1998-05-21,4608.22,4660.87,4593.73,4660.44,0
1998-05-22,4660.44,4681.45,4616.66,4648.43,0
1998-05-25,4648.43,4648.43,4605.05,4612.29,0
1998-05-26,4612.29,4612.29,4448.32,4453.58,0
1998-05-27,4453.58,4492.14,4326.56,4480.36,0
1998-05-28,4486.70,4548.74,4453.63,4468.22,0
1998-05-29,4469.40,4530.01,4469.40,4530.01,0
1998-06-01,4527.37,4527.37,4399.03,4413.52,0
1998-06-02,4414.29,4488.34,4414.29,4480.01,0
1998-06-03,4480.19,4509.21,4454.04,4455.24,0
1998-06-04,4455.85,4592.01,4455.79,4592.01,0
1998-06-05,4591.84,4669.22,4590.61,4601.26,0
1998-06-08,4602.08,4609.98,4562.36,4598.09,0
1998-06-09,4597.82,4597.82,4544.67,4559.45,0
1998-06-10,4559.30,4559.30,4384.11,4396.80,0
1998-06-11,4396.59,4396.59,4283.94,4289.31,0
1998-06-12,4289.48,4289.48,4097.17,4215.68,0
1998-06-15,4186.25,4186.25,4046.59,4048.99,0
1998-06-16,4049.95,4146.87,4049.95,4125.97,0
1998-06-17,4126.07,4345.48,4126.07,4340.98,0
1998-06-18,4341.30,4342.87,4257.33,4268.73,0
1998-06-19,4268.46,4354.20,4268.46,4353.74,0
1998-06-22,4353.06,4353.06,4276.95,4320.36,0
1998-06-23,4323.14,4391.48,4323.14,4387.86,0
1998-06-24,4387.17,4403.17,4356.90,4378.26,0
1998-06-25,4380.34,4387.92,4215.59,4233.92,0
1998-06-26,4233.37,4233.37,4117.56,4157.81,0
1998-06-29,4159.43,4194.53,4159.43,4184.56,0
1998-06-30,4185.78,4286.90,4185.78,4282.62,0
1998-07-01,4287.00,4427.56,4286.47,4422.09,0
1998-07-02,4421.73,4442.29,4394.62,4431.80,0
1998-07-03,4430.40,4483.75,4425.27,4483.75,0
1998-07-06,4481.58,4485.68,4407.21,4411.88,0
1998-07-07,4405.36,4530.07,4402.73,4510.61,0
1998-07-08,4510.97,4592.59,4510.97,4573.28,0
1998-07-09,4573.41,4611.45,4519.71,4532.59,0
1998-07-10,4532.44,4609.57,4517.56,4566.88,0
1998-07-13,4567.18,4665.14,4567.18,4625.38,0
1998-07-14,4630.79,4727.90,4630.79,4665.79,0
1998-07-15,4670.14,4679.17,4588.53,4593.78,0
1998-07-16,4594.38,4697.51,4594.38,4655.42,0
1998-07-17,4656.42,4688.40,4639.79,4674.53,0
1998-07-20,4678.88,4681.06,4591.71,4602.69,0
1998-07-21,4602.41,4606.36,4551.28,4552.74,0
1998-07-22,4552.23,4570.08,4509.08,4564.75,0
1998-07-23,4565.69,4573.35,4478.56,4484.50,0
1998-07-24,4484.76,4524.68,4446.84,4495.10,0
1998-07-27,4484.22,4486.39,4415.08,4473.04,0
1998-07-28,4474.71,4474.71,4298.70,4343.98,0
1998-07-29,4344.15,4412.37,4301.41,4340.34,0
1998-07-30,4335.99,4380.05,4335.99,4351.37,0
1998-07-31,4351.16,4354.42,4242.41,4244.96,0
1998-08-03,4244.19,4244.19,4165.21,4174.34,0
1998-08-04,4176.14,4187.35,4063.84,4071.95,0
1998-08-05,4072.67,4099.39,4007.28,4055.32,0
1998-08-06,4047.04,4047.04,3977.02,3981.73,0
1998-08-07,3981.63,4012.95,3831.88,3844.93,0
1998-08-10,3829.77,3844.93,3730.46,3731.49,0
1998-08-11,3729.90,3729.90,3508.87,3628.45,0
1998-08-12,3629.17,3703.83,3518.49,3561.50,0
1998-08-13,3560.68,3631.36,3548.67,3580.55,0
1998-08-14,3581.81,3672.10,3573.72,3583.72,0
1998-08-17,3575.45,3575.45,3523.74,3533.14,0
1998-08-18,3533.86,3655.88,3518.49,3648.84,0
1998-08-19,3650.28,3716.63,3596.48,3604.36,0
1998-08-20,3603.95,3603.95,3482.50,3498.81,0
1998-08-21,3495.55,3495.55,3225.23,3413.15,0
1998-08-24,3410.54,3420.36,3333.06,3413.01,0
1998-08-25,3413.55,3471.25,3327.15,3368.79,0
1998-08-26,3368.17,3368.17,3213.13,3254.44,0
1998-08-27,3250.47,3250.47,3010.63,3055.71,0
1998-08-28,3054.99,3155.81,2964.65,3154.14,0
1998-08-31,3147.17,3152.60,2987.73,2991.93,0
1998-09-02,2993.93,3266.85,2993.93,3178.56,0
1998-09-03,3172.18,3174.01,3088.53,3102.39,0
1998-09-04,3102.93,3121.51,2968.82,3045.17,0
1998-09-07,3049.75,3225.05,3049.75,3194.54,0
1998-09-08,3194.95,3263.07,3140.66,3237.24,0
1998-09-09,3234.35,3234.35,3157.71,3167.26,0
1998-09-10,3166.64,3166.64,2844.72,2856.10,0
1998-09-11,2859.29,2943.50,2859.29,2917.78,0
1998-09-14,2919.02,3037.22,2919.02,3023.90,0
1998-09-15,3022.96,3417.94,3008.43,3414.68,0
1998-09-17,3413.07,3417.24,3219.49,3395.48,0
1998-09-18,3395.58,3497.05,3377.80,3475.90,0
1998-09-21,3406.37,3506.02,3369.46,3494.40,0
1998-09-22,3494.78,3643.59,3494.78,3577.36,0
1998-09-23,3579.43,3902.19,3579.43,3902.19,0
1998-09-24,3901.36,3989.86,3666.76,3690.48,0
1998-09-25,3688.92,3710.44,3541.08,3703.69,0
1998-09-28,3705.77,3844.07,3705.77,3717.18,0
1998-09-29,3734.58,3736.75,3628.87,3679.91,0
1998-09-30,3678.73,3678.73,3487.83,3569.88,0
1998-10-01,3568.72,3568.72,3372.61,3390.23,0
1998-10-02,3390.47,3536.98,3361.19,3528.65,0
1998-10-05,3524.32,3524.32,3362.96,3427.98,0
1998-10-06,3428.29,3533.84,3415.28,3434.82,0
1998-10-07,3435.86,3456.06,3345.79,3375.44,0
1998-10-08,3375.05,3388.50,3270.76,3387.46,0
1998-10-09,3387.76,3452.30,3354.09,3444.06,0
1998-10-12,3444.52,3578.74,3444.52,3560.61,0
1998-10-13,3560.40,3582.60,3536.21,3577.24,0
1998-10-14,3577.03,3635.18,3551.36,3595.42,0
1998-10-15,3594.96,3838.16,3574.19,3831.02,0
1998-10-16,3831.59,3902.47,3791.41,3831.33,0
1998-10-19,3829.17,3888.68,3808.96,3812.96,0
1998-10-20,3815.24,3886.17,3812.66,3820.49,0
1998-10-21,3795.12,3850.97,3737.15,3850.45,0
1998-10-22,3850.56,4044.40,3819.50,4025.99,0
1998-10-23,4025.41,4097.96,3972.70,3993.23,0
1998-10-26,3993.75,4026.31,3975.87,3994.51,0
1998-10-27,3994.82,4037.17,3904.25,3917.46,0
1998-10-28,3917.23,3951.26,3843.68,3843.68,0
1998-10-29,3842.69,3907.73,3788.96,3907.73,0
1998-10-30,3910.06,4076.64,3910.06,4074.86,0
1998-11-03,4076.30,4161.23,4076.30,4127.85,0
1998-11-04,4128.01,4293.00,4128.01,4267.73,0
1998-11-05,4266.81,4299.44,4216.21,4260.98,0
1998-11-06,4261.23,4288.29,4244.17,4286.94,0
1998-11-09,4285.48,4285.48,4176.75,4201.24,0
1998-11-10,4200.20,4200.20,4133.90,4142.77,0
1998-11-11,4143.96,4188.69,4105.08,4117.69,0
1998-11-12,4117.48,4129.58,4017.19,4028.70,0
1998-11-13,4031.21,4052.72,3999.55,4007.62,0
1998-11-16,4008.67,4030.39,3961.68,3971.50,0
1998-11-17,3971.75,4015.23,3938.28,3954.20,0
1998-11-18,3956.45,4064.68,3952.79,4059.24,0
1998-11-19,4059.45,4105.05,3993.16,3995.62,0
1998-11-23,3995.74,4131.48,3995.74,4131.45,0
1998-11-24,4131.03,4131.03,4023.81,4032.18,0
1998-11-25,4016.51,4016.51,3977.84,4007.92,0
1998-11-26,4007.73,4025.95,4001.90,4025.66,0
1998-11-27,4026.13,4031.48,3987.03,3992.30,0
1998-11-30,3992.48,3993.48,3762.69,3769.88,0
1998-12-01,3769.36,3805.69,3685.52,3749.38,0
1998-12-02,3750.63,3826.69,3725.14,3815.39,0
1998-12-03,3813.11,3813.11,3686.22,3700.19,0
1998-12-04,3702.49,3759.83,3702.28,3759.83,0
1998-12-07,3759.46,3810.99,3729.63,3806.96,0
1998-12-08,3807.13,3860.30,3778.98,3779.53,0
1998-12-09,3779.32,3805.52,3727.45,3805.52,0
1998-12-10,3805.89,3816.23,3780.51,3798.87,0
1998-12-11,3800.12,3881.44,3775.83,3881.44,0
1998-12-14,3885.52,3915.16,3774.41,3828.32,0
1998-12-15,3813.23,3822.79,3735.81,3753.04,0
1998-12-16,3753.62,3767.82,3713.12,3741.25,0
1998-12-17,3741.81,3797.92,3736.11,3790.85,0
1998-12-18,3792.13,3843.14,3783.31,3841.24,0
1998-12-21,3841.28,3909.57,3841.28,3909.57,0
1998-12-22,3905.24,3906.57,3873.65,3899.11,0
1998-12-23,3900.26,3953.26,3900.26,3930.29,0
1998-12-24,3932.92,4001.35,3932.92,4001.35,0
1998-12-28,4003.52,4003.52,3939.99,3942.67,0
1998-12-29,3942.47,3942.47,3899.41,3916.80,0
1998-12-30,3916.43,3967.33,3912.85,3960.78,0
1998-12-31,3960.04,3960.04,3916.27,3959.66,0
1999-01-04,3959.49,3960.26,3832.14,3835.73,0
1999-01-05,3835.47,3843.98,3756.35,3759.87,0
1999-01-06,3754.27,3801.70,3718.47,3745.15,0
1999-01-07,3742.91,3742.91,3664.64,3665.25,0
1999-01-08,3665.07,3691.66,3628.12,3638.55,0
1999-01-11,3638.29,3638.29,3530.45,3592.20,0
1999-01-12,3591.36,3591.36,3453.88,3459.64,0
1999-01-13,3457.01,3457.01,3272.43,3300.42,0
1999-01-14,3300.35,3359.31,3267.97,3356.59,0
1999-01-15,3358.48,3637.04,3358.48,3617.77,0
1999-01-18,3622.59,3695.11,3555.87,3637.77,0
1999-01-19,3637.91,3642.04,3526.45,3603.43,0
1999-01-20,3605.01,3783.70,3605.01,3775.41,0
1999-01-21,3774.13,3780.75,3717.39,3734.20,0
1999-01-22,3733.61,3733.61,3673.88,3697.03,0
1999-01-25,3697.59,3707.80,3657.89,3707.80,0
1999-01-26,3708.54,3770.61,3702.65,3765.97,0
1999-01-27,3766.01,3848.59,3766.01,3815.35,0
1999-01-28,3815.94,3993.02,3815.94,3992.91,0
1999-01-29,3993.94,4040.15,3957.93,3957.93,0
1999-02-01,3960.21,4036.38,3946.03,4030.24,0
1999-02-02,4030.54,4083.55,4004.11,4014.58,0
1999-02-03,4016.66,4073.22,4009.83,4060.56,0
1999-02-04,4060.61,4085.27,4013.28,4013.55,0
1999-02-08,4013.88,4043.29,4000.70,4016.80,0
1999-02-09,4016.70,4016.70,3941.62,3946.94,0
1999-02-10,3947.17,3947.17,3911.27,3941.49,0
1999-02-11,3941.63,4110.53,3941.63,4107.74,0
1999-02-12,4106.80,4120.13,4067.34,4101.18,0
1999-02-15,4102.12,4109.41,4088.70,4103.60,0
1999-02-16,4103.78,4170.40,4103.78,4159.04,0
1999-02-17,4158.20,4189.10,4073.57,4076.34,0
1999-02-18,4077.82,4126.27,4077.82,4112.65,0
1999-02-19,4110.68,4210.35,4109.48,4200.12,0
1999-02-22,4202.17,4277.65,4190.97,4243.18,0
1999-02-23,4244.81,4262.54,4228.69,4231.67,0
1999-02-24,4231.20,4322.33,4231.20,4269.12,0
1999-02-25,4270.03,4302.75,4259.50,4292.86,0
1999-02-26,4292.19,4310.47,4245.14,4260.80,0
1999-03-01,4260.33,4261.34,4217.74,4217.74,0
1999-03-02,4217.83,4237.96,4185.62,4186.65,0
1999-03-03,4186.75,4190.17,4115.89,4127.38,0
1999-03-04,4128.36,4374.72,4128.36,4218.02,0
1999-03-05,4218.96,4330.58,4218.96,4327.80,0
1999-03-08,4328.50,4461.54,4326.18,4460.85,0
1999-03-09,4460.75,4583.71,4460.52,4568.10,0
1999-03-10,4568.33,4730.90,4568.33,4728.27,0
1999-03-11,4729.07,4874.41,4675.34,4679.80,0
1999-03-12,4680.29,4714.43,4653.64,4697.73,0
1999-03-15,4698.34,4793.85,4698.16,4769.90,0
1999-03-16,4770.52,4895.29,4769.38,4890.39,0
1999-03-17,4891.16,4905.40,4823.70,4855.17,0
1999-03-18,4855.21,4872.58,4815.13,4864.80,0
1999-03-19,4865.13,4933.40,4783.39,4784.33,0
1999-03-22,4779.07,4784.24,4696.86,4715.30,0
1999-03-23,4715.02,4715.02,4618.78,4632.07,0
1999-03-24,4631.80,4820.01,4630.84,4819.49,0
1999-03-25,4821.41,4923.38,4819.91,4829.20,0
1999-03-26,4828.97,4828.97,4736.09,4736.58,0
1999-03-29,4736.19,4846.48,4736.19,4845.43,0
1999-03-30,4839.91,4910.02,4807.73,4882.00,0
1999-03-31,4882.56,4943.91,4882.56,4930.37,0
1999-04-05,4931.05,5108.40,4931.05,5101.94,0
1999-04-06,5102.17,5174.43,5102.17,5146.79,0
1999-04-07,5147.83,5182.65,5061.77,5123.13,0
1999-04-08,5123.87,5189.64,5097.56,5175.39,0
1999-04-09,5175.24,5204.88,5153.69,5204.88,0
1999-04-12,5204.83,5310.83,5153.87,5303.28,0
1999-04-13,5303.37,5389.24,5270.24,5296.31,0
1999-04-14,5293.13,5333.88,5266.51,5297.35,0
1999-04-15,5298.27,5538.27,5298.27,5490.62,0
1999-04-16,5490.06,5599.76,5490.06,5556.44,0
1999-04-19,5557.23,5686.98,5460.45,5464.17,0
1999-04-20,5462.33,5479.68,5336.89,5337.64,0
1999-04-21,5337.41,5411.12,5270.40,5284.47,0
1999-04-22,5290.04,5475.67,5290.04,5475.67,0
1999-04-23,5476.00,5529.07,5440.44,5481.78,0
1999-04-26,5483.45,5497.15,5404.53,5405.15,0
1999-04-27,5405.41,5433.35,5346.68,5382.39,0
1999-04-28,5382.06,5502.30,5378.12,5458.16,0
1999-04-29,5458.61,5554.63,5458.61,5517.31,0
1999-04-30,5518.33,5651.96,5413.55,5414.45,0
1999-05-03,5414.75,5584.06,5414.70,5579.14,0
1999-05-04,5579.33,5608.58,5513.16,5560.63,0
1999-05-06,5565.46,5803.27,5565.46,5802.47,0
1999-05-07,5803.15,5969.94,5803.10,5964.37,0
1999-05-10,5964.71,6192.86,5964.71,6080.47,0
1999-05-11,6080.52,6103.51,5953.26,5981.09,0
1999-05-12,5980.31,5980.31,5872.66,5877.28,0
1999-05-13,5877.37,6035.37,5877.12,6022.86,0
1999-05-14,6021.15,6021.15,5890.81,5913.20,0
1999-05-17,5912.75,5912.75,5784.85,5851.50,0
1999-05-18,5851.69,5924.37,5830.78,5856.15,0
1999-05-19,5856.30,5877.55,5711.91,5731.20,0
1999-05-20,5731.25,5802.61,5723.95,5799.49,0
1999-05-21,5799.83,5809.68,5615.98,5639.50,0
1999-05-24,5640.18,5666.12,5493.51,5498.79,0
1999-05-25,5493.79,5537.42,5373.53,5441.06,0
1999-05-26,5442.07,5619.70,5442.07,5618.35,0
1999-05-27,5620.90,5654.49,5495.13,5498.85,0
1999-05-28,5498.29,5549.53,5423.57,5423.57,0
1999-05-31,5423.81,5477.65,5423.81,5477.65,0
1999-06-01,5479.49,5484.44,5342.83,5436.42,0
1999-06-02,5435.74,5455.75,5366.46,5400.20,0
1999-06-03,5400.43,5407.28,5348.87,5363.62,0
1999-06-04,5363.94,5371.96,5331.19,5371.26,0
1999-06-07,5367.58,5430.49,5367.58,5421.94,0
1999-06-08,5421.76,5498.34,5415.92,5428.88,0
1999-06-09,5429.57,5443.06,5397.45,5398.42,0
1999-06-10,5397.90,5397.90,5338.53,5366.59,0
1999-06-11,5366.74,5371.70,5223.39,5234.65,0
1999-06-14,5236.39,5249.52,5106.75,5117.85,0
1999-06-15,5117.53,5335.66,5117.53,5299.93,0
1999-06-16,5300.18,5634.82,5300.18,5628.53,0
1999-06-17,5628.30,5717.32,5588.24,5660.66,0
1999-06-18,5659.35,5721.58,5612.92,5716.65,0
1999-06-21,5723.99,5825.71,5720.32,5823.71,0
1999-06-22,5814.52,5866.66,5771.17,5773.53,0
1999-06-23,5772.50,5772.50,5621.64,5637.35,0
1999-06-24,5636.68,5636.68,5522.80,5549.18,0
1999-06-25,5549.53,5586.60,5515.24,5515.24,0
1999-06-28,5516.24,5618.52,5516.24,5574.54,0
1999-06-29,5574.88,5661.15,5574.70,5645.07,0
1999-06-30,5645.31,5829.51,5630.86,5829.51,0
1999-07-01,5828.52,5935.75,5824.94,5854.60,0
1999-07-02,5855.64,5913.60,5811.51,5887.61,0
1999-07-05,5887.70,5959.93,5886.72,5955.53,0
1999-07-06,5955.07,6003.95,5917.91,5918.72,0
1999-07-07,5918.54,5966.22,5906.91,5931.24,0
1999-07-08,5931.19,6027.58,5886.85,5890.48,0
1999-07-09,5890.18,5907.55,5873.45,5888.87,0
1999-07-12,5890.36,5896.93,5768.31,5769.37,0
1999-07-13,5768.44,5844.60,5685.62,5844.60,0
1999-07-14,5845.50,5890.76,5834.20,5834.89,0
1999-07-15,5836.61,5907.02,5836.27,5875.97,0
1999-07-16,5875.19,5895.74,5835.70,5886.41,0
1999-07-19,5886.75,5918.63,5866.88,5912.29,0
1999-07-20,5911.79,5913.55,5812.20,5814.97,0
1999-07-21,5816.83,5874.05,5816.83,5857.63,0
1999-07-22,5863.14,5881.09,5778.71,5784.69,0
1999-07-23,5785.36,5791.57,5546.30,5613.19,0
1999-07-26,5605.84,5605.84,5423.80,5427.61,0
1999-07-27,5430.37,5482.64,5338.47,5406.65,0
1999-07-28,5417.66,5506.49,5401.37,5483.75,0
1999-07-29,5483.01,5483.01,5260.42,5267.68,0
1999-07-30,5268.33,5311.09,5237.32,5260.35,0
1999-08-02,5258.36,5306.11,5101.32,5106.77,0
1999-08-03,5108.33,5178.09,5077.38,5178.09,0
1999-08-04,5178.16,5265.60,5135.84,5142.91,0
1999-08-05,5144.01,5151.52,5016.57,5150.79,0
1999-08-06,5147.85,5160.40,5021.60,5029.66,0
1999-08-09,5030.92,5083.89,5028.21,5071.70,0
1999-08-10,5072.41,5072.62,4940.23,5058.31,0
1999-08-11,5060.01,5199.50,5026.63,5180.88,0
1999-08-12,5181.90,5325.69,5181.90,5217.52,0
1999-08-13,5218.07,5370.23,5218.07,5369.02,0
1999-08-16,5369.63,5370.54,5273.49,5300.46,0
1999-08-17,5301.48,5320.97,5225.46,5279.89,0
1999-08-18,5280.09,5280.09,5167.66,5167.72,0
1999-08-19,5166.02,5175.79,5096.21,5148.42,0
1999-08-20,5148.62,5195.50,5075.85,5099.26,0
1999-08-23,5099.49,5215.15,5099.49,5215.15,0
1999-08-24,5214.66,5317.73,5204.36,5244.11,0
1999-08-25,5245.98,5381.28,5209.08,5379.85,0
1999-08-26,5380.64,5468.07,5349.94,5349.94,0
1999-08-27,5349.61,5352.00,5249.89,5252.33,0
1999-08-30,5253.01,5253.35,5169.59,5174.80,0
1999-08-31,5174.57,5180.67,5086.38,5086.87,0
1999-09-02,5085.52,5085.52,4990.22,5019.35,0
1999-09-03,5022.07,5113.73,5016.06,5026.57,0
1999-09-06,5029.29,5053.02,5026.40,5051.00,0
1999-09-07,5050.66,5051.00,4893.66,4910.06,0
1999-09-08,4908.70,4962.25,4838.43,4854.28,0
1999-09-09,4854.25,4881.70,4813.77,4828.92,0
1999-09-10,4829.60,4983.18,4829.60,4979.93,0
1999-09-13,4978.49,5016.15,4930.82,5016.12,0
1999-09-14,5015.67,5017.98,4966.79,4969.85,0
1999-09-15,4972.25,5040.18,4957.33,4970.24,0
1999-09-17,4971.26,4981.82,4949.46,4951.68,0
1999-09-20,4950.82,4998.83,4946.58,4998.83,0
1999-09-21,4998.70,4998.70,4911.57,4919.79,0
1999-09-22,4919.75,4993.16,4895.79,4991.76,0
1999-09-23,4994.11,5123.98,4969.45,4973.93,0
1999-09-24,4973.60,5030.36,4943.09,4980.88,0
1999-09-27,4981.09,5064.60,4980.48,5055.76,0
1999-09-28,5055.21,5131.97,5033.86,5091.69,0
1999-09-29,5092.14,5119.50,5076.56,5079.75,0
1999-09-30,5081.56,5103.02,5048.53,5050.46,0
1999-10-01,5039.70,5055.57,4966.54,4985.21,0
1999-10-04,4987.50,5047.52,4987.50,5044.61,0
1999-10-05,5044.15,5074.24,4961.18,4989.66,0
1999-10-06,4987.69,5119.33,4987.69,5116.25,0
1999-10-07,5116.59,5239.97,5116.59,5183.68,0
1999-10-08,5185.09,5306.71,5181.40,5282.96,0
1999-10-11,5284.75,5334.56,5281.52,5331.02,0
1999-10-12,5331.70,5331.70,5202.82,5202.82,0
1999-10-13,5203.02,5209.82,5075.67,5076.14,0
1999-10-14,5075.80,5107.67,5013.77,5030.61,0
1999-10-15,5029.35,5029.35,4805.94,4825.05,0
1999-10-18,4832.22,4907.47,4749.65,4907.47,0
1999-10-19,4908.84,5057.07,4908.84,5050.48,0
1999-10-20,5055.53,5124.26,5055.53,5122.39,0
1999-10-21,5121.71,5170.77,5061.58,5105.27,0
1999-10-22,5108.85,5165.28,5108.85,5156.06,0
1999-10-25,5155.38,5155.38,5119.16,5131.58,0
1999-10-26,5131.12,5177.10,5123.41,5134.96,0
1999-10-27,5135.51,5146.41,5102.78,5142.22,0
1999-10-28,5142.27,5348.79,5142.27,5328.52,0
1999-10-29,5329.20,5509.16,5329.20,5450.37,0
1999-11-01,5451.75,5504.17,5449.83,5479.79,0
1999-11-03,5482.49,5813.07,5482.49,5793.85,0
1999-11-04,5793.98,5907.59,5777.72,5817.04,0
1999-11-05,5818.92,5920.11,5818.92,5919.97,0
1999-11-08,5919.48,5990.79,5885.17,5943.96,0
1999-11-09,5946.90,5953.11,5830.33,5867.38,0
1999-11-10,5866.70,5968.39,5840.60,5863.84,0
1999-11-11,5965.31,6095.57,5965.31,6086.30,0
1999-11-12,6088.48,6118.16,5992.22,6034.76,0
1999-11-15,6035.31,6135.07,6027.56,6115.10,0
1999-11-16,6115.31,6139.17,6062.66,6101.86,0
1999-11-17,6101.59,6172.20,6079.96,6103.62,0
1999-11-18,6103.40,6197.36,6103.18,6195.03,0
1999-11-19,6194.69,6318.73,6187.52,6286.68,0
1999-11-22,6295.97,6295.97,6090.49,6092.26,0
1999-11-23,6091.28,6120.99,6018.85,6110.75,0
1999-11-24,6109.73,6186.05,6070.67,6182.04,0
1999-11-25,6182.72,6332.31,6182.64,6326.49,0
1999-11-26,6327.93,6338.53,6262.23,6337.45,0
1999-11-29,6305.27,6335.09,6289.34,6303.10,0
1999-11-30,6302.76,6303.44,6116.08,6136.47,0
1999-12-01,6136.42,6214.97,6129.20,6201.14,0
1999-12-02,6204.29,6411.17,6204.29,6370.50,0
1999-12-03,6373.31,6508.06,6373.31,6470.41,0
1999-12-06,6469.73,6528.54,6425.70,6425.70,0
1999-12-07,6428.50,6487.97,6384.73,6397.84,0
1999-12-08,6398.18,6667.71,6398.18,6665.03,0
1999-12-09,6666.01,6894.08,6666.01,6718.33,0
1999-12-10,6718.76,6797.59,6718.76,6781.39,0
1999-12-13,6783.73,6783.73,6673.41,6725.55,0
1999-12-14,6725.21,6725.21,6643.44,6654.22,0
1999-12-15,6653.54,6816.98,6633.01,6772.15,0
1999-12-16,6773.51,6874.59,6773.51,6859.03,0
1999-12-17,6859.58,6997.13,6859.58,6959.35,0
1999-12-20,6960.29,6981.13,6910.22,6943.10,0
1999-12-21,6943.34,6978.71,6921.97,6976.75,0
1999-12-22,6977.08,7004.29,6835.28,6835.28,0
1999-12-23,6835.49,6933.78,6835.28,6933.78,0
1999-12-24,6934.13,6950.21,6930.38,6937.15,0
1999-12-27,6925.16,6995.25,6767.22,6986.38,0
1999-12-28,6986.20,7017.51,6968.88,7007.75,0
1999-12-29,7011.67,7180.33,7011.67,7121.79,0
1999-12-30,7120.15,7147.37,7089.69,7129.88,0
2000-01-03,7185.71,7278.77,7059.45,7077.71,0
2000-01-04,7074.71,7074.71,6673.36,6675.27,0
2000-01-05,6674.93,6781.03,6524.28,6764.31,0
2000-01-06,6784.00,6822.46,6742.91,6751.65,0
2000-01-07,6768.86,7054.29,6768.86,7047.09,0
2000-01-10,7047.92,7337.43,7047.92,7333.70,0
2000-01-11,7332.34,7363.11,7077.89,7143.13,0
2000-01-12,7153.86,7174.48,7091.07,7174.10,0
2000-01-13,7174.33,7426.41,7174.33,7274.52,0
2000-01-14,7278.61,7394.22,7278.61,7381.49,0
2000-01-17,7380.62,7447.46,7370.64,7447.12,0
2000-01-18,7446.89,7446.89,7302.45,7303.32,0
2000-01-19,7303.01,7310.98,7170.85,7171.20,0
2000-01-20,7172.29,7192.66,6991.48,7036.79,0
2000-01-21,7037.26,7083.29,6862.67,6890.78,0
2000-01-24,6890.83,7098.20,6855.35,6855.35,0
2000-01-25,6855.84,6911.67,6784.39,6885.88,0
2000-01-26,6885.39,6976.12,6862.32,6918.94,0
2000-01-27,6920.75,7010.78,6839.18,6854.39,0
2000-01-28,6853.71,6853.71,6627.67,6648.48,0
2000-01-31,6649.98,6649.98,6510.84,6585.67,0
2000-02-01,6585.76,6747.36,6566.51,6740.52,0
2000-02-02,6733.77,6809.67,6688.84,6769.81,0
2000-02-03,6771.42,7095.93,6771.42,7043.10,0
2000-02-04,7043.74,7372.16,7043.74,7236.54,0
2000-02-07,7237.61,7594.23,7237.61,7592.57,0
2000-02-08,7594.88,7802.12,7433.59,7583.51,0
2000-02-09,7583.83,7643.85,7448.49,7469.16,0
2000-02-10,7471.14,7738.44,7471.14,7723.86,0
2000-02-11,7726.38,7818.01,7550.44,7623.47,0
2000-02-14,7623.74,7644.49,7526.07,7558.23,0
2000-02-15,7557.04,7614.37,7403.95,7574.64,0
2000-02-16,7513.91,7642.35,7513.91,7600.72,0
2000-02-17,7603.22,7681.92,7521.90,7538.19,0
2000-02-18,7538.81,7548.31,7314.90,7345.57,0
2000-02-21,7345.89,7351.22,7296.32,7314.97,0
2000-02-22,7315.93,7353.62,7180.02,7234.76,0
2000-02-23,7235.68,7487.12,7235.68,7462.12,0
2000-02-24,7462.31,7514.99,7334.90,7410.82,0
2000-02-25,7410.97,7467.95,7302.67,7304.35,0
2000-02-28,7304.67,7376.06,7283.01,7336.65,0
2000-02-29,7339.22,7411.49,7329.81,7368.55,0
2000-03-01,7368.66,7620.86,7368.66,7614.83,0
2000-03-02,7618.05,8008.68,7618.05,8007.76,0
2000-03-03,8008.39,8207.08,8008.39,8131.27,0
2000-03-06,8114.39,8114.83,7957.37,7964.87,0
2000-03-07,7966.84,8307.46,7895.26,8005.95,0
2000-03-08,8006.23,8295.39,8006.23,8295.20,0
2000-03-09,8296.49,8399.52,8269.08,8319.67,0
2000-03-10,8320.95,8417.33,8161.79,8177.42,0
2000-03-13,8173.47,8173.47,7929.17,8003.72,0
2000-03-14,8008.86,8126.26,7805.58,7835.63,0
2000-03-15,7835.69,7990.47,7744.83,7987.85,0
2000-03-16,7988.16,8120.05,7916.94,7982.42,0
2000-03-17,7980.11,8081.82,7962.39,7985.34,0
2000-03-20,7986.23,8062.62,7906.39,7906.39,0
2000-03-22,7930.02,7998.31,7733.41,7782.61,0
2000-03-23,7782.39,7990.04,7754.09,7943.51,0
2000-03-24,7944.07,8109.35,7944.07,8093.58,0
2000-03-27,8094.87,8222.93,8077.26,8139.50,0
2000-03-28,8137.57,8137.57,7950.59,7952.20,0
2000-03-29,7947.21,7997.27,7798.63,7885.23,0
2000-03-30,7883.45,7883.45,7529.16,7604.49,0
2000-03-31,7624.74,7662.47,7473.25,7473.25,0
2000-04-03,7459.75,7459.75,7272.65,7378.82,0
2000-04-04,7386.31,7428.82,6932.46,7194.83,0
2000-04-05,7192.26,7328.42,7092.61,7272.84,0
2000-04-06,7273.10,7462.93,7273.10,7462.93,0
2000-04-07,7467.92,7639.38,7467.92,7540.09,0
2000-04-10,7547.81,7566.95,7375.22,7375.54,0
2000-04-11,7371.82,7371.82,7219.59,7234.71,0
2000-04-12,7233.42,7263.68,7016.69,7016.69,0
2000-04-13,7017.12,7024.27,6854.86,6860.26,0
2000-04-14,6859.87,6859.87,6273.23,6315.91,0
2000-04-17,6329.42,6412.88,6120.97,6308.26,0
2000-04-18,6318.39,6684.00,6305.84,6684.00,0
2000-04-19,6680.62,6688.84,6396.64,6446.67,0
2000-04-24,6443.45,6463.94,6367.01,6444.13,0
2000-04-25,6448.29,6756.95,6448.29,6756.95,0
2000-04-26,6790.74,6955.67,6717.49,6751.07,0
2000-04-27,6747.94,6848.22,6570.45,6844.78,0
2000-04-28,6849.25,6865.52,6640.12,6640.68,0
2000-05-02,6641.97,6789.76,6594.10,6612.50,0
2000-05-03,6611.43,6611.43,6324.93,6415.51,0
2000-05-04,6430.33,6523.12,6415.73,6504.42,0
2000-05-08,6504.48,6504.48,6301.00,6324.42,0
2000-05-09,6323.10,6345.67,6156.56,6196.09,0
2000-05-10,6192.33,6194.96,6046.63,6083.98,0
2000-05-11,6085.55,6215.07,6085.55,6104.83,0
2000-05-12,6119.36,6259.61,6119.36,6255.35,0
2000-05-15,6259.01,6368.89,6238.96,6343.29,0
2000-05-16,6345.03,6458.77,6305.23,6366.69,0
2000-05-17,6365.44,6365.44,6162.60,6189.09,0
2000-05-18,6185.46,6225.15,6086.01,6113.05,0
2000-05-19,6111.33,6111.52,5810.97,5863.68,0
2000-05-22,5863.64,5863.64,5628.89,5656.45,0
2000-05-23,5655.95,5771.20,5591.30,5593.58,0
2000-05-24,5590.87,5802.35,5516.77,5800.03,0
2000-05-25,5801.33,5898.62,5663.66,5664.25,0
2000-05-26,5666.20,5670.40,5548.84,5652.29,0
2000-05-29,5652.61,5729.67,5652.61,5728.00,0
2000-05-30,5730.51,5998.78,5730.51,5998.48,0
2000-05-31,5998.78,6060.95,5901.49,5961.14,0
2000-06-01,5961.24,6178.99,5960.86,6178.06,0
2000-06-02,6178.32,6639.84,6178.32,6627.34,0
2000-06-05,6626.04,6661.71,6554.71,6554.89,0
2000-06-06,6554.69,6554.69,6247.29,6250.69,0
2000-06-07,6249.33,6323.06,6102.09,6238.41,0
2000-06-08,6239.13,6396.12,6235.82,6364.91,0
2000-06-09,6365.47,6493.29,6365.47,6398.73,0
2000-06-12,6399.18,6447.03,6344.88,6405.00,0
2000-06-13,6405.60,6547.21,6382.78,6539.20,0
2000-06-14,6540.34,6729.81,6540.34,6667.20,0
2000-06-15,6669.46,6705.57,6562.52,6563.61,0
2000-06-16,6563.21,6580.87,6434.11,6452.90,0
2000-06-19,6453.07,6553.09,6377.30,6551.25,0
2000-06-20,6552.47,6584.24,6485.24,6521.22,0
2000-06-21,6520.76,6727.07,6506.26,6687.00,0
2000-06-22,6686.68,6784.50,6552.38,6570.67,0
2000-06-23,6576.15,6576.73,6396.45,6425.57,0
2000-06-26,6443.45,6599.34,6443.26,6599.34,0
2000-06-27,6598.88,6797.18,6598.34,6747.32,0
2000-06-28,6747.52,6806.92,6674.50,6676.64,0
2000-06-29,6676.32,6838.18,6577.16,6834.08,0
2000-06-30,6835.03,7035.77,6834.62,6948.33,0
2000-07-03,6953.73,7394.47,6953.73,7373.37,0
2000-07-04,7372.91,7548.57,7343.32,7520.04,0
2000-07-05,7518.69,7518.69,7327.10,7372.59,0
2000-07-06,7372.60,7376.09,7249.08,7306.14,0
2000-07-07,7306.56,7409.05,7274.56,7370.38,0
2000-07-10,7356.08,7410.68,7307.49,7398.70,0
2000-07-11,7397.86,7398.87,7266.00,7266.00,0
2000-07-12,7271.82,7416.34,7268.23,7416.34,0
2000-07-13,7417.11,7486.95,7408.79,7428.13,0
2000-07-14,7428.99,7490.97,7412.97,7435.99,0
2000-07-17,7435.60,7436.45,7258.38,7291.74,0
2000-07-18,7284.50,7284.50,7194.65,7216.58,0
2000-07-19,7195.16,7195.16,6749.22,6863.27,0
2000-07-20,6870.41,6964.49,6713.97,6765.28,0
2000-07-21,6764.89,6790.16,6656.76,6718.73,0
2000-07-24,6720.92,6721.39,6626.62,6658.17,0
2000-07-25,6659.86,6766.57,6629.28,6715.60,0
2000-07-26,6716.18,6748.48,6684.70,6748.48,0
2000-07-27,6750.67,6750.67,6607.07,6607.49,0
2000-07-28,6607.26,6613.72,6324.69,6344.03,0
2000-07-31,6344.87,6520.81,6303.52,6514.21,0
2000-08-01,6511.29,6602.55,6471.48,6507.77,0
2000-08-02,6504.21,6593.55,6504.21,6543.93,0
2000-08-03,6532.53,6532.84,6452.61,6509.17,0
2000-08-04,6511.36,6594.34,6509.17,6582.67,0
2000-08-07,6581.26,6636.33,6565.13,6635.00,0
2000-08-08,6636.23,6694.94,6636.23,6669.85,0
2000-08-09,6674.76,6714.23,6507.68,6519.00,0
2000-08-10,6518.82,6542.18,6432.28,6474.81,0
2000-08-11,6475.02,6608.27,6415.46,6501.30,0
2000-08-14,6501.76,6530.73,6481.65,6506.32,0
2000-08-15,6507.55,6523.99,6459.44,6501.67,0
2000-08-16,6500.40,6583.92,6457.62,6477.98,0
2000-08-17,6477.76,6552.16,6476.85,6536.87,0
2000-08-18,6536.69,6558.88,6383.71,6386.66,0
2000-08-21,6386.86,6436.92,6342.79,6345.13,0
2000-08-22,6348.70,6384.23,6309.89,6341.30,0
2000-08-23,6355.56,6384.52,6313.71,6367.00,0
2000-08-24,6367.73,6370.18,6291.69,6293.55,0
2000-08-25,6293.96,6321.19,6178.31,6181.15,0
2000-08-28,6181.36,6242.88,6171.95,6226.37,0
2000-08-29,6226.67,6344.25,6212.70,6331.28,0
2000-08-30,6331.85,6574.67,6331.85,6572.91,0
2000-08-31,6573.21,6730.57,6573.21,6664.82,0
2000-09-01,6663.57,6775.05,6633.87,6722.41,0
2000-09-04,6726.30,6818.85,6724.71,6775.97,0
2000-09-05,6747.91,6834.01,6687.10,6824.97,0
2000-09-06,6825.05,6975.79,6732.64,6789.73,0
2000-09-07,6810.78,7025.55,6810.78,6953.31,0
2000-09-08,6953.10,6953.10,6872.22,6903.48,0
2000-09-11,6902.46,6930.74,6796.81,6801.40,0
2000-09-12,6794.39,6794.39,6664.95,6702.26,0
2000-09-13,6703.15,6833.04,6663.63,6833.04,0
2000-09-14,6837.12,6904.24,6800.15,6878.89,0
2000-09-15,6875.39,6879.32,6795.87,6835.43,0
2000-09-18,6835.99,6837.33,6598.53,6599.01,0
2000-09-19,6601.87,6644.93,6531.42,6634.53,0
2000-09-20,6645.03,6755.16,6631.32,6752.47,0
2000-09-21,6752.41,6752.41,6533.19,6558.90,0
2000-09-22,6554.06,6554.06,6382.61,6549.62,0
2000-09-25,6570.54,6659.68,6526.66,6533.58,0
2000-09-26,6529.32,6596.73,6456.81,6459.15,0
2000-09-27,6461.30,6492.96,6353.57,6368.54,0
2000-09-28,6365.06,6477.37,6330.25,6475.46,0
2000-09-29,6474.10,6475.91,6332.89,6334.56,0
2000-10-02,6334.64,6400.75,6238.17,6244.65,0
2000-10-03,6246.47,6308.94,6219.78,6230.89,0
2000-10-04,6230.81,6345.85,6207.13,6345.53,0
2000-10-05,6343.38,6378.47,6323.32,6368.67,0
2000-10-06,6368.85,6385.69,6144.94,6166.88,0
2000-10-09,6164.01,6164.01,6061.67,6141.53,0
2000-10-10,6142.74,6142.74,6085.37,6095.49,0
2000-10-11,6094.72,6094.72,5908.83,5946.93,0
2000-10-12,5946.97,5963.53,5704.80,5751.66,0
2000-10-13,5750.78,5871.46,5738.29,5853.95,0
2000-10-16,5852.51,5856.83,5789.03,5789.03,0
2000-10-17,5775.19,5775.19,5564.04,5709.67,0
2000-10-18,5701.43,5879.13,5538.30,5769.02,0
2000-10-19,5769.07,6007.37,5769.07,5991.25,0
2000-10-20,5992.16,6023.96,5910.45,5943.33,0
2000-10-23,5942.08,5959.70,5865.77,5908.29,0
2000-10-24,5911.68,6081.66,5911.68,6081.66,0
2000-10-25,6079.99,6144.52,6001.67,6003.68,0
2000-10-26,6014.78,6182.85,6014.78,6123.51,0
2000-10-27,6123.75,6265.56,6123.75,6206.37,0
2000-10-30,6208.91,6312.81,6200.22,6282.58,0
2000-10-31,6288.54,6424.86,6288.54,6394.24,0
2000-11-01,6394.80,6413.40,6261.56,6409.04,0
2000-11-03,6409.87,6415.88,6290.30,6319.58,0
2000-11-06,6320.03,6385.71,6306.50,6359.91,0
2000-11-07,6353.96,6478.64,6326.13,6478.64,0
2000-11-08,6478.92,6502.60,6376.15,6376.75,0
2000-11-09,6374.93,6374.93,6152.77,6216.46,0
2000-11-10,6227.16,6227.16,6098.05,6107.75,0
2000-11-13,6103.44,6103.44,5862.82,5914.84,0
2000-11-14,5915.03,6083.43,5915.03,6075.20,0
2000-11-15,6065.02,6198.06,6065.02,6153.33,0
2000-11-16,6153.10,6180.54,6094.58,6146.10,0
2000-11-17,6146.05,6307.01,6146.05,6303.47,0
2000-11-21,6303.29,6303.29,6135.45,6135.45,0
2000-11-22,6134.34,6134.34,5923.92,5923.92,0
2000-11-23,5926.11,5998.14,5926.11,5998.14,0
2000-11-24,5999.25,6062.74,5998.82,6062.74,0
2000-11-27,6067.49,6106.44,6012.72,6032.27,0
2000-11-28,6029.39,6029.39,5934.93,5934.93,0
2000-11-29,5935.19,6017.58,5886.93,5907.24,0
2000-11-30,5904.36,5904.36,5650.37,5652.63,0
2000-12-04,5652.35,5652.35,5527.65,5532.64,0
2000-12-05,5533.67,5794.61,5533.67,5793.77,0
2000-12-06,5794.05,5859.91,5759.70,5787.35,0
2000-12-07,5784.25,5820.48,5741.92,5785.36,0
2000-12-08,5790.39,5886.64,5774.66,5795.09,0
2000-12-11,5798.19,5850.12,5798.19,5828.12,0
2000-12-13,5830.73,5834.86,5699.65,5699.76,0
2000-12-14,5686.23,5709.55,5628.22,5645.59,0
2000-12-15,5643.93,5643.93,5469.04,5531.39,0
2000-12-18,5530.77,5558.82,5498.19,5547.17,0
2000-12-19,5539.93,5631.63,5499.38,5506.55,0
2000-12-20,5505.33,5505.33,5148.02,5231.85,0
2000-12-21,5245.36,5342.31,5220.55,5342.31,0
2000-12-22,5342.52,5492.31,5342.52,5492.31,0
2000-12-26,5488.94,5500.79,5439.77,5499.40,0
2000-12-27,5504.88,5590.03,5488.10,5568.27,0
2000-12-28,5568.68,5610.56,5568.68,5591.99,0
2000-12-29,5592.07,5652.19,5583.98,5652.19,0
2001-01-02,5651.35,5651.35,5546.95,5556.71,0
2001-01-03,5560.07,5860.19,5515.83,5857.45,0
2001-01-04,5858.49,6049.77,5857.22,6048.34,0
2001-01-05,6047.24,6047.24,5917.89,5924.33,0
2001-01-08,5923.72,5929.06,5865.18,5916.06,0
2001-01-09,5915.44,6030.45,5902.60,5909.53,0
2001-01-10,5908.81,5908.81,5808.60,5814.98,0
2001-01-11,5804.90,5982.51,5782.80,5966.80,0
2001-01-12,5966.85,6072.54,5963.39,5966.60,0
2001-01-15,5964.39,6001.43,5964.39,5998.02,0
2001-01-16,5988.25,6020.88,5954.72,6002.65,0
2001-01-17,6003.01,6168.84,6003.01,6078.25,0
2001-01-18,6080.71,6207.51,6080.71,6194.30,0
2001-01-19,6197.99,6325.40,6197.99,6267.49,0
2001-01-22,6266.91,6286.68,6236.95,6271.07,0
2001-01-23,6271.26,6384.72,6252.38,6377.94,0
2001-01-24,6377.98,6440.34,6301.19,6311.85,0
2001-01-25,6311.99,6345.65,6263.54,6281.00,0
2001-01-26,6280.69,6424.24,6269.86,6418.64,0
2001-01-29,6418.61,6513.28,6415.30,6419.78,0
2001-01-30,6418.54,6576.43,6418.54,6518.58,0
2001-01-31,6518.07,6615.83,6476.65,6496.89,0
2001-02-01,6496.90,6559.75,6465.53,6540.88,0
2001-02-02,6540.74,6548.66,6505.38,6522.23,0
2001-02-06,6502.42,6507.60,6443.94,6447.10,0
2001-02-07,6468.10,6508.06,6340.07,6350.35,0
2001-02-08,6350.49,6406.19,6321.12,6330.97,0
2001-02-09,6320.81,6344.16,6311.29,6344.16,0
2001-02-12,6345.43,6452.64,6341.02,6430.73,0
2001-02-13,6423.74,6428.90,6351.00,6361.32,0
2001-02-14,6358.14,6364.15,6238.49,6360.09,0
2001-02-15,6362.00,6434.22,6361.95,6395.19,0
2001-02-16,6394.76,6394.76,6279.83,6368.49,0
2001-02-19,6367.66,6374.60,6335.41,6369.51,0
2001-02-20,6357.57,6361.13,6244.02,6246.36,0
2001-02-21,6241.77,6241.77,5964.19,6007.67,0
2001-02-22,6008.84,6040.68,5930.94,6030.76,0
2001-02-23,6026.93,6040.20,5934.16,5998.69,0
2001-02-26,6001.32,6079.23,6001.32,6058.02,0
2001-02-27,6058.38,6126.72,6023.94,6065.15,0
2001-02-28,6065.43,6100.21,6016.05,6032.10,0
2001-03-01,6030.26,6080.69,5983.11,6080.65,0
2001-03-02,6076.82,6142.71,6038.38,6133.34,0
2001-03-05,6133.40,6183.69,6101.70,6110.14,0
2001-03-06,6110.57,6273.14,6110.57,6252.95,0
2001-03-07,6253.34,6333.30,6253.34,6331.32,0
2001-03-08,6331.29,6365.74,6319.00,6361.07,0
2001-03-09,6360.48,6360.48,6252.33,6270.96,0
2001-03-12,6258.81,6258.81,5958.49,5963.37,0
2001-03-13,5974.35,6004.06,5906.93,5991.95,0
2001-03-14,5991.81,5991.81,5809.55,5813.84,0
2001-03-15,5817.68,5883.96,5788.92,5792.71,0
2001-03-16,5792.57,5893.95,5770.06,5878.57,0
2001-03-19,5878.88,5955.22,5817.91,5935.22,0
2001-03-20,5935.75,5983.81,5768.42,5769.67,0
2001-03-22,5769.43,5769.43,5512.77,5636.48,0
2001-03-23,5642.89,5669.28,5556.24,5618.67,0
2001-03-26,5618.24,5684.04,5618.24,5647.18,0
2001-03-27,5647.09,5788.72,5629.79,5787.48,0
2001-03-28,5787.26,5787.26,5683.74,5700.37,0
2001-03-29,5703.23,5715.25,5622.57,5648.62,0
2001-03-30,5649.86,5758.01,5638.55,5727.89,0
2001-04-02,5733.67,5799.54,5694.07,5694.07,0
2001-04-03,5696.57,5698.42,5552.81,5575.05,0
2001-04-04,5576.80,5618.87,5541.68,5573.72,0
2001-04-05,5581.18,5737.02,5581.18,5699.34,0
2001-04-06,5691.65,5729.51,5641.21,5695.26,0
2001-04-09,5694.69,5758.92,5694.69,5756.36,0
2001-04-10,5759.30,5971.44,5759.30,5968.66,0
2001-04-11,5969.51,6044.83,5960.02,6002.90,0
2001-04-16,6005.35,6020.18,5950.61,5951.70,0
2001-04-17,5951.56,6070.80,5949.25,6068.90,0
2001-04-18,6073.23,6257.87,6073.23,6143.86,0
2001-04-19,6146.36,6163.53,6026.45,6029.06,0
2001-04-20,6029.20,6036.35,5941.34,5950.79,0
2001-04-23,5950.64,5950.93,5844.81,5885.60,0
2001-04-24,5895.05,5949.86,5859.68,5887.04,0
2001-04-25,5893.96,5939.85,5891.90,5933.71,0
2001-04-26,5936.87,6048.45,5936.87,6007.10,0
2001-04-27,6007.73,6069.16,6004.04,6008.03,0
2001-04-30,6009.28,6064.20,5983.60,5987.25,0
2001-05-02,5993.50,6122.17,5992.76,6109.20,0
2001-05-03,6097.11,6140.14,6029.53,6139.62,0
2001-05-04,6139.49,6139.49,6079.00,6129.51,101114800
2001-05-07,6120.77,6137.43,6065.45,6065.58,52010600
2001-05-08,6066.77,6084.78,6008.05,6010.52,82828600
2001-05-09,6010.49,6108.81,5957.91,6106.42,116296800
2001-05-10,6106.47,6167.55,6084.99,6092.07,114647600
2001-05-11,6095.71,6137.47,6081.68,6110.36,66924600
2001-05-14,6109.71,6109.71,6028.90,6042.03,62199000
2001-05-15,6041.89,6053.72,5985.81,5987.00,93496600
2001-05-16,5986.91,6043.41,5948.93,6033.97,90649200
2001-05-17,6051.02,6417.01,6051.02,6392.77,537892600
2001-05-18,6393.39,6564.20,6388.17,6527.60,256638800
2001-05-21,6530.53,6588.91,6507.91,6571.08,159352800
2001-05-22,6573.31,6664.75,6573.31,6651.27,162248800
2001-05-23,6643.82,6831.95,6614.44,6782.51,197182000
2001-05-24,6782.58,6813.86,6679.22,6714.47,140626400
2001-05-25,6714.67,6741.41,6672.77,6711.34,64021000
2001-05-28,6710.87,6731.19,6687.14,6700.33,14540400
2001-05-29,6702.29,6720.97,6635.66,6665.54,96416400
2001-05-30,6666.47,6666.47,6578.07,6586.93,75607200
2001-05-31,6587.55,6613.88,6576.94,6595.39,115038800
2001-06-01,6592.91,6629.98,6573.60,6619.66,103425200
2001-06-04,6621.53,6640.61,6570.75,6631.75,76991000
2001-06-05,6632.37,6674.76,6621.78,6672.35,124940600
2001-06-06,6671.77,6802.59,6658.23,6790.98,129449800
2001-06-07,6784.07,6895.70,6765.80,6840.63,127670000
2001-06-08,6836.61,6837.32,6754.88,6783.72,82023800
2001-06-11,6783.29,6783.29,6715.56,6731.29,60222200
2001-06-12,6726.95,6797.15,6660.97,6796.82,81571000
2001-06-13,6796.23,6863.25,6770.48,6802.37,110223000
2001-06-14,6799.90,6799.90,6741.81,6749.80,74941800
2001-06-15,6740.52,6740.52,6646.79,6670.72,129340600
2001-06-18,6667.94,6676.23,6489.56,6489.56,118130800
2001-06-19,6492.35,6558.34,6354.04,6359.06,150451000
2001-06-20,6364.65,6469.65,6364.65,6455.15,130202400
2001-06-21,6450.44,6547.10,6443.56,6543.39,146002400
2001-06-22,6543.48,6594.47,6526.32,6539.65,125533600
2001-06-25,6539.91,6566.01,6536.87,6562.66,77193600
2001-06-26,6562.65,6591.35,6540.92,6582.17,92482000
2001-06-27,6582.61,6616.37,6557.12,6587.68,103990400
2001-06-28,6589.24,6659.28,6588.98,6607.20,122497200
2001-06-29,6608.59,6688.38,6600.81,6666.17,121409200
2001-07-02,6666.20,6797.28,6658.41,6797.11,104686400
2001-07-03,6797.18,6841.33,6788.86,6840.74,61748400
2001-07-04,6838.87,6868.89,6831.83,6868.89,27247000
2001-07-05,6868.77,6868.77,6814.57,6814.62,134719000
2001-07-06,6816.11,6822.38,6710.95,6715.81,103098400
2001-07-09,6692.40,6723.19,6661.18,6709.13,53366800
2001-07-10,6709.16,6777.59,6708.44,6713.04,84213800
2001-07-11,6713.54,6720.67,6535.98,6564.14,136839800
2001-07-12,6564.34,6596.10,6385.84,6470.88,154534000
2001-07-13,6471.35,6491.58,6416.27,6452.12,91792400
2001-07-16,6453.06,6463.78,6374.03,6377.31,75575800
2001-07-17,6378.60,6421.01,6378.60,6395.43,148223400
2001-07-18,6395.32,6395.32,6352.13,6388.26,110234000
2001-07-19,6388.33,6432.88,6387.75,6418.84,113914400
2001-07-20,6418.42,6418.42,6378.68,6389.27,60320200
2001-07-23,6389.85,6424.16,6380.90,6422.71,75241400
2001-07-24,6422.86,6422.86,6367.34,6377.81,145026200
2001-07-25,6382.77,6421.52,6382.77,6411.53,111652400
2001-07-26,6411.72,6502.69,6405.51,6502.69,108102000
2001-07-27,6501.65,6535.19,6495.37,6522.20,85191000
2001-07-30,6523.14,6575.95,6513.82,6538.28,81214000
2001-07-31,6538.86,6539.90,6474.24,6474.40,97545600
2001-08-01,6475.63,6593.12,6475.63,6573.10,73462400
2001-08-02,6573.35,6733.31,6573.35,6707.91,114947400
2001-08-03,6707.97,6708.58,6670.68,6702.93,76618800
2001-08-06,6703.09,6704.52,6604.27,6633.94,54985000
2001-08-07,6633.77,6670.49,6600.57,6638.84,0
2001-08-08,6637.50,6652.38,6610.79,6651.44,76253400
2001-08-09,6650.63,6650.63,6592.49,6599.61,59841000
2001-08-10,6599.66,6642.87,6586.86,6628.49,55133800
2001-08-13,6625.78,6656.72,6612.18,6655.11,36741800
2001-08-14,6655.80,6700.19,6655.80,6671.24,43403200
2001-08-15,6671.14,6679.53,6533.89,6542.15,58239200
2001-08-16,6542.00,6542.00,6356.17,6445.15,113973400
2001-08-17,6443.82,6443.82,6189.61,6218.46,121089000
2001-08-20,6217.10,6273.98,6214.81,6245.42,67768000
2001-08-21,6245.71,6367.57,6245.66,6276.09,74821400
2001-08-22,6288.36,6346.90,6288.36,6333.14,62179400
2001-08-23,6332.14,6352.35,6290.87,6294.29,37030600
2001-08-24,6294.55,6417.35,6292.60,6416.77,54775400
2001-08-27,6415.88,6435.60,6399.93,6399.93,45735800
2001-08-28,6399.98,6400.16,6302.23,6302.69,64707400
2001-08-29,6302.42,6352.94,6302.42,6324.91,66636400
2001-08-30,6324.07,6352.06,6278.79,6310.17,67532600
2001-08-31,6312.76,6347.71,6283.40,6310.70,37610000
2001-09-03,6312.79,6312.79,6230.02,6233.29,7073400
2001-09-04,6234.71,6293.36,6172.25,6172.25,70408200
2001-09-05,6172.09,6179.24,6045.57,6088.45,119687000
2001-09-06,6088.78,6088.94,5857.72,5875.86,134340000
2001-09-07,5875.53,5922.52,5794.91,5844.60,109050000
2001-09-10,5839.79,5908.56,5816.07,5856.19,50032200
2001-09-13,5531.02,5531.02,5531.02,5531.02,0
2001-09-17,5501.91,5501.91,5290.05,5316.77,0
2001-09-18,5317.77,5377.80,5256.32,5297.86,95216200
2001-09-19,5297.37,5350.46,5198.80,5256.00,112909000
2001-09-20,5254.67,5255.89,5076.77,5081.92,78515600
2001-09-21,5077.39,5109.40,4950.71,5087.94,109951800
2001-09-24,5101.54,5350.96,5101.54,5325.11,82079400
2001-09-25,5325.96,5338.56,5249.89,5304.38,71800400
2001-09-26,5307.12,5350.13,5292.00,5324.84,73178000
2001-09-27,5326.59,5340.85,5251.17,5306.08,100641000
2001-09-28,5308.13,5403.98,5308.13,5403.53,124401400
2001-10-01,5404.42,5436.98,5360.24,5385.50,51768600
2001-10-02,5389.39,5425.42,5352.94,5361.80,67593000
2001-10-03,5361.22,5428.61,5316.25,5407.54,103897400
2001-10-04,5410.46,5540.95,5410.46,5499.31,108239000
2001-10-05,5500.68,5550.72,5460.10,5528.55,63282000
2001-10-08,5526.89,5554.77,5490.99,5527.11,47485600
2001-10-09,5529.70,5614.58,5522.36,5558.86,69508400
2001-10-10,5556.12,5687.10,5523.58,5684.90,119273000
2001-10-11,5688.14,5853.37,5688.09,5808.22,123473000
2001-10-12,5801.38,5801.38,5643.83,5671.10,67934000
2001-10-15,5670.44,5670.44,5499.30,5500.10,61000400
2001-10-16,5500.66,5556.57,5485.65,5542.61,57138800
2001-10-17,5548.12,5617.79,5535.24,5541.88,62671400
2001-10-18,5543.39,5561.65,5520.73,5529.75,50400000
2001-10-19,5532.09,5590.56,5487.16,5588.23,64187400
2001-10-22,5584.12,5596.11,5520.74,5539.28,36764200
2001-10-23,5539.47,5584.79,5525.58,5571.27,54561000
2001-10-24,5573.61,5708.28,5573.61,5708.28,114515200
2001-10-25,5708.12,5740.27,5650.74,5729.13,54625400
2001-10-26,5728.64,5754.80,5693.12,5693.12,59667400
2001-10-29,5693.09,5693.61,5596.50,5599.13,48029200
2001-10-30,5596.40,5596.40,5511.94,5529.18,75572200
2001-10-31,5530.52,5597.08,5525.89,5537.04,77789400
2001-11-01,5542.50,5612.92,5538.84,5610.77,78276800
2001-11-02,5610.65,5636.78,5600.52,5632.76,46288000
2001-11-05,5634.13,5691.09,5634.13,5681.07,74095800
2001-11-06,5681.02,5688.06,5647.95,5677.79,74761400
2001-11-07,5677.30,5679.05,5637.90,5638.04,81849800
2001-11-08,5640.09,5670.93,5636.51,5649.87,64621000
2001-11-09,5649.92,5649.92,5565.05,5596.38,86354200
2001-11-12,5588.19,5588.36,5514.41,5524.57,83516000
2001-11-13,5530.70,5663.91,5530.70,5663.35,109933600
2001-11-14,5663.84,5767.48,5663.84,5751.72,105139200
2001-11-15,5751.85,5786.83,5735.30,5778.65,73463600
2001-11-16,5772.21,5781.45,5712.46,5712.46,55221800
2001-11-19,5711.82,5741.28,5698.11,5699.19,39710000
2001-11-21,5689.67,5690.06,5635.27,5674.41,72253800
2001-11-22,5674.22,5685.39,5666.86,5685.39,15920000
2001-11-23,5685.29,5735.18,5674.49,5734.90,44168000
2001-11-26,5735.12,5761.86,5721.29,5759.49,74840400
2001-11-27,5759.33,5865.87,5749.25,5860.44,116155200
2001-11-28,5861.12,5907.35,5840.93,5848.21,108032200
2001-11-29,5847.36,5856.60,5812.07,5841.34,68471200
2001-11-30,5841.00,5850.04,5817.16,5832.83,49232400
2001-12-03,5833.05,5871.79,5800.06,5870.93,45163000
2001-12-04,5872.31,5931.43,5872.31,5931.43,84118200
2001-12-05,5931.66,6111.36,5931.66,6099.28,166463600
2001-12-06,6099.56,6176.62,6084.96,6101.72,122803600
2001-12-07,6101.59,6157.77,6081.03,6141.19,69933800
2001-12-10,6139.26,6162.24,6117.12,6126.38,52561600
2001-12-11,6136.03,6200.55,6134.80,6150.26,95167400
2001-12-13,6150.09,6150.46,6057.17,6075.06,110528600
2001-12-14,6074.18,6139.34,6069.25,6139.07,70246200
2001-12-17,6133.55,6271.96,6133.55,6271.49,81921600
2001-12-18,6271.54,6326.36,6247.09,6268.97,94824600
2001-12-19,6268.54,6271.56,6208.01,6250.74,98320400
2001-12-20,6252.56,6268.88,6225.44,6263.29,80332200
2001-12-21,6263.26,6381.51,6252.54,6380.60,79569200
2001-12-24,6380.39,6384.31,6368.95,6374.49,17999000
2001-12-26,6374.78,6397.43,6368.30,6371.84,30796400
2001-12-27,6371.93,6422.17,6369.42,6419.19,44561200
2001-12-28,6419.26,6490.10,6419.26,6467.09,47260200
2001-12-31,6466.02,6466.06,6372.25,6372.28,27719200
2002-01-02,6386.18,6415.85,6382.02,6410.05,51760600
2002-01-03,6410.09,6603.75,6410.09,6603.75,96944600
2002-01-04,6604.07,6655.69,6604.07,6612.08,81359000
2002-01-07,6615.87,6635.95,6556.31,6565.44,69113000
2002-01-08,6566.09,6642.31,6561.85,6641.14,101847600
2002-01-09,6641.46,6674.04,6557.93,6560.58,132861400
2002-01-10,6560.26,6560.26,6452.86,6453.01,98285600
2002-01-11,6453.11,6518.93,6420.08,6420.15,85923800
2002-01-14,6420.56,6420.56,6365.72,6388.27,51303400
2002-01-15,6390.32,6600.01,6390.32,6573.19,164219800
2002-01-16,6572.90,6620.60,6538.34,6579.35,107376800
2002-01-17,6579.28,6620.08,6579.28,6604.66,88007000
2002-01-18,6592.99,6614.86,6570.21,6600.73,68262600
2002-01-21,6600.79,6615.47,6586.74,6607.80,15389800
2002-01-22,6608.28,6646.55,6579.16,6590.04,75112800
2002-01-23,6589.89,6784.29,6586.69,6782.78,134204400
2002-01-24,6786.87,6889.39,6766.76,6768.30,142801600
2002-01-25,6771.77,6833.09,6708.61,6831.43,120757200
2002-01-28,6831.19,6894.28,6831.19,6872.44,120589200
2002-01-29,6872.64,6910.92,6772.48,6793.38,94102400
2002-01-30,6789.49,6793.92,6730.50,6750.80,113321000
2002-01-31,6751.77,6927.87,6751.77,6927.87,112491800
2002-02-01,6925.19,7011.03,6871.48,6901.81,142422600
2002-02-04,6901.14,6914.95,6838.57,6865.13,61501400
2002-02-06,6857.10,6857.10,6703.14,6786.74,165265000
2002-02-07,6784.09,6929.12,6755.45,6780.94,133454600
2002-02-08,6780.65,6800.45,6650.20,6681.45,87171600
2002-02-11,6681.58,6686.07,6575.32,6589.84,74548600
2002-02-12,6589.79,6673.99,6559.04,6673.36,86962200
2002-02-13,6678.14,6728.66,6676.61,6715.55,80857000
2002-02-14,6716.04,6785.11,6716.04,6717.61,83573200
2002-02-15,6718.50,6736.13,6696.74,6697.67,52402400
2002-02-18,6697.63,6701.28,6668.39,6679.71,6559600
2002-02-19,6679.35,6679.35,6609.30,6609.30,0
2002-02-20,6609.97,6609.97,6512.42,6583.99,102029600
2002-02-21,6581.10,6582.08,6513.28,6533.64,103010400
2002-02-22,6533.80,6542.02,6450.21,6473.12,72358000
2002-02-25,6473.38,6567.35,6470.77,6562.94,63529600
2002-02-26,6565.09,6651.24,6562.64,6637.96,95510400
2002-02-27,6641.72,6795.90,6641.72,6795.90,128986200
2002-02-28,6796.22,6869.99,6734.44,6734.44,0
2002-03-01,6736.06,6898.00,6726.80,6898.00,94186000
2002-03-04,6898.41,7042.05,6898.41,7029.60,116397400
2002-03-05,7029.02,7113.90,7021.73,7053.54,143532400
2002-03-06,7053.57,7200.32,7052.59,7154.14,171938400
2002-03-07,7155.01,7210.62,7060.66,7061.00,125799000
2002-03-08,7061.06,7210.95,7061.06,7192.22,109362000
2002-03-11,7192.55,7213.06,7159.58,7161.40,86939800
2002-03-12,7161.08,7278.06,7113.55,7278.06,85746800
2002-03-13,7278.55,7328.53,7218.35,7218.51,110427800
2002-03-14,7214.17,7252.90,7165.63,7188.77,70800600
2002-03-15,7188.33,7273.30,7172.47,7273.08,60889000
2002-03-18,7274.41,7352.56,7274.41,7344.57,94455000
2002-03-19,7345.90,7438.54,7345.90,7427.92,128914000
2002-03-20,7428.15,7450.44,7369.14,7384.13,79535000
2002-03-22,7384.44,7445.55,7339.44,7439.50,79625800
2002-03-25,7439.31,7440.15,7368.39,7381.57,61425800
2002-03-26,7381.74,7427.30,7329.90,7351.19,87950600
2002-03-27,7350.52,7366.21,7316.66,7361.86,59793400
2002-04-01,7362.14,7427.16,7341.35,7371.89,64898400
2002-04-02,7370.15,7387.31,7316.69,7316.69,90064800
2002-04-03,7316.59,7319.60,7191.75,7191.94,122552000
2002-04-04,7190.61,7260.88,7169.61,7253.50,97729000
2002-04-05,7254.18,7357.01,7254.18,7335.76,102533000
2002-04-08,7325.07,7325.07,7270.58,7271.77,57730800
2002-04-09,7272.10,7294.73,7235.67,7271.22,96562400
2002-04-10,7277.89,7518.07,7277.89,7517.68,132125800
2002-04-11,7517.79,7611.12,7441.52,7441.52,155587200
2002-04-12,7441.85,7505.10,7389.83,7391.25,112111600
2002-04-15,7391.92,7426.98,7383.88,7396.72,53810600
2002-04-16,7400.14,7536.01,7400.14,7535.07,113047400
2002-04-17,7537.74,7583.39,7535.92,7574.35,108244000
2002-04-18,7574.68,7589.55,7445.25,7532.14,103307600
2002-04-19,7532.20,7546.79,7474.88,7509.22,70285600
2002-04-22,7512.55,7512.55,7429.54,7435.13,64672600
2002-04-23,7433.69,7449.29,7383.80,7403.38,76632400
2002-04-24,7416.06,7512.81,7402.98,7504.73,80134800
2002-04-25,7504.09,7535.79,7440.68,7476.37,93387600
2002-04-26,7476.58,7518.36,7476.44,7491.78,79977200
2002-04-29,7491.81,7516.24,7434.15,7434.19,54864800
2002-04-30,7434.43,7481.31,7434.31,7480.74,58269800
2002-05-02,7480.37,7526.08,7468.45,7486.86,108095400
2002-05-03,7486.93,7529.80,7429.78,7521.95,82334600
2002-05-06,7522.12,7588.69,7519.95,7542.48,61065800
2002-05-07,7543.65,7544.43,7422.15,7431.89,93702400
2002-05-08,7433.29,7517.89,7410.99,7517.84,110833000
2002-05-09,7502.68,7502.68,7349.82,7351.08,87051000
2002-05-10,7352.98,7373.21,7293.68,7303.57,78856400
2002-05-13,7303.78,7364.96,7275.77,7307.16,47938800
2002-05-14,7307.41,7374.68,7307.41,7361.94,62533400
2002-05-15,7360.57,7422.33,7316.51,7402.80,72893600
2002-05-16,7402.89,7514.99,7401.26,7514.90,147077400
2002-05-17,7515.78,7580.55,7514.07,7537.82,111057000
2002-05-20,7540.61,7544.12,7443.96,7469.68,57627200
2002-05-21,7473.58,7480.36,7375.49,7385.92,64296000
2002-05-22,7386.15,7386.15,7310.30,7385.15,59834800
2002-05-23,7385.18,7399.44,7352.30,7398.50,55579200
2002-05-24,7397.13,7429.67,7366.43,7366.43,50575200
2002-05-27,7366.51,7377.57,7343.06,7357.24,14459000
2002-05-28,7359.14,7360.28,7229.01,7303.57,115782200
2002-05-29,7304.26,7305.04,7104.62,7130.71,109063400
2002-05-30,7130.60,7145.93,7039.70,7061.40,89595800
2002-05-31,7062.37,7141.12,7030.34,7031.64,64678400
2002-06-03,7034.22,7070.47,6995.84,6997.05,46562600
2002-06-04,7000.25,7016.41,6948.14,7016.14,67456000
2002-06-05,7016.83,7030.65,6925.64,6974.92,74243800
2002-06-06,6975.00,6975.00,6769.58,6791.91,109955000
2002-06-07,6789.16,6882.34,6735.78,6857.42,91623800
2002-06-10,6859.99,6941.89,6834.95,6835.00,59121200
2002-06-11,6835.67,6916.35,6835.67,6862.89,84615800
2002-06-12,6863.56,6863.56,6789.70,6801.65,80922800
2002-06-14,6760.35,6760.35,6660.34,6720.37,76157000
2002-06-17,6722.11,6810.84,6722.11,6788.94,67680000
2002-06-18,6789.23,6791.47,6713.26,6765.19,141168800
2002-06-19,6764.91,6791.03,6675.96,6691.04,91899600
2002-06-20,6679.34,6685.26,6572.23,6580.81,149607200
2002-06-21,6580.68,6580.68,6494.83,6502.97,103763600
2002-06-24,6498.95,6498.95,6330.59,6331.32,92066800
2002-06-25,6331.25,6449.73,6331.25,6354.26,141187000
2002-06-26,6353.53,6353.53,6104.56,6171.63,136714200
2002-06-27,6171.72,6401.45,6171.72,6400.89,121243400
2002-06-28,6400.92,6541.25,6400.92,6460.95,101732400
2002-07-01,6461.57,6468.17,6362.76,6363.05,50672200
2002-07-02,6363.36,6364.20,6279.03,6306.52,87330400
2002-07-03,6306.62,6337.54,6216.19,6326.49,61312800
2002-07-04,6326.53,6362.18,6326.53,6352.89,13310000
2002-07-05,6356.23,6495.65,6356.23,6462.83,65670200
2002-07-08,6472.81,6504.20,6448.28,6488.92,66159800
2002-07-09,6488.03,6561.75,6457.28,6460.95,72666800
2002-07-10,6461.18,6504.51,6366.84,6371.27,54769200
2002-07-11,6369.37,6415.85,6317.08,6390.17,71061400
2002-07-12,6390.86,6444.01,6366.86,6400.42,70469600
2002-07-15,6400.67,6400.67,6255.16,6372.08,52169000
2002-07-16,6371.50,6378.89,6293.38,6316.16,71876200
2002-07-17,6316.71,6403.28,6316.71,6403.28,72998200
2002-07-18,6401.16,6460.09,6385.22,6433.83,61903600
2002-07-19,6433.48,6433.48,6336.61,6336.95,52481400
2002-07-22,6334.66,6338.88,6095.40,6113.83,79729200
2002-07-23,6115.50,6133.73,5891.91,5892.41,93902000
2002-07-24,5892.13,6021.33,5763.59,6010.42,99544400
2002-07-25,6004.84,6026.74,5868.03,5922.34,82190400
2002-07-26,5933.25,5937.05,5811.79,5900.44,67538600
2002-07-29,5900.74,6114.15,5900.74,6103.88,75401000
2002-07-30,6106.67,6118.21,6012.80,6014.68,67250400
2002-07-31,6014.44,6034.82,5957.68,6021.84,86650800
2002-08-01,6017.66,6021.69,5754.64,5755.99,115326800
2002-08-02,5756.28,5780.67,5621.67,5644.70,90589000
2002-08-05,5644.88,5644.88,5500.76,5534.47,63378000
2002-08-06,5535.17,5777.12,5535.17,5747.44,85663600
2002-08-07,5755.09,5879.73,5755.09,5855.90,76644400
2002-08-08,5854.84,6045.59,5854.84,6029.77,92845600
2002-08-09,6025.72,6026.36,5908.80,5913.21,81035600
2002-08-12,5909.20,5926.19,5883.06,5901.83,54416400
2002-08-13,5901.48,5954.63,5841.90,5841.90,57470200
2002-08-14,5843.26,6055.83,5825.06,6053.60,69410800
2002-08-15,6056.90,6147.22,6056.90,6146.11,95135000
2002-08-16,6145.23,6254.82,6136.56,6190.60,95933000
2002-08-19,6190.73,6286.16,6190.73,6200.87,69856800
2002-08-20,6200.32,6207.84,6136.69,6192.91,61473600
2002-08-21,6193.05,6270.27,6193.05,6267.88,76332600
2002-08-22,6268.94,6304.51,6216.78,6239.49,68512000
2002-08-23,6238.08,6238.08,6139.96,6148.89,45809000
2002-08-26,6150.98,6269.44,6143.62,6262.44,49356200
2002-08-27,6262.48,6298.60,6156.78,6157.42,71237600
2002-08-28,6156.22,6156.22,6074.93,6115.56,67408400
2002-08-29,6111.67,6188.05,6047.38,6181.67,87223200
2002-08-30,6181.32,6251.44,6166.89,6216.43,73172200
2002-09-02,6212.95,6217.18,6156.46,6165.93,9424200
2002-09-03,6166.29,6222.90,6085.29,6094.29,66157400
2002-09-04,6094.06,6122.54,6061.64,6114.35,64680400
2002-09-05,6110.88,6110.88,6056.71,6067.25,51160600
2002-09-06,6065.26,6119.44,6060.09,6113.32,50910000
2002-09-09,6113.27,6194.95,6101.38,6159.90,56726000
2002-09-10,6167.15,6230.22,6167.15,6225.16,62472400
2002-09-11,6225.29,6305.12,6225.05,6260.61,64473600
2002-09-12,6260.42,6262.83,6219.93,6219.93,58498800
2002-09-13,6219.79,6224.71,6190.07,6190.52,46738400
2002-09-17,6195.09,6204.14,6078.23,6079.95,47877800
2002-09-18,6078.37,6078.37,5943.76,5960.38,79796400
2002-09-19,5960.04,5960.04,5641.17,5645.00,103022400
2002-09-20,5645.69,5791.47,5645.69,5788.78,63538800
2002-09-23,5789.13,5789.13,5683.60,5741.73,51195400
2002-09-24,5740.85,5770.10,5701.39,5705.67,84063000
2002-09-25,5706.63,5838.26,5706.63,5808.44,90815000
2002-09-26,5810.50,6003.57,5810.50,5956.93,102063600
2002-09-27,5957.17,5957.17,5788.17,5801.12,81619400
2002-09-30,5794.94,5794.94,5685.52,5728.46,0
2002-10-01,5748.37,5944.40,5734.30,5926.66,76790200
2002-10-02,5926.49,5985.20,5827.01,5827.71,79975000
2002-10-03,5829.53,5925.89,5829.53,5898.38,76822600
2002-10-04,5900.20,5918.98,5859.71,5869.22,48036200
2002-10-07,5874.70,5897.29,5789.06,5853.55,36526600
2002-10-08,5855.31,5875.33,5820.79,5849.42,54193000
2002-10-09,5848.73,5848.73,5761.89,5762.40,50359200
2002-10-10,5762.45,5803.65,5747.66,5762.15,54426000
2002-10-11,5766.26,5864.36,5766.26,5845.33,58199400
2002-10-14,5841.22,5885.87,5825.85,5865.18,22740800
2002-10-15,5865.43,6040.32,5865.43,6040.32,103006000
2002-10-16,6039.97,6039.97,5924.94,5924.94,55911400
2002-10-17,5926.31,6001.50,5926.31,5985.77,85365400
2002-10-18,5986.92,5990.20,5957.57,5973.21,52193000
2002-10-21,5975.95,6035.79,5945.19,6017.37,62834400
2002-10-22,6013.94,6015.54,5952.29,5979.57,52181800
2002-10-23,5979.45,6016.19,5960.92,6000.62,50619600
2002-10-24,6000.76,6014.68,5908.07,5908.07,42635800
2002-10-25,5907.73,5929.95,5903.65,5905.58,31829200
2002-10-28,5906.64,5940.70,5887.29,5887.29,53331400
2002-10-29,5876.61,5901.62,5832.58,5893.76,63284800
2002-10-30,5894.29,5988.89,5894.29,5963.83,48401400
2002-10-31,5966.57,5988.48,5946.66,5967.73,79131400
2002-11-01,5967.53,6054.22,5965.21,6045.16,59028200
2002-11-04,6046.74,6150.43,6046.74,6058.90,92843200
2002-11-05,6058.63,6073.96,6011.15,6040.17,0
2002-11-06,6041.93,6064.27,6017.63,6064.00,56273200
2002-11-07,6064.04,6064.04,5999.20,6009.93,51371200
2002-11-08,6009.84,6031.78,5973.66,5988.53,37376600
2002-11-11,5984.63,5984.63,5891.00,5891.79,44073000
2002-11-12,5891.74,5915.21,5864.46,5865.11,55136200
2002-11-13,5864.05,5864.05,5788.27,5813.36,59581000
2002-11-14,5816.71,5915.66,5816.71,5898.06,52778200
2002-11-15,5898.18,5903.81,5819.09,5819.09,53298800
2002-11-18,5819.44,5825.15,5725.61,5726.00,42777200
2002-11-19,5724.05,5724.05,5625.04,5641.74,60571000
2002-11-21,5643.15,5859.79,5643.06,5859.05,92791000
2002-11-22,5858.34,5876.21,5803.83,5818.43,52392000
2002-11-25,5817.75,5875.14,5815.67,5861.82,24347800
2002-11-26,5861.68,5940.53,5842.51,5922.41,56936000
2002-11-27,5922.75,6132.13,5922.75,6129.25,104740400
2002-11-28,6129.94,6178.80,6115.72,6158.49,23908000
2002-11-29,6158.75,6158.97,6125.49,6156.83,45663600
2002-12-02,6160.36,6263.76,6160.36,6223.59,81629600
2002-12-03,6223.52,6248.06,6167.79,6221.68,49735800
2002-12-04,6220.31,6220.31,6156.46,6187.67,49046600
2002-12-05,6190.40,6200.10,6148.99,6152.01,34074200
2002-12-06,6146.52,6154.97,6116.56,6126.23,42236400
2002-12-09,6126.36,6130.21,6018.08,6053.75,34255000
2002-12-10,6053.40,6093.42,6053.40,6081.52,42920000
2002-12-11,6082.23,6173.63,6080.78,6135.39,49175400
2002-12-13,6135.70,6153.23,6113.34,6114.20,49390600
2002-12-16,6115.69,6191.27,6115.69,6185.95,56482200
2002-12-17,6183.46,6197.69,6146.24,6168.46,41336600
2002-12-18,6142.97,6167.82,6073.08,6089.66,46549600
2002-12-19,6089.49,6130.84,6082.49,6120.46,0
2002-12-20,6119.04,6154.14,6118.46,6130.83,124753400
2002-12-23,6137.13,6160.51,6137.13,6153.22,14814200
2002-12-24,6153.45,6158.21,6113.81,6151.48,5767000
2002-12-26,6153.32,6194.63,6151.17,6182.91,11294200
2002-12-27,6182.86,6190.78,6118.74,6126.24,12421400
2002-12-30,6126.13,6131.93,6089.74,6124.51,20230400
2002-12-31,6127.00,6133.74,6098.84,6127.09,19741200
2003-01-02,6131.66,6231.75,6120.81,6225.40,17226400
2003-01-03,6225.28,6264.85,6219.90,6253.34,29917400
2003-01-06,6256.37,6363.74,6256.37,6333.46,76741000
2003-01-07,6331.68,6332.90,6278.70,6279.28,52682200
2003-01-08,6279.81,6299.75,6262.34,6266.48,47375200
2003-01-09,6271.01,6333.00,6271.01,6329.96,44728200
2003-01-10,6328.36,6383.48,6315.63,6353.03,48821400
2003-01-13,6352.90,6396.91,6347.19,6364.64,31325800
2003-01-14,6365.71,6407.00,6361.53,6407.00,65750200
2003-01-15,6404.76,6415.85,6378.91,6398.90,76527800
2003-01-16,6399.72,6404.18,6324.24,6331.99,67639400
2003-01-17,6330.92,6331.57,6204.46,6204.46,86215400
2003-01-20,6203.15,6203.61,6160.73,6161.12,20846000
2003-01-21,6161.48,6170.52,6087.31,6092.13,70584600
2003-01-22,6091.62,6091.62,6009.26,6024.09,59733000
2003-01-23,6024.13,6064.98,6021.58,6054.44,39030600
2003-01-24,6056.40,6057.70,5984.35,6012.56,38200600
2003-01-27,6009.54,6009.54,5903.57,5923.33,41689800
2003-01-28,5919.33,5929.77,5860.16,5919.70,68146200
2003-01-29,5918.32,5950.14,5874.05,5937.97,60833600
2003-01-30,5940.74,5953.12,5870.51,5870.51,58760800
2003-01-31,5870.33,5955.07,5867.85,5954.35,48041800
2003-02-03,5954.09,6059.55,5949.93,6031.81,39921000
2003-02-04,6030.53,6032.00,5955.00,5968.46,42085000
2003-02-06,5967.73,5967.73,5881.79,5894.27,50534600
2003-02-07,5898.97,5914.84,5838.46,5866.03,69819200
2003-02-10,5866.22,5877.99,5837.79,5837.89,83299200
2003-02-11,5834.34,5850.75,5778.42,5779.45,56102800
2003-02-12,5779.26,5789.67,5753.82,5763.87,66217000
2003-02-13,5764.05,5791.58,5718.21,5791.39,52902000
2003-02-14,5790.68,5796.65,5749.16,5774.39,66070800
2003-02-17,5773.14,5833.11,5773.14,5829.87,18239600
2003-02-18,5831.69,5897.31,5813.34,5880.01,71613600
2003-02-19,5880.19,5882.14,5845.33,5857.35,48268200
2003-02-20,5856.94,5896.79,5853.57,5880.90,46547200
2003-02-21,5882.13,5958.11,5876.88,5956.97,38371600
2003-02-24,5956.30,5956.30,5911.94,5913.68,32499800
2003-02-25,5910.84,5910.84,5816.81,5869.21,68199600
2003-02-26,5871.03,5889.12,5853.53,5869.79,56797800
2003-02-27,5869.74,5901.52,5866.12,5900.02,47488600
2003-02-28,5902.15,5934.75,5902.15,5927.06,58529800
2003-03-03,5925.17,5941.19,5920.45,5926.65,58249400
2003-03-04,5926.29,5926.29,5892.66,5911.24,40439000
2003-03-05,5910.58,5930.01,5909.01,5914.41,52767200
2003-03-06,5914.47,5928.43,5893.50,5913.92,44486200
2003-03-07,5913.61,5913.61,5878.04,5907.93,41863800
2003-03-10,5908.18,5908.23,5859.77,5859.77,74209400
2003-03-11,5859.95,5865.76,5821.10,5821.10,53012400
2003-03-12,5821.15,5821.15,5764.77,5809.97,55280400
2003-03-13,5810.43,5936.04,5810.43,5931.96,74800400
2003-03-14,5932.51,5993.30,5918.92,5993.01,64558600
2003-03-17,5991.59,6014.16,5968.86,6009.92,73244200
2003-03-18,6011.94,6048.90,6011.94,6042.76,72161000
2003-03-19,6044.18,6054.18,5995.21,6017.43,51586400
2003-03-20,6013.93,6050.59,5984.70,6048.41,54776800
2003-03-24,6049.12,6058.22,5923.76,5924.34,58956600
2003-03-25,5922.92,5955.68,5894.67,5937.99,67531000
2003-03-26,5931.36,5974.71,5923.86,5952.38,48593000
2003-03-27,5952.68,5975.20,5933.04,5951.34,56542200
2003-03-28,5951.20,5962.92,5938.20,5947.48,41961000
2003-03-31,5947.01,5947.01,5895.72,5914.03,52620000
2003-04-01,5914.69,5916.37,5881.98,5895.76,51801400
2003-04-02,5899.01,6030.59,5899.01,6008.51,67511400
2003-04-03,6009.93,6072.52,6007.80,6034.74,66493000
2003-04-04,6035.69,6176.99,6035.69,6158.97,86367400
2003-04-07,6168.23,6292.35,6168.23,6257.13,108733000
2003-04-08,6258.55,6277.22,6220.57,6259.46,54594600
2003-04-09,6260.19,6262.33,6212.14,6212.14,44270200
2003-04-10,6212.69,6212.69,6135.26,6154.02,67218600
2003-04-11,6154.07,6190.03,6154.02,6175.22,45029800
2003-04-14,6175.05,6232.74,6167.09,6232.74,28881400
2003-04-15,6232.75,6335.22,6232.75,6333.59,69248200
2003-04-16,6328.67,6349.53,6304.10,6306.60,49235600
2003-04-21,6306.35,6336.50,6302.00,6326.65,36347200
2003-04-22,6327.74,6390.87,6299.83,6373.91,59696200
2003-04-23,6373.38,6402.50,6360.83,6385.11,63023400
2003-04-24,6384.38,6390.67,6331.61,6379.44,82569600
2003-04-25,6378.40,6387.88,6328.93,6333.00,55289600
2003-04-28,6333.35,6430.88,6332.92,6428.20,63942400
2003-04-29,6428.67,6533.95,6428.67,6499.69,78425400
2003-04-30,6502.06,6549.05,6484.99,6509.88,75227400
2003-05-02,6509.91,6591.05,6485.83,6590.92,82059900
2003-05-05,6588.95,6611.89,6570.12,6608.18,57384400
2003-05-06,6604.15,6651.22,6600.06,6614.68,72420400
2003-05-07,6610.40,6610.40,6551.15,6575.29,78677200
2003-05-08,6575.86,6575.86,6404.15,6408.62,94256000
2003-05-09,6408.56,6494.31,6408.56,6488.49,64939400
2003-05-12,6488.84,6516.25,6475.98,6496.43,47962400
2003-05-13,6491.19,6517.90,6478.33,6491.89,88080200
2003-05-14,6492.26,6550.69,6486.54,6549.79,76939200
2003-05-15,6550.42,6643.11,6547.55,6633.51,68363800
2003-05-16,6633.56,6633.56,6552.86,6556.91,43047400
2003-05-19,6556.95,6556.95,6469.18,6469.18,43252400
2003-05-20,6468.88,6480.94,6380.40,6388.49,79739800
2003-05-21,6385.87,6457.33,6356.70,6410.82,64063200
2003-05-22,6411.47,6528.20,6411.47,6510.89,64249600
2003-05-23,6510.73,6590.30,6510.73,6586.92,56902400
2003-05-26,6587.28,6595.09,6544.70,6545.78,8740800
2003-05-27,6546.45,6662.64,6532.76,6650.31,104067800
2003-05-28,6652.52,6738.28,6652.52,6667.35,100138600
2003-05-29,6667.90,6720.56,6641.18,6647.71,64295400
2003-05-30,6647.84,6728.65,6647.74,6699.18,90090000
2003-06-02,6699.64,6793.48,6699.25,6722.24,85395200
2003-06-03,6722.27,6746.19,6712.84,6738.97,54616400
2003-06-04,6738.90,6895.05,6738.90,6889.76,107623800
2003-06-05,6889.11,6903.66,6849.34,6873.39,101653800
2003-06-06,6877.68,6962.82,6870.60,6870.60,97260600
2003-06-09,6871.31,6881.84,6792.79,6801.59,52548800
2003-06-10,6804.28,6925.19,6804.28,6924.99,78140200
2003-06-11,6924.46,6982.02,6899.24,6979.68,69325800
2003-06-12,6979.86,7060.50,6976.26,7060.50,80758800
2003-06-13,7058.20,7058.20,6984.20,6984.63,134018000
2003-06-16,6984.68,7029.16,6978.32,7019.49,0
2003-06-17,7020.73,7130.38,7020.73,7130.23,119234400
2003-06-18,7129.59,7184.18,7094.96,7125.41,99230400
2003-06-19,7127.96,7134.57,7067.12,7084.01,68801200
2003-06-20,7086.59,7100.45,7053.31,7080.69,76058200
2003-06-23,7082.82,7082.97,6987.34,7015.08,73494800
2003-06-24,7014.81,7115.16,7012.97,7114.40,85278000
2003-06-25,7114.73,7178.33,7078.36,7078.36,85169200
2003-06-26,7078.54,7119.12,7075.91,7118.47,60067400
2003-06-27,7118.51,7125.76,7080.23,7083.45,65347800
2003-06-30,7083.76,7093.85,7047.75,7054.99,63679800
2003-07-01,7054.76,7140.88,7017.55,7123.54,87139800
2003-07-02,7123.79,7179.99,7123.79,7164.02,67779800
2003-07-03,7163.29,7163.29,7119.98,7127.42,40595800
2003-07-04,7127.62,7142.85,7117.59,7142.85,7838600
2003-07-07,7143.03,7222.43,7130.18,7215.03,86435600
2003-07-08,7215.08,7234.94,7189.10,7234.94,111894400
2003-07-09,7234.98,7235.01,7147.80,7171.89,85030200
2003-07-10,7171.52,7171.52,7055.46,7096.04,78455200
2003-07-11,7096.94,7108.30,7075.48,7083.82,40668000
2003-07-14,7085.19,7168.09,7085.19,7167.54,55785200
2003-07-15,7170.38,7192.35,7119.63,7120.31,59489400
2003-07-16,7122.44,7128.64,7023.29,7023.94,75677800
2003-07-17,7023.41,7023.79,6991.39,6999.07,89130000
2003-07-18,6999.04,7044.33,6980.32,7030.76,50208800
2003-07-21,7032.13,7035.76,7001.02,7024.73,44594400
2003-07-22,7025.41,7169.40,7025.41,7164.29,96276200
2003-07-23,7164.93,7280.91,7164.93,7280.65,111538000
2003-07-24,7280.83,7357.53,7280.15,7309.41,139990000
2003-07-25,7309.61,7355.75,7274.43,7349.96,58668000
2003-07-28,7350.02,7354.75,7312.87,7314.22,63012800
2003-07-29,7314.93,7316.36,7226.19,7233.20,70274400
2003-07-30,7240.98,7271.28,7235.12,7260.20,52710600
2003-07-31,7262.66,7369.23,7262.66,7355.07,80611800
2003-08-01,7354.98,7354.98,7306.89,7320.41,37292400
2003-08-04,7319.23,7348.81,7275.50,7344.43,40675000
2003-08-05,7344.59,7357.36,7273.45,7273.45,49757600
2003-08-06,7272.77,7272.77,7218.80,7230.07,46536400
2003-08-07,7230.06,7306.35,7230.06,7304.67,56988200
2003-08-08,7306.78,7346.62,7306.78,7316.69,39802600
2003-08-11,7316.76,7363.95,7308.25,7356.62,29378600
2003-08-12,7356.68,7364.34,7328.62,7358.37,42913200
2003-08-13,7359.01,7394.35,7325.10,7368.92,59381800
2003-08-14,7368.89,7470.25,7364.57,7421.74,72243000
2003-08-15,7421.77,7458.97,7407.10,7418.43,0
2003-08-18,7420.26,7501.83,7420.05,7500.01,0
2003-08-19,7499.99,7524.38,7465.55,7487.57,91021000
2003-08-20,7486.90,7489.30,7426.87,7460.15,95411600
2003-08-21,7460.28,7517.08,7460.28,7498.31,77198400
2003-08-22,7498.46,7541.02,7481.79,7493.73,68784800
2003-08-25,7494.99,7494.99,7412.98,7435.33,40689800
2003-08-26,7435.40,7449.36,7400.54,7437.72,47849400
2003-08-27,7439.00,7515.17,7436.65,7502.08,58925600
2003-08-28,7501.81,7566.62,7501.81,7563.49,79088600
2003-08-29,7568.48,7596.69,7563.10,7591.42,58074600
2003-09-01,7593.25,7634.72,7592.12,7631.82,16766600
2003-09-02,7631.85,7672.86,7596.21,7671.74,90706800
2003-09-03,7671.78,7780.41,7670.40,7719.12,103441600
2003-09-04,7717.65,7746.65,7692.60,7719.48,63804200
2003-09-05,7720.12,7778.88,7720.12,7775.34,70814200
2003-09-08,7775.54,7833.04,7775.54,7814.63,75571400
2003-09-09,7815.31,7817.37,7731.81,7732.90,64204600
2003-09-10,7732.17,7752.77,7690.57,7734.72,68462600
2003-09-11,7734.80,7748.94,7720.11,7741.87,75470800
2003-09-12,7741.72,7741.82,7704.67,7712.75,53859800
2003-09-15,7714.77,7740.01,7697.03,7729.14,44432200
2003-09-17,7729.77,7746.57,7698.02,7746.54,80226600
2003-09-18,7746.45,7869.11,7745.73,7868.28,69871000
2003-09-19,7868.18,7902.09,7833.39,7891.67,64311400
2003-09-22,7891.63,7891.81,7791.77,7815.47,48886600
2003-09-23,7815.57,7837.54,7794.56,7834.47,51017800
2003-09-24,7835.05,7861.46,7787.48,7788.08,61942600
2003-09-25,7788.85,7793.60,7764.48,7771.93,136972600
2003-09-26,7771.79,7800.21,7760.12,7786.22,50282200
2003-09-29,7795.11,7836.36,7783.54,7836.36,37678400
2003-09-30,7836.90,7852.23,7795.02,7822.48,76826400
2003-10-01,7825.41,7948.33,7822.61,7937.18,0
2003-10-02,7933.18,7937.89,7775.80,7775.80,79460600
2003-10-03,7776.51,7876.03,7776.46,7838.77,66968200
2003-10-06,7839.48,7839.48,7792.30,7816.31,43087400
2003-10-07,7813.08,7834.21,7784.31,7825.01,55686400
2003-10-08,7825.05,7852.67,7809.14,7812.07,61218600
2003-10-09,7812.22,7999.16,7812.22,7937.00,98903400
2003-10-10,7937.05,7962.76,7918.02,7949.03,59042200
2003-10-13,7949.66,7970.86,7939.59,7960.42,47453600
2003-10-14,7962.31,7962.31,7883.21,7886.72,70490800
2003-10-15,7886.90,7912.39,7839.33,7843.70,65156200
2003-10-16,7842.08,7862.71,7823.55,7838.14,59776800
2003-10-17,7838.35,7885.24,7838.35,7859.82,63587200
2003-10-20,7859.92,7880.31,7836.96,7875.77,49406600
2003-10-21,7877.66,7943.24,7874.03,7936.68,80269600
2003-10-22,7938.81,7938.81,7874.62,7914.14,82402400
2003-10-23,7912.01,7912.01,7871.27,7874.05,61494600
2003-10-24,7872.95,7872.95,7819.78,7842.86,94511200
2003-10-27,7842.91,7912.85,7842.29,7905.21,0
2003-10-28,7905.19,7931.04,7891.00,7928.72,96813000
2003-10-29,7929.00,7959.86,7907.18,7925.20,90069600
2003-10-30,7927.10,8054.02,7927.10,8022.94,85966800
2003-10-31,8023.19,8064.99,8019.45,8064.83,104473000
2003-11-03,8064.88,8243.50,8064.88,8237.16,133653000
2003-11-04,8237.24,8324.63,8235.72,8265.85,139762400
2003-11-05,8265.78,8282.27,8218.65,8232.06,92869400
2003-11-06,8231.69,8347.58,8228.17,8342.63,100100600
2003-11-07,8343.32,8455.81,8343.32,8430.60,122613600
2003-11-10,8430.67,8434.06,8372.10,8372.10,55613400
2003-11-11,8371.56,8371.56,8323.38,8365.51,68420400
2003-11-12,8365.63,8542.89,8365.48,8539.31,106206800
2003-11-13,8540.02,8652.27,8539.59,8643.93,102857800
2003-11-14,8644.35,8660.21,8605.98,8606.03,72761800
2003-11-17,8606.75,8606.75,8473.71,8488.65,56702200
2003-11-18,8489.00,8548.00,8488.00,8542.00,64345400
2003-11-19,8535.41,8536.19,8330.78,8351.29,101967400
2003-11-21,8347.73,8347.73,8298.45,8335.12,45345000
2003-11-24,8334.02,8381.01,8164.73,8164.73,103448800
2003-11-25,8172.92,8309.29,8172.92,8288.81,99065600
2003-11-26,8291.71,8404.80,8288.43,8385.40,69468800
2003-11-27,8385.28,8459.44,8375.60,8455.98,13322200
2003-11-28,8455.68,8589.61,8443.76,8554.48,69003400
2003-12-01,8553.34,8659.09,8553.34,8621.11,73742000
2003-12-02,8621.38,8668.03,8541.04,8635.44,65050600
2003-12-03,8635.58,8642.67,8543.31,8553.74,61471200
2003-12-04,8553.60,8569.16,8515.29,8528.81,47054600
2003-12-05,8527.37,8530.31,8444.94,8489.54,52248800
2003-12-08,8489.76,8510.37,8456.08,8509.38,33663600
2003-12-09,8509.46,8509.53,8427.91,8429.03,66922000
2003-12-10,8428.96,8428.96,8333.84,8342.11,66339400
2003-12-11,8342.11,8441.26,8340.13,8441.09,83448800
2003-12-15,8440.49,8441.43,8323.24,8337.97,86955400
2003-12-16,8337.97,8366.56,8300.95,8348.34,70671200
2003-12-17,8348.34,8416.93,8343.60,8416.07,71747200
2003-12-18,8416.07,8541.04,8416.07,8519.70,91105800
2003-12-19,8520.03,8573.84,8517.38,8564.90,66489000
2003-12-22,8564.92,8598.22,8540.14,8564.90,42767200
2003-12-23,8564.76,8610.43,8554.58,8607.96,45739000
2003-12-24,8607.96,8641.39,8583.56,8636.05,27448200
2003-12-26,8635.15,8635.15,8599.89,8632.13,18236000
2003-12-29,8632.13,8731.52,8632.13,8729.53,41626400
2003-12-30,8729.53,8785.80,8728.78,8771.43,33939000
2003-12-31,8771.84,8805.37,8771.73,8795.28,20643800
2004-01-02,8795.28,8823.58,8776.97,8818.19,36236400
2004-01-05,8820.63,9056.24,8820.63,9054.11,117640400
2004-01-06,9054.25,9060.45,9015.26,9038.46,100755400
2004-01-07,9038.46,9116.31,9034.71,9098.22,148977000
2004-01-08,9100.14,9193.56,9100.05,9169.81,141707400
2004-01-09,9166.71,9216.71,9051.23,9102.82,114263000
2004-01-12,9110.87,9152.82,9104.57,9129.05,81220600
2004-01-13,9129.05,9156.53,9117.12,9141.58,80263000
2004-01-14,9142.12,9202.31,9107.10,9171.66,95568200
2004-01-15,9172.92,9178.11,9110.21,9135.16,104308400
2004-01-16,9137.72,9216.56,9134.29,9193.81,104352600
2004-01-19,9193.90,9243.65,9185.36,9242.57,27308800
2004-01-20,9243.20,9371.67,9243.20,9322.82,126998200
2004-01-21,9322.82,9458.24,9322.82,9427.80,153101800
2004-01-22,9427.80,9504.55,9401.67,9497.01,103723000
2004-01-23,9498.04,9639.26,9464.37,9480.24,178694600
2004-01-26,9480.24,9574.88,9473.75,9563.91,83836800
2004-01-27,9563.60,9612.56,9525.03,9612.14,133192600
2004-01-28,9612.46,9690.13,9549.76,9551.13,154516000
2004-01-29,9546.19,9564.00,9362.45,9444.23,117369000
2004-01-30,9444.23,9453.37,9369.84,9428.77,93671400
2004-02-02,9429.98,9650.95,9429.98,9633.86,348235600
2004-02-03,9640.70,9738.84,9640.70,9702.85,288586200
2004-02-04,9702.80,9748.61,9658.21,9674.18,211944000
2004-02-06,9674.30,9843.20,9674.30,9810.77,145574200
2004-02-09,9810.97,9893.09,9810.97,9882.35,113568000
2004-02-10,9882.35,9912.55,9802.35,9804.94,110326600
2004-02-11,9807.03,9876.11,9759.95,9875.32,159038400
2004-02-12,9874.64,9996.73,9862.30,9960.05,137527200
2004-02-13,9960.05,9987.99,9911.50,9982.87,148405800
2004-02-16,9981.52,10031.25,9976.77,10004.69,27608800
2004-02-17,10007.86,10192.94,10007.86,10100.05,201751400
2004-02-18,10110.98,10156.68,10090.99,10125.04,181321800
2004-02-19,10125.50,10142.66,10060.48,10072.23,247233200
2004-02-20,10072.23,10072.54,9803.90,9888.73,173057200
2004-02-23,9890.78,9896.47,9712.78,9764.39,159143200
2004-02-24,9764.39,9887.23,9699.97,9855.03,155731200
2004-02-25,9854.09,9926.88,9854.02,9926.67,115601800
2004-02-26,9928.15,10011.28,9918.98,10003.57,129083400
2004-02-27,10003.83,10023.60,9964.88,9991.80,187710400
2004-03-01,9992.48,10174.02,9992.48,10157.13,149985800
2004-03-02,10157.13,10229.02,10097.96,10106.44,128899200
2004-03-03,10106.08,10111.41,9968.36,10053.18,131371800
2004-03-04,10053.30,10196.63,10052.82,10196.17,142481800
2004-03-05,10196.17,10239.88,10146.97,10195.03,162616800
2004-03-08,10195.29,10201.74,10086.20,10095.87,106670600
2004-03-09,10095.47,10105.57,10038.58,10079.20,114955000
2004-03-10,10079.05,10095.85,9975.97,9978.71,117228400
2004-03-11,9978.58,9978.58,9725.50,9725.83,148449800
2004-03-12,9724.47,9837.92,9723.87,9837.33,97401400
2004-03-15,9837.33,9838.90,9766.70,9791.35,54206000
2004-03-16,9794.13,9890.87,9794.13,9877.29,85004000
2004-03-17,9867.67,9980.15,9867.37,9959.41,116580400
2004-03-18,9959.41,9959.44,9874.49,9952.01,67726200
2004-03-19,9953.40,10061.02,9953.40,10039.68,78669000
2004-03-22,10032.61,10032.61,9866.26,9928.32,80441600
2004-03-23,9928.02,10063.23,9928.02,10053.89,93718800
2004-03-24,10053.89,10163.01,10053.89,10161.65,91623000
2004-03-25,10161.90,10372.11,10161.90,10344.79,142041800
2004-03-26,10347.80,10494.35,10334.23,10432.00,93152800
2004-03-29,10428.15,10555.00,10428.15,10455.51,83018600
2004-03-30,10455.88,10470.10,10414.64,10468.75,59968200
2004-03-31,10469.48,10517.50,10442.84,10517.50,140339800
2004-04-01,10517.50,10672.91,10517.50,10611.87,127376800
2004-04-02,10612.01,10776.92,10612.01,10713.54,119179600
2004-04-05,10714.10,10749.23,10683.94,10749.23,43986900
2004-04-06,10749.23,10749.23,10699.76,10714.28,48189600
2004-04-07,10714.28,10780.95,10674.61,10746.58,53650600
2004-04-12,10742.11,10851.18,10742.11,10844.03,79604000
2004-04-13,10844.23,10894.32,10685.40,10686.59,90436800
2004-04-14,10685.28,10702.88,10609.91,10609.92,76757200
2004-04-15,10609.97,10610.42,10550.00,10610.42,91615200
2004-04-16,10610.42,10678.48,10589.80,10677.14,84649400
2004-04-19,10677.26,10701.12,10582.67,10646.81,82451600
2004-04-20,10647.01,10722.05,10647.01,10663.44,86466000
2004-04-21,10661.26,10661.63,10520.01,10539.40,86872200
2004-04-22,10543.33,10645.75,10532.03,10645.15,85110400
2004-04-23,10645.52,10765.47,10645.52,10721.62,80533600
2004-04-26,10722.89,10740.28,10627.43,10648.77,53749800
2004-04-27,10648.77,10677.05,10569.78,10606.63,69808200
2004-04-28,10606.19,10606.19,10237.98,10240.91,148286000
2004-04-29,10240.44,10253.48,9959.16,9980.51,143886000
2004-04-30,9982.58,10103.75,9948.13,9948.13,96399000
2004-05-03,9948.13,10291.88,9948.13,10191.52,102267800
2004-05-04,10191.76,10351.32,10187.94,10333.17,86749200
2004-05-05,10333.18,10346.17,10113.92,10114.49,67632600
2004-05-06,10114.21,10114.21,9839.95,9852.41,130252000
2004-05-07,9852.49,9852.49,9709.88,9790.99,97285800
2004-05-10,9776.56,9776.56,9423.99,9440.57,133019400
2004-05-11,9440.57,9740.91,9440.57,9648.10,106413400
2004-05-12,9647.72,9717.11,9579.13,9690.67,88194800
2004-05-13,9690.58,9829.94,9672.25,9784.09,83225000
2004-05-14,9775.44,9856.29,9762.60,9786.32,81081200
2004-05-17,9778.87,9778.87,9589.70,9605.62,88120200
2004-05-18,9605.87,9749.30,9605.87,9730.16,95781400
2004-05-19,9743.13,9961.97,9729.91,9767.63,106441200
2004-05-20,9760.92,9827.13,9753.13,9810.78,68158400
2004-05-21,9827.35,9861.99,9820.88,9822.39,50507800
2004-05-24,9824.22,9908.85,9823.89,9891.49,53540800
2004-05-25,9896.55,9991.21,9883.31,9991.20,68228000
2004-05-26,9991.04,10069.26,9975.56,10062.58,80802000
2004-05-27,10062.73,10162.19,10062.73,10153.61,83710400
2004-05-28,10153.79,10202.58,10024.39,10028.42,74818000
2004-05-31,10028.42,10054.20,9993.88,10036.29,11846800
2004-06-01,10036.29,10066.29,10027.62,10043.32,38796600
2004-06-02,10043.45,10053.73,9981.89,9981.89,50202200
2004-06-03,9981.15,9983.13,9900.39,9907.59,58291200
2004-06-04,9908.04,10063.81,9908.04,10057.59,56983200
2004-06-07,10057.59,10369.03,10057.59,10368.62,92744400
2004-06-08,10368.26,10368.26,10276.06,10336.12,90511800
2004-06-09,10336.25,10336.90,10205.49,10219.03,50743200
2004-06-10,10219.03,10253.02,10203.83,10230.50,64806400
2004-06-11,10230.33,10231.63,10206.73,10214.51,6813000
2004-06-14,10214.51,10214.51,10082.85,10093.02,38198200
2004-06-15,10093.62,10226.95,10093.62,10220.69,70228800
2004-06-16,10236.41,10236.41,10145.25,10151.60,40924000
2004-06-17,10151.60,10186.79,10105.51,10175.33,36492000
2004-06-18,10175.33,10234.20,10158.43,10224.39,43508200
2004-06-21,10217.26,10285.75,10185.94,10187.92,45441400
2004-06-22,10187.92,10191.40,10139.40,10140.25,69228200
2004-06-23,10140.09,10147.06,10065.99,10137.88,57742000
2004-06-24,10137.88,10184.10,10137.20,10182.54,67551400
2004-06-25,10182.54,10199.12,10119.36,10128.79,62222600
2004-06-28,10144.84,10204.53,10129.55,10137.03,61043400
2004-06-29,10136.24,10187.59,10114.28,10137.42,54784400
2004-06-30,10137.42,10281.97,10137.42,10281.82,72581600
2004-07-01,10281.95,10297.91,10231.94,10260.96,62861000
2004-07-02,10262.76,10262.76,10193.81,10240.84,36329200
2004-07-05,10235.63,10248.53,10222.45,10222.45,5828400
2004-07-06,10221.93,10227.69,10118.15,10121.12,57272200
2004-07-07,10121.12,10139.55,10037.95,10042.02,61959400
2004-07-08,10030.90,10043.38,9975.12,9975.12,76381000
2004-07-09,9988.88,10044.65,9988.88,10042.34,42041800
2004-07-12,10043.43,10101.04,10032.02,10090.42,49500200
2004-07-13,10089.79,10096.93,10024.84,10033.90,46482400
2004-07-14,10030.93,10030.93,9837.64,9843.02,64967800
2004-07-15,9843.02,9876.12,9816.62,9875.57,76614000
2004-07-16,9880.83,9988.25,9880.83,9923.92,70666800
2004-07-19,9919.26,9964.73,9910.07,9921.16,63765000
2004-07-20,9922.15,10025.37,9901.47,10025.13,104999000
2004-07-21,10020.69,10103.43,9981.85,9987.06,74639000
2004-07-22,9987.64,10003.92,9951.84,9987.33,59781400
2004-07-23,9988.71,9989.26,9907.67,9907.67,40246800
2004-07-26,9907.67,9931.57,9902.35,9921.40,24215800
2004-07-27,9928.13,10120.50,9928.13,10119.96,77451400
2004-07-28,10119.96,10129.52,9966.27,10090.56,80415400
2004-07-29,10092.52,10137.32,10056.60,10060.29,77404000
2004-07-30,10060.29,10117.79,10039.43,10116.39,67048600
2004-08-02,10115.96,10188.94,10096.85,10173.90,50977800
2004-08-03,10174.21,10220.10,10115.39,10205.61,69710400
2004-08-04,10203.50,10204.42,10016.40,10075.80,105370600
2004-08-05,10075.80,10125.53,10065.74,10066.90,55551600
2004-08-06,10066.59,10066.59,9864.11,9866.13,80199800
2004-08-09,9866.13,9874.12,9809.45,9814.06,40080200
2004-08-10,9814.44,9914.95,9814.44,9910.84,67198000
2004-08-11,9910.60,9910.60,9815.29,9849.93,57948600
2004-08-12,9847.11,9850.63,9807.71,9812.66,49765400
2004-08-13,9814.77,9826.22,9789.43,9790.62,27921400
2004-08-16,9789.92,9925.89,9789.42,9899.52,51009400
2004-08-17,9903.12,10044.30,9903.12,9997.03,79085000
2004-08-18,9993.51,10080.65,9974.28,10080.55,66958000
2004-08-19,10080.55,10134.57,10070.97,10099.61,67882400
2004-08-20,10098.26,10149.66,10089.66,10143.43,60159200
2004-08-23,10143.43,10206.77,10143.43,10169.19,49205000
2004-08-24,10169.97,10238.19,10169.97,10222.68,59782600
2004-08-25,10222.92,10243.62,10173.15,10237.89,48307400
2004-08-26,10235.46,10240.38,10196.89,10198.38,45818600
2004-08-27,10198.68,10229.12,10194.24,10225.06,43119200
2004-08-30,10225.06,10225.14,10171.33,10199.54,36681600
2004-08-31,10199.54,10265.08,10181.98,10264.32,60682600
2004-09-01,10264.17,10372.74,10261.22,10329.75,78170600
2004-09-02,10329.75,10432.40,10311.90,10422.63,67301800
2004-09-03,10422.99,10437.45,10334.66,10335.01,48313800
2004-09-06,10335.01,10378.05,10335.01,10376.11,7211200
2004-09-07,10377.91,10518.40,10377.91,10486.80,101592400
2004-09-08,10486.96,10560.78,10486.96,10537.96,123521200
2004-09-09,10539.36,10590.08,10518.24,10553.41,84176000
2004-09-10,10553.41,10723.22,10553.32,10661.53,82177200
2004-09-13,10661.53,10748.58,10616.37,10620.38,67324600
2004-09-14,10620.38,10702.32,10601.96,10701.05,69725600
2004-09-15,10701.14,10701.14,10647.98,10660.91,66775800
2004-09-17,10661.38,10850.70,10661.38,10790.53,112635400
2004-09-20,10790.53,10860.36,10748.98,10803.68,97967600
2004-09-21,10802.83,10882.73,10800.67,10850.36,117452200
2004-09-22,10850.16,10850.16,10732.12,10777.23,92313200
2004-09-23,10777.91,10821.68,10772.04,10811.36,87934600
2004-09-24,10814.89,10873.19,10810.42,10856.44,86477400
2004-09-27,10853.13,10853.13,10648.32,10687.60,89950800
2004-09-28,10684.59,10845.28,10659.56,10843.42,124343400
2004-09-29,10844.30,11020.08,10844.15,10980.32,137108400
2004-09-30,10979.59,11038.29,10941.66,10957.37,89856200
2004-10-01,10962.26,11094.54,10961.61,11078.26,87245600
2004-10-04,11078.26,11199.08,11078.26,11181.63,87959000
2004-10-05,11183.69,11196.81,11112.03,11117.34,92033400
2004-10-06,11117.34,11118.21,10961.05,11090.92,110221800
2004-10-07,11090.92,11133.32,11083.53,11097.96,77975200
2004-10-08,11097.96,11098.33,10917.23,10920.97,91815800
2004-10-11,10919.58,10984.85,10919.58,10975.29,32932600
2004-10-12,10972.50,11023.16,10885.10,11023.16,74908200
2004-10-13,11023.28,11070.11,10890.00,10942.36,99085000
2004-10-14,10942.36,10945.93,10862.25,10876.00,60752600
2004-10-15,10876.00,11009.64,10876.00,10991.43,66658000
2004-10-18,10991.43,11056.06,10961.93,11055.76,52721600
2004-10-19,11055.76,11159.90,10986.74,11023.79,75544600
2004-10-20,11023.79,11077.08,10986.84,11076.85,60288200
2004-10-21,11076.85,11168.09,11076.85,11166.89,113071200
2004-10-22,11167.77,11252.00,11167.77,11226.08,79440800
2004-10-25,11226.08,11229.65,11160.16,11178.01,57326600
2004-10-26,11178.84,11373.22,11178.84,11341.58,0
2004-10-27,11341.58,11540.84,11341.58,11517.71,135090800
2004-10-28,11521.88,11525.84,11433.81,11442.45,94480400
2004-10-29,11440.38,11564.45,11439.92,11564.35,101486200
2004-11-01,11564.63,11640.39,11558.96,11622.41,0
2004-11-02,11678.25,11681.27,11593.27,11610.41,92516600
2004-11-03,11610.54,11765.82,11610.54,11765.77,104432200
2004-11-04,11765.85,11867.49,11701.09,11864.42,102624200
2004-11-05,11864.76,11905.57,11784.59,11793.87,79991800
2004-11-08,11793.24,11805.91,11732.99,11760.00,52661200
2004-11-09,11760.00,11796.95,11706.00,11786.91,55034000
2004-11-10,11791.77,11878.61,11791.75,11794.02,79164200
2004-11-11,11807.22,11984.96,11807.22,11971.95,92626800
2004-11-12,11972.11,12044.72,11920.66,11957.32,76905800
2004-11-15,11957.32,11976.48,11933.98,11955.39,39577600
2004-11-16,11949.83,11958.55,11889.49,11951.16,45757200
2004-11-17,11951.16,12068.20,11951.16,12020.38,81889800
2004-11-18,12020.38,12056.95,11991.29,12038.94,57537800
2004-11-19,12038.94,12040.82,11833.45,11839.21,85789800
2004-11-22,11838.89,11882.58,11834.87,11879.82,46259400
2004-11-23,11879.73,11912.64,11862.37,11876.58,54716600
2004-11-24,11876.66,11917.50,11840.50,11907.32,73250600
2004-11-25,11908.65,11997.95,11908.65,11997.64,36468200
2004-11-26,11998.28,12078.88,11983.25,12076.08,47025200
2004-11-29,12079.55,12236.63,12079.55,12196.39,75165400
2004-11-30,12196.39,12261.02,12101.35,12102.55,96454400
2004-12-01,12102.70,12268.85,12101.02,12233.91,105637000
2004-12-02,12233.59,12249.28,12074.62,12116.13,94628400
2004-12-03,12116.17,12186.88,12100.38,12109.47,55512800
2004-12-06,12109.31,12195.47,12109.31,12190.26,39467800
2004-12-07,12195.81,12257.73,12100.42,12118.31,86672200
2004-12-08,12114.36,12137.99,12044.80,12113.58,65062200
2004-12-09,12113.21,12126.96,12051.86,12124.82,40857000
2004-12-10,12126.03,12262.99,12123.82,12260.86,50150600
2004-12-13,12260.86,12337.59,12260.86,12290.16,43286600
2004-12-14,12290.34,12469.32,12290.34,12430.86,73106200
2004-12-15,12430.86,12500.15,12427.80,12493.85,70886800
2004-12-16,12495.17,12515.89,12467.16,12505.45,56396600
2004-12-17,12505.45,12530.96,12488.33,12519.79,46590000
2004-12-20,12519.79,12539.25,12483.83,12514.07,188686200
2004-12-21,12515.10,12657.15,12514.90,12651.73,60605600
2004-12-22,12656.82,12741.59,12655.61,12712.20,58151600
2004-12-23,12712.20,12769.85,12711.78,12748.45,69198200
2004-12-24,12748.45,12804.04,12745.26,12802.77,15111000
2004-12-27,12803.09,12819.61,12749.43,12819.61,35829000
2004-12-28,12819.61,12914.67,12817.84,12912.69,42630400
2004-12-29,12912.89,13032.70,12905.02,13031.57,43484200
2004-12-30,13031.57,13031.57,12944.39,12968.74,21450800
2004-12-31,12968.74,12971.78,12911.59,12917.88,13224800
2005-01-03,12917.88,13067.08,12917.88,13022.82,44432200
2005-01-04,13050.95,13052.76,12768.05,12777.13,86978200
2005-01-05,12772.97,12779.15,12589.32,12591.33,94758800
2005-01-06,12590.95,12703.47,12463.47,12703.47,114575000
2005-01-07,12713.87,12727.69,12449.61,12453.33,58496800
2005-01-10,12453.33,12559.13,12407.65,12446.10,50723000
2005-01-11,12445.96,12447.75,12207.11,12216.80,90828000
2005-01-12,12220.19,12329.16,12192.32,12329.16,67754800
2005-01-13,12310.53,12528.48,12310.53,12462.90,0
2005-01-14,12462.46,12702.97,12462.46,12694.74,70935400
2005-01-17,12694.74,12863.68,12694.04,12817.89,50812600
2005-01-18,12817.89,13029.75,12712.98,13029.70,111548000
2005-01-19,13029.80,13145.44,12949.22,13035.81,106730000
2005-01-20,13035.81,13035.81,12769.38,12769.99,76917800
2005-01-21,12769.99,12788.44,12633.67,12673.62,64560200
2005-01-24,12673.62,12798.65,12657.87,12743.58,49234200
2005-01-25,12743.58,12893.46,12743.58,12866.78,64266000
2005-01-26,12869.35,13047.11,12869.35,13045.05,87792600
2005-01-27,13045.35,13163.86,12968.71,12986.40,95702200
2005-01-28,12986.40,13042.72,12895.75,13040.53,82964200
2005-01-31,13040.21,13167.08,13040.21,13097.12,76139800
2005-02-01,13097.19,13358.13,13094.63,13340.52,118572200
2005-02-02,13340.52,13400.67,13337.46,13339.41,140109400
2005-02-03,13338.74,13445.76,13284.15,13440.83,105022000
2005-02-04,13441.33,13625.69,13437.20,13446.95,102612000
2005-02-07,13446.95,13507.09,13428.25,13476.77,52025000
2005-02-08,13496.67,13586.92,13477.40,13508.50,85385800
2005-02-09,13508.50,13673.06,13508.50,13662.38,100118600
2005-02-10,13662.66,13725.43,13644.97,13708.92,93199400
2005-02-11,13710.29,13792.86,13654.75,13714.63,68768800
2005-02-14,13714.63,13760.49,13564.87,13564.96,49890600
2005-02-15,13564.96,13704.11,13564.77,13695.91,76493200
2005-02-16,13696.22,13698.20,13601.20,13640.76,59008000
2005-02-17,13640.76,13649.01,13555.21,13592.03,63236200
2005-02-18,13591.61,13593.30,13501.47,13580.26,59942000
2005-02-21,13580.50,13613.54,13580.50,13600.47,10704000
2005-02-22,13600.76,13610.33,13479.40,13520.59,72192000
2005-02-23,13536.14,13553.86,13496.33,13541.96,61884800
2005-02-24,13541.96,13698.85,13538.47,13684.56,92531600
2005-02-25,13685.91,13889.87,13685.91,13870.20,134609000
2005-02-28,13870.24,13893.10,13717.69,13789.46,67958000
2005-03-01,13789.46,13864.89,13784.11,13804.77,97591400
2005-03-02,13804.77,13851.67,13749.47,13770.26,74428600
2005-03-03,13770.52,13829.62,13748.53,13782.95,61073800
2005-03-04,13783.72,13863.54,13783.72,13862.76,77941800
2005-03-07,13862.76,13931.32,13862.76,13877.69,57465000
2005-03-08,13878.46,13878.46,13733.83,13752.80,67426200
2005-03-09,13743.34,13779.25,13663.43,13671.40,51546800
2005-03-10,13682.89,13706.63,13400.11,13421.39,82467000
2005-03-11,13421.39,13537.04,13417.28,13532.35,68954800
2005-03-14,13535.83,13555.04,13235.95,13238.54,69771600
2005-03-15,13238.29,13343.09,13183.06,13184.27,74948400
2005-03-16,13184.27,13184.44,12963.41,13096.55,87131800
2005-03-17,13096.55,13237.74,13036.26,13138.76,68605200
2005-03-18,13139.60,13139.60,13046.97,13094.40,47609000
2005-03-22,13094.53,13164.93,13029.56,13062.45,40958400
2005-03-23,13059.75,13059.75,12805.34,12852.81,61028600
2005-03-28,12889.99,13000.76,12809.69,12828.91,43339000
2005-03-29,12828.91,12852.46,12550.78,12581.80,77836400
2005-03-30,12581.80,12654.17,12465.72,12653.42,60803400
2005-03-31,12653.42,12743.05,12639.67,12676.90,63802000
2005-04-01,12676.90,12848.60,12676.90,12714.19,48830600
2005-04-04,12714.19,12727.25,12574.29,12593.38,56853400
2005-04-05,12593.38,12676.78,12294.44,12300.70,88993000
2005-04-06,12307.53,12377.03,12170.87,12170.87,81099200
2005-04-07,12170.78,12482.99,12169.30,12471.01,85958600
2005-04-08,12471.57,12573.02,12425.14,12531.63,57492000
2005-04-11,12527.52,12543.44,12422.25,12425.41,30578200
2005-04-12,12425.41,12522.29,12265.38,12522.24,62255200
2005-04-13,12522.33,12557.21,12391.66,12424.37,71935600
2005-04-14,12421.07,12453.93,12233.06,12233.21,58029800
2005-04-15,12236.80,12236.80,11941.76,11942.70,94724000
2005-04-18,11942.70,11949.24,11727.51,11739.99,76728400
2005-04-19,11754.17,12051.44,11754.17,12011.53,73143600
2005-04-20,12011.53,12040.89,11838.95,11842.72,56663400
2005-04-21,11846.53,12066.07,11846.53,12063.62,51050600
2005-04-22,12063.62,12100.29,11963.24,11995.32,50488600
2005-04-25,11996.03,12377.97,11995.26,12377.10,73217800
2005-04-26,12378.03,12578.46,12317.91,12577.72,101689200
2005-04-27,12577.72,12578.21,12345.65,12454.69,69200000
2005-04-28,12457.39,12473.59,12255.91,12255.91,53298600
2005-04-29,12255.91,12323.42,12205.44,12322.99,62176800
2005-05-02,12322.99,12440.45,12321.78,12424.95,39249400
2005-05-03,12422.92,12440.01,12331.86,12357.88,152339200
2005-05-04,12357.88,12644.04,12357.88,12643.04,129386400
2005-05-05,12643.78,12787.58,12567.66,12619.91,140148400
2005-05-06,12609.66,12667.80,12589.91,12615.83,80992600
2005-05-09,12615.83,12623.70,12535.92,12563.02,42630800
2005-05-10,12557.63,12604.40,12497.43,12497.43,41890800
2005-05-11,12497.43,12513.05,12366.36,12464.84,57016000
2005-05-12,12464.84,12580.73,12448.73,12448.73,69914800
2005-05-13,12448.69,12473.94,12334.91,12347.72,46689400
2005-05-16,12347.72,12444.69,12347.22,12442.27,28062800
2005-05-17,12443.04,12458.68,12401.38,12439.46,50466400
2005-05-18,12442.06,12770.97,12442.06,12727.74,94837800
2005-05-19,12738.43,12819.87,12724.49,12795.33,73316800
2005-05-20,12795.44,12891.82,12731.63,12883.46,53612800
2005-05-23,12883.46,13033.85,12822.58,13029.58,70695800
2005-05-24,13031.80,13048.16,12898.87,13020.72,84742600
2005-05-25,13020.56,13113.58,12995.35,13057.84,83584800
2005-05-26,13059.19,13202.04,13059.19,13152.64,112581400
2005-05-27,13125.61,13136.61,13070.87,13131.39,64744800
2005-05-30,13131.39,13162.91,13124.50,13161.78,9685400
2005-05-31,13157.36,13177.90,12960.76,12964.39,82347200
2005-06-01,12964.39,13182.66,12959.61,13143.62,79006000
2005-06-02,13143.96,13343.32,13143.96,13284.89,91784800
2005-06-03,13290.04,13290.04,13164.99,13204.39,49936200
2005-06-06,13205.74,13256.16,13199.03,13208.43,45202400
2005-06-07,13207.30,13252.73,13137.77,13148.03,62359000
2005-06-08,13150.04,13176.65,13101.55,13102.66,60406400
2005-06-09,13104.36,13287.79,13094.15,13225.28,61520200
2005-06-10,13225.28,13275.79,13174.72,13214.60,49179200
2005-06-13,13215.38,13300.63,13194.28,13299.59,32196600
2005-06-14,13305.00,13383.93,13297.10,13343.10,71141600
2005-06-15,13343.10,13501.60,13343.10,13501.51,107083400
2005-06-16,13501.51,13558.33,13480.60,13537.28,93987000
2005-06-17,13540.49,13647.39,13539.70,13645.96,71854600
2005-06-20,13645.98,13725.79,13584.30,13709.36,65182800
2005-06-21,13707.89,13711.62,13516.72,13547.99,91014200
2005-06-22,13547.99,13552.00,13400.34,13441.65,90546800
2005-06-23,13441.34,13443.56,13331.28,13389.66,85115400
2005-06-24,13390.58,13393.59,13281.62,13299.28,77369000
2005-06-27,13300.94,13495.58,13300.94,13454.73,77073000
2005-06-28,13454.73,13643.20,13454.66,13523.07,108779600
2005-06-29,13523.26,13559.04,13475.63,13550.14,56935800
2005-06-30,13550.75,13593.61,13479.91,13486.13,68321800
2005-07-01,13486.13,13526.08,13451.75,13509.13,48677600
2005-07-04,13509.85,13514.95,13484.91,13500.83,6238200
2005-07-05,13500.83,13649.66,13478.29,13648.47,66756600
2005-07-06,13648.80,13850.40,13648.80,13790.15,92988000
2005-07-07,13789.08,13851.10,13654.09,13850.36,66411600
2005-07-08,13850.36,13885.81,13792.92,13871.26,59741400
2005-07-11,13869.78,14118.00,13804.63,13807.30,61152200
2005-07-12,13807.46,13994.55,13807.46,13971.67,97526200
2005-07-13,13971.67,14013.63,13937.80,14005.23,93436200
2005-07-14,14007.67,14088.95,14007.67,14085.06,99515200
2005-07-15,14085.81,14088.32,13944.98,13952.60,63975200
2005-07-18,13964.86,13982.21,13912.63,13972.61,51908600
2005-07-19,13974.96,14169.84,13974.96,14167.51,115489800
2005-07-20,14166.34,14315.50,14143.28,14306.06,157879400
2005-07-21,14306.06,14344.53,14229.56,14271.89,133168400
2005-07-22,14296.65,14364.11,14282.94,14318.47,93923200
2005-07-25,14319.39,14367.20,14135.24,14135.24,84176600
2005-07-26,14135.24,14240.38,14067.39,14067.73,92743400
2005-07-27,14067.14,14205.02,14018.43,14173.38,118086200
2005-07-28,14173.40,14353.34,14173.40,14256.84,120712200
2005-07-29,14256.84,14453.84,14256.84,14409.66,142602600
2005-08-01,14409.66,14667.89,14409.66,14582.50,150196800
2005-08-02,14582.50,14777.36,14582.50,14677.66,128149200
2005-08-03,14691.96,14703.53,14548.52,14615.96,112679800
2005-08-04,14609.83,14665.59,14520.25,14612.22,83620800
2005-08-05,14612.12,14612.12,14398.58,14463.14,85418800
2005-08-08,14462.99,14619.63,14462.99,14596.77,93612000
2005-08-09,14597.08,14730.09,14596.49,14673.34,94569800
2005-08-10,14673.34,14897.08,14672.73,14702.58,199007000
2005-08-11,14694.47,14778.93,14683.34,14768.95,112542800
2005-08-12,14768.87,14770.78,14629.45,14673.22,81336200
2005-08-15,14673.43,14854.98,14611.43,14842.70,94231400
2005-08-16,14842.70,14842.80,14555.96,14559.19,108083200
2005-08-17,14555.14,14578.56,14516.16,14560.33,100644600
2005-08-18,14562.15,14715.53,14531.36,14619.98,96119400
2005-08-19,14619.98,14745.33,14599.21,14678.16,67018400
2005-08-22,14681.16,14786.18,14679.22,14770.27,62748800
2005-08-23,14770.37,14780.77,14669.12,14717.91,83769400
2005-08-24,14716.63,14738.68,14598.80,14603.00,101350200
2005-08-25,14604.05,14641.19,14574.57,14604.61,77990600
2005-08-26,14605.28,14613.46,14441.90,14444.84,98868200
2005-08-29,14444.84,14511.52,14326.92,14327.20,100490200
2005-08-30,14327.20,14332.25,14000.14,14008.20,172138400
2005-08-31,14010.92,14245.86,14008.07,14243.19,136587200
2005-09-01,14256.08,14526.81,14256.08,14486.59,136426800
2005-09-02,14488.59,14784.55,14488.49,14772.70,92797600
2005-09-05,14774.63,14866.60,14758.63,14857.31,17837800
2005-09-06,14857.31,15181.91,14857.31,15030.62,117626000
2005-09-07,15030.62,15252.44,14976.18,15246.23,96752000
2005-09-08,15247.12,15247.12,14969.33,15055.92,75739400
2005-09-09,15056.28,15250.28,15056.28,15212.88,63965800
2005-09-12,15214.42,15257.60,15187.69,15190.17,58906600
2005-09-13,15182.80,15195.38,15015.88,15087.29,69052000
2005-09-14,15087.60,15248.52,15087.60,15221.39,79947400
2005-09-15,15222.25,15430.66,15165.64,15428.78,125929600
2005-09-19,15483.95,15756.68,15483.95,15656.84,138527400
2005-09-20,15656.84,15822.42,15538.70,15563.47,144740600
2005-09-21,15558.59,15805.92,15526.70,15734.41,126375200
2005-09-22,15733.58,15780.40,15628.32,15661.13,122805600
2005-09-23,15672.50,15675.40,15560.47,15649.33,137930000
2005-09-26,15650.12,15788.20,15648.78,15765.53,131708200
2005-09-27,15764.46,15815.42,15627.32,15801.81,157182400
2005-09-28,15801.81,15979.14,15799.88,15869.33,133363800
2005-09-29,15869.97,15939.38,15773.90,15841.84,93728400
2005-09-30,15841.64,16130.49,15806.82,16120.08,137299400
2005-10-03,16120.08,16186.35,15954.32,16051.02,98508400
2005-10-04,16051.02,16118.06,15932.47,15933.41,114370200
2005-10-05,15933.21,15934.36,15720.35,15720.35,120104800
2005-10-06,15722.39,15723.24,15217.12,15247.60,133378800
2005-10-07,15247.60,15472.28,15092.40,15447.59,156193600
2005-10-10,15447.59,15580.93,15447.03,15466.41,157280600
2005-10-11,15468.34,15554.03,15429.00,15445.37,90304000
2005-10-12,15445.37,15473.21,15035.00,15103.16,132855200
2005-10-13,15103.16,15103.16,14866.19,14924.73,109533200
2005-10-14,14924.73,14999.04,14699.30,14892.88,115111800
2005-10-17,14892.88,15282.77,14889.17,15282.73,114744000
2005-10-18,15282.73,15283.53,15071.45,15084.84,86776800
2005-10-19,15068.51,15113.19,14714.73,15111.95,151060400
2005-10-20,15112.15,15183.76,14821.10,14821.10,82416600
2005-10-21,14844.06,14960.09,14764.40,14903.36,109045000
2005-10-24,14903.36,15357.09,14903.36,15356.32,141061200
2005-10-25,15358.36,15539.69,15296.89,15367.87,133676400
2005-10-26,15388.30,15668.67,15388.30,15666.22,181423400
2005-10-27,15666.42,15666.42,15382.90,15437.63,95071000
2005-10-28,15451.93,15587.94,15422.10,15579.68,112274800
2005-10-31,15580.76,15811.39,15580.76,15759.73,156414800
2005-11-01,15759.93,15938.74,15745.74,15922.52,161487800
2005-11-02,15922.52,16023.24,15886.72,15896.48,107390000
2005-11-03,15896.34,16056.34,15725.44,15798.04,109823400
2005-11-04,15798.04,15908.75,15764.99,15900.53,77832400
2005-11-07,15899.99,16004.69,15817.44,15944.15,80647600
2005-11-08,15944.05,15988.78,15825.77,15930.71,65793200
2005-11-09,15930.28,15983.95,15910.24,15981.18,64586400
2005-11-10,15985.13,16157.88,15956.65,16153.08,100253800
2005-11-11,16155.12,16275.85,16100.77,16137.07,100247800
2005-11-14,16135.03,16293.68,16058.54,16293.53,81446200
2005-11-15,16293.76,16346.63,16188.05,16193.58,91624800
2005-11-16,16218.87,16330.03,16187.02,16310.68,96424800
2005-11-17,16310.68,16496.57,16310.68,16455.39,155642200
2005-11-18,16455.39,16594.97,16455.39,16545.44,102926000
2005-11-21,16545.44,16817.42,16545.44,16767.07,115542200
2005-11-22,16787.50,16890.29,16665.37,16866.84,112709000
2005-11-23,16865.70,17014.79,16706.48,16713.91,147079800
2005-11-24,16713.91,16782.19,16666.89,16750.44,17066200
2005-11-25,16750.44,16921.29,16750.44,16879.37,45301000
2005-11-28,16879.37,16955.76,16815.97,16836.11,104915600
2005-11-29,16830.07,16888.50,16672.95,16694.95,89162000
2005-11-30,16696.34,16842.83,16601.17,16830.96,148894000
2005-12-01,16831.84,17142.15,16831.84,17133.83,154314800
2005-12-02,17133.83,17323.16,17039.71,17150.99,116107600
2005-12-05,17150.99,17293.28,17090.60,17271.06,96089400
2005-12-06,17274.76,17465.75,17274.76,17424.43,150496600
2005-12-07,17424.63,17470.48,17240.91,17244.19,104757400
2005-12-08,17233.97,17298.27,17129.22,17211.02,94862400
2005-12-09,17208.86,17576.95,17202.54,17554.48,97528000
2005-12-13,17583.09,17868.32,17583.09,17819.68,112062400
2005-12-14,17821.22,18078.51,17821.22,18054.03,116515600
2005-12-15,18055.04,18179.58,17841.07,17922.47,122501000
2005-12-16,17922.47,17961.54,17630.30,17737.59,148264200
2005-12-19,17740.83,17835.69,17664.68,17666.41,77905800
2005-12-20,17668.45,17689.52,17514.61,17680.95,76110600
2005-12-21,17678.70,17887.38,17625.64,17781.51,87708400
2005-12-22,17781.51,17831.25,17661.23,17768.90,74038500
2005-12-23,17768.90,17816.31,17764.75,17802.28,33867800
2005-12-26,17802.28,17813.91,17772.09,17776.88,4037500
2005-12-27,17777.88,17848.46,17777.49,17832.64,30370600
2005-12-28,17832.74,17834.42,17639.46,17690.70,43125800
2005-12-29,17685.45,17849.64,17670.30,17832.80,46264400
2005-12-30,17832.53,17832.53,17687.93,17802.71,47645000
2006-01-02,17802.71,17926.97,17786.24,17925.70,8889000
2006-01-03,17925.45,18503.19,17925.45,18500.69,127472400
2006-01-04,18501.95,18687.84,18501.95,18669.23,132986000
2006-01-05,18669.23,18768.74,18592.69,18608.34,103485400
2006-01-06,18608.34,18786.27,18575.75,18736.78,63643200
2006-01-09,18736.78,18999.03,18677.40,18998.83,90734000
2006-01-10,18998.83,18998.83,18815.74,18912.38,102574400
2006-01-11,18914.31,19168.12,18914.31,19160.44,115791600
2006-01-12,19152.40,19168.57,18842.25,18925.01,120563400
2006-01-13,18924.51,18924.51,18750.91,18889.20,158500800
2006-01-16,18889.20,18993.33,18858.52,18958.29,15792400
2006-01-17,18955.92,18955.92,18472.64,18489.63,128290400
2006-01-18,18413.98,18413.98,18118.68,18265.96,121578200
2006-01-19,18276.79,18587.78,18276.79,18521.45,106138000
2006-01-20,18514.61,18612.15,18346.23,18346.23,86117200
2006-01-23,18346.16,18448.43,18208.46,18447.11,90520800
2006-01-24,18447.11,18909.29,18447.11,18875.41,170623200
2006-01-25,18875.86,19022.54,18866.37,18866.37,137402000
2006-01-26,18880.68,19248.00,18880.68,19216.75,129824800
2006-01-27,19222.88,19447.62,18943.73,18956.50,126660000
2006-01-30,18967.64,18985.05,18761.37,18849.24,105771400
2006-01-31,18850.79,18957.93,18751.43,18907.10,116017000
2006-02-01,18907.10,19162.38,18868.33,19162.38,148685000
2006-02-02,19162.38,19211.22,18961.24,19060.38,128529000
2006-02-03,19061.03,19070.74,18709.86,18862.18,113146000
2006-02-07,18885.63,18885.63,18625.30,18665.06,111377400
2006-02-08,18669.45,18993.50,18410.24,18410.24,192142400
2006-02-09,18410.24,18639.99,18380.86,18518.33,105795400
2006-02-10,18529.10,18535.33,18166.14,18298.58,125403200
2006-02-13,18292.54,18298.72,17817.73,17883.63,138785400
2006-02-14,17927.09,18076.33,17789.33,18023.01,119135400
2006-02-15,18018.50,18266.70,17999.48,18169.16,132958000
2006-02-16,18169.16,18519.99,18169.16,18457.24,172319800
2006-02-17,18457.65,18507.30,18407.35,18480.78,98501200
2006-02-20,18480.78,18574.27,18437.97,18542.58,7561400
2006-02-21,18562.96,18693.30,18493.07,18497.38,103781400
2006-02-22,18495.22,18780.46,18495.22,18780.46,129935000
2006-02-23,18781.11,19117.72,18727.46,19117.72,144549200
2006-02-24,19115.54,19165.99,18883.20,19100.89,83674200
2006-02-27,19117.23,19134.86,18831.97,18854.67,70305600
2006-02-28,18860.11,18860.11,18519.13,18706.32,145803800
2006-03-01,18706.32,19151.51,18704.60,19058.74,145031000
2006-03-02,19078.15,19182.10,18982.68,19102.33,103681000
2006-03-03,19113.19,19210.14,19022.19,19189.25,81249200
2006-03-06,19190.09,19446.40,18969.80,18991.46,130002800
2006-03-07,18992.39,18992.39,18364.13,18551.07,187596800
2006-03-08,18553.11,18589.23,18190.94,18398.82,159568600
2006-03-09,18414.58,18652.97,18252.26,18310.57,126631400
2006-03-10,18316.25,18493.00,18228.60,18420.17,133213200
2006-03-13,18420.17,18719.85,18419.49,18706.19,93983000
2006-03-14,18707.63,18967.52,18668.94,18941.04,117776000
2006-03-15,18941.04,19210.35,18941.04,18999.64,152092800
2006-03-16,19003.97,19235.02,18920.06,19166.43,132688000
2006-03-17,19176.20,19429.79,19148.86,19345.80,129877300
2006-03-20,19345.60,19604.44,19345.60,19581.12,86306200
2006-03-22,19530.14,19600.22,19310.44,19598.11,110281200
2006-03-23,19598.11,19675.66,19253.56,19255.87,94159200
2006-03-24,19261.62,19371.03,19110.72,19339.30,80787200
2006-03-27,19339.30,19359.68,19226.32,19226.32,60664800
2006-03-28,19212.67,19241.86,18928.30,18929.98,102567000
2006-03-29,18934.06,19135.78,18900.07,19132.34,143204600
2006-03-30,19133.91,19337.06,19133.91,19214.00,105421600
2006-03-31,19214.33,19300.24,19094.74,19272.63,114175800
2006-04-03,19284.87,19687.02,19284.87,19634.21,137277000
2006-04-04,19624.01,19805.08,19602.24,19764.08,121702200
2006-04-05,19764.08,19930.67,19679.08,19930.63,129665800
2006-04-06,19930.63,20069.56,19791.74,19869.71,144802200
2006-04-07,19869.71,19945.35,19426.34,19472.36,116425200
2006-04-10,19473.44,19646.55,19473.44,19548.35,72954000
2006-04-11,19546.43,19552.67,19355.29,19465.15,94122400
2006-04-12,19470.39,19502.22,19322.62,19322.62,69035400
2006-04-17,19350.33,19670.26,19343.93,19632.34,128655200
2006-04-18,19632.34,19887.79,19632.34,19820.07,152545400
2006-04-19,19820.12,19966.93,19774.64,19933.09,109698200
2006-04-20,19937.32,20081.49,19913.96,19979.54,127692200
2006-04-21,19979.54,20287.55,19963.23,20174.64,126541800
2006-04-24,20174.64,20238.88,19944.62,20198.71,82111400
2006-04-25,20201.90,20387.84,20183.65,20360.61,174112000
2006-04-26,20383.05,20702.56,20383.05,20566.91,143368600
2006-04-27,20566.91,20599.60,20357.52,20390.62,106922400
2006-04-28,20391.62,20682.03,20391.62,20646.19,118963600
2006-05-02,20667.85,21081.79,20667.85,21079.87,163188400
2006-05-03,21081.42,21289.61,20804.65,21159.16,154746600
2006-05-04,21153.80,21372.18,21153.80,21293.66,188202400
2006-05-05,21309.98,21523.55,21237.45,21237.45,137623200
2006-05-08,21237.45,21608.67,21221.80,21608.67,113136800
2006-05-09,21608.67,21824.34,21537.24,21822.93,138866200
2006-05-10,21822.93,21917.51,21674.67,21781.07,110335400
2006-05-11,21789.23,21828.81,21357.98,21435.27,126549800
2006-05-12,21427.11,21427.11,20862.96,21154.90,119523400
2006-05-15,20931.77,21041.49,20719.00,20722.13,100816200
2006-05-16,20723.37,20925.15,20666.82,20851.06,112356600
2006-05-17,20828.60,20828.60,20217.34,20261.86,164236000
2006-05-18,20277.78,20388.33,20137.30,20217.02,151631800
2006-05-19,20217.09,20269.39,19703.00,20182.14,167397000
2006-05-22,20133.12,20133.12,19234.94,19369.29,203655000
2006-05-23,19395.01,19730.67,19082.95,19084.83,183031000
2006-05-24,19085.70,19127.96,18545.21,18805.57,183273800
2006-05-25,18850.53,19405.71,18850.53,19405.71,130064000
2006-05-26,19440.45,19778.56,19424.78,19585.21,120942800
2006-05-29,19585.21,19642.65,19461.50,19500.54,18907200
2006-05-30,19512.63,19512.63,18799.64,18841.34,136522400
2006-05-31,18841.34,19005.76,18466.55,18677.92,296954000
2006-06-01,18703.90,19147.06,18615.96,19128.63,180971200
2006-06-02,19129.50,19466.32,19129.50,19421.73,157335200
2006-06-05,19439.31,19509.68,18950.82,18954.92,98493000
2006-06-06,18954.92,18954.92,18501.46,18798.28,120491000
2006-06-07,18809.43,18827.86,18413.44,18413.44,127386200
2006-06-08,18413.44,18413.44,17827.07,18257.64,205148000
2006-06-09,18257.85,18466.98,17747.17,17748.74,114121200
2006-06-12,17758.30,17766.43,16969.79,16986.27,128378400
2006-06-13,16957.58,17019.54,16546.86,16653.15,210439000
2006-06-14,16674.22,16870.41,16464.62,16802.10,209503000
2006-06-15,16804.14,17952.60,16804.14,17932.33,192512800
2006-06-16,17926.79,18179.14,17655.73,18041.79,144605800
2006-06-19,18041.91,18132.50,17581.88,17581.88,85406000
2006-06-20,17588.26,17928.24,17561.44,17781.28,91252000
2006-06-21,17781.28,18359.44,17772.53,18156.21,119337400
2006-06-22,18156.21,18268.17,18060.60,18188.40,75901000
2006-06-23,18188.40,18610.22,18092.10,18545.73,88962600
2006-06-26,18546.90,18603.08,18349.45,18491.40,76147600
2006-06-27,18491.40,18548.06,18020.16,18021.47,82427200
2006-06-28,18022.59,18125.64,17837.92,18101.83,70658600
2006-06-29,18133.68,18975.79,18133.68,18908.33,140748000
2006-06-30,18909.11,19244.93,18908.03,19147.17,135331300
2006-07-03,19147.17,20061.45,19134.20,20060.82,153643500
2006-07-04,20060.82,20532.30,20060.82,20329.49,77964200
2006-07-05,20287.51,20287.51,19501.44,19514.62,151064100
2006-07-06,19515.95,20248.44,19515.95,20047.62,129716000
2006-07-07,20047.62,20049.22,19764.37,19829.60,82683400
2006-07-10,19829.64,19899.89,19545.84,19700.15,71777000
2006-07-11,19682.65,19698.85,19217.77,19570.21,103478800
2006-07-12,19570.25,19664.04,19338.52,19419.44,70149200
2006-07-13,19388.55,19388.55,18712.69,18725.26,99299000
2006-07-14,18710.68,18747.13,18326.21,18328.66,92818000
2006-07-17,18325.48,18559.89,18244.28,18437.98,70155200
2006-07-18,18437.98,18889.88,18437.98,18885.67,102250700
2006-07-19,18901.64,19871.78,18901.51,19871.78,166219900
2006-07-20,19878.72,19992.09,19504.93,19510.52,104483000
2006-07-21,19510.52,19527.58,19197.80,19527.37,83525800
2006-07-24,19568.72,19938.85,19548.85,19938.70,95209400
2006-07-25,19967.33,20082.05,19800.03,20082.00,114031600
2006-07-26,20082.69,20090.12,19884.01,19913.19,123588800
2006-07-27,19947.34,20302.08,19947.34,20138.79,172493900
2006-07-28,20138.79,20374.46,20071.44,20252.33,139056500
2006-07-31,20252.33,20253.92,20007.53,20095.93,89155400
2006-08-01,20093.73,20096.61,19889.34,19973.20,90256800
2006-08-02,19984.33,20214.73,19960.38,20145.10,78077200
2006-08-03,20132.38,20358.41,20024.03,20261.81,80727000
2006-08-04,20269.56,20712.91,20268.23,20354.99,96772400
2006-08-07,20351.51,20414.08,20170.96,20412.49,64819000
2006-08-08,20417.26,20582.87,20306.90,20342.78,102169200
2006-08-09,20342.46,20538.35,20062.37,20062.37,97814200
2006-08-10,20051.94,20052.98,19868.47,20048.18,93523000
2006-08-11,20048.18,20273.86,19955.60,20273.86,78144600
2006-08-14,20274.90,20379.75,20197.38,20290.49,72874400
2006-08-15,20314.33,20544.44,20314.33,20544.44,91317600
2006-08-16,20547.46,20900.25,20547.46,20900.00,127905600
2006-08-17,20904.70,21017.16,20778.13,20971.78,134818300
2006-08-18,20974.21,21053.71,20760.53,21046.63,103099100
2006-08-21,21046.63,21046.99,20744.44,20861.56,67183600
2006-08-22,20856.79,20999.63,20776.55,20986.89,86946400
2006-08-23,20987.25,21019.87,20630.60,20742.44,133314100
2006-08-24,20742.99,20809.93,20558.54,20751.45,95773000
2006-08-25,20751.45,21042.32,20712.16,20994.94,93668200
2006-08-28,20994.94,21261.95,20922.20,21228.87,96971800
2006-08-29,21230.96,21301.61,21155.16,21282.08,122586300
2006-08-30,21285.36,21423.02,21258.42,21331.09,126797300
2006-08-31,21344.97,21352.38,21047.76,21049.35,139463600
2006-09-01,21057.30,21306.15,21049.51,21192.26,91418800
2006-09-04,21192.26,21387.47,21164.24,21385.63,19592000
2006-09-05,21404.70,21493.22,21166.94,21256.11,112871900
2006-09-06,21256.11,21256.11,20963.38,20965.24,105093200
2006-09-07,20960.47,20993.06,20590.41,20833.23,119312500
2006-09-08,20844.36,20902.87,20732.48,20795.82,75636800
2006-09-11,20791.05,20804.20,20481.70,20612.89,97878800
2006-09-12,20612.89,21105.16,20598.49,21102.77,125199500
2006-09-13,21102.72,21365.59,21078.82,21320.21,107080100
2006-09-14,21320.12,21441.30,21195.27,21334.02,148214500
2006-09-15,21328.79,21637.02,21328.79,21548.87,144380500
2006-09-18,21549.14,21812.98,21525.44,21666.07,128752900
2006-09-19,21666.07,21729.72,21376.82,21659.02,117126400
2006-09-20,21660.93,21932.00,21660.93,21841.45,144814400
2006-09-21,21847.72,21892.95,21465.82,21498.09,115319600
2006-09-22,21498.09,21498.09,21105.13,21390.43,120820700
2006-09-25,21390.43,21674.92,21155.26,21674.74,108586600
2006-09-26,21674.74,21846.48,21674.24,21792.30,106621800
2006-09-27,21793.89,21946.43,21692.93,21748.57,122870100
2006-09-28,21748.57,21872.51,21717.61,21854.48,109770400
2006-09-29,21857.78,21937.51,21795.12,21937.11,98624400
2006-10-02,21933.93,21934.50,21618.48,21619.96,116355300
2006-10-03,21619.96,21700.49,21479.07,21631.00,98010200
2006-10-04,21621.24,22106.65,21621.24,22105.97,171129800
2006-10-05,22105.82,22391.04,22105.19,22326.86,171421700
2006-10-06,22333.56,22525.44,22198.97,22350.05,94248600
2006-10-09,22350.05,22480.28,22313.42,22313.42,76823600
2006-10-10,22313.42,22528.82,22302.28,22523.56,102388400
2006-10-11,22524.11,22640.04,22386.86,22387.08,135377200
2006-10-12,22387.17,22710.78,22387.17,22661.82,171289900
2006-10-13,22662.42,23000.56,22660.83,22848.32,163374000
2006-10-16,22847.69,23047.98,22827.41,22950.18,94348200
2006-10-17,22950.18,22950.18,22606.68,22799.42,124462000
2006-10-18,22811.27,23048.94,22811.27,23012.87,114529600
2006-10-19,23012.87,23168.55,22905.71,23168.52,129892200
2006-10-20,23157.38,23282.92,22974.49,23233.48,94449600
2006-10-23,23233.88,23322.58,23208.60,23321.41,85172800
2006-10-24,23321.41,23379.16,23196.74,23279.77,93508000
2006-10-25,23279.77,23414.47,23269.26,23397.69,107807600
2006-10-26,23397.69,23461.49,23277.09,23361.42,116102200
2006-10-27,23361.42,23361.42,22759.57,22762.86,146948600
2006-10-30,22762.86,22788.01,22339.28,22370.09,144556200
2006-10-31,22370.09,23047.65,22370.09,23046.95,170365200
2006-11-01,23046.95,23363.12,23040.21,23042.28,127381700
2006-11-03,23042.28,23180.15,22880.13,23169.87,108475300
2006-11-06,23169.87,23733.07,23169.87,23733.07,119474200
2006-11-07,23733.07,24101.72,23472.73,23585.14,142274000
2006-11-08,23585.14,23931.27,23560.97,23930.64,117018900
2006-11-09,23930.64,24077.58,23872.49,23941.80,135418600
2006-11-10,23941.80,23985.48,23808.34,23951.63,145787800
2006-11-13,23951.63,24191.36,23922.02,24188.59,91457800
2006-11-14,24188.59,24458.76,24151.93,24288.06,154824100
2006-11-15,24288.06,24316.12,24079.95,24315.60,106539700
2006-11-16,24315.60,24400.99,24265.57,24266.03,107629500
2006-11-17,24266.03,24268.82,24052.10,24196.05,97518000
2006-11-21,24196.05,24617.37,24196.05,24585.68,155179000
2006-11-22,24585.68,24725.96,24585.64,24674.75,107323900
2006-11-23,24674.89,24730.01,24656.16,24730.01,12896000
2006-11-24,24725.24,24857.95,24663.25,24792.89,56737800
2006-11-27,24792.89,24830.86,24333.88,24442.79,92877800
2006-11-28,24446.95,24446.95,24017.21,24344.95,125332700
2006-11-29,24353.32,24782.77,24353.32,24776.09,132626100
2006-11-30,24776.09,25006.36,24636.79,24962.01,135667800
2006-12-04,24962.01,25207.67,24878.19,25207.48,124257400
2006-12-05,25207.48,25605.19,25207.48,25593.92,160592000
2006-12-06,25587.56,25634.63,25328.01,25615.85,146582500
2006-12-07,25614.65,25891.16,25585.66,25639.31,140974500
2006-12-08,25634.54,25776.70,25555.37,25756.81,95071600
2006-12-11,25756.81,25847.42,25649.36,25828.48,83340800
2006-12-13,25828.48,25948.92,25663.54,25690.39,131396300
2006-12-14,25690.39,25935.31,25660.16,25863.39,120841600
2006-12-15,25871.76,26091.13,25756.59,25757.68,173955400
2006-12-18,25757.97,26035.86,25757.97,25857.44,97986200
2006-12-19,25857.19,25857.19,25397.94,25621.50,117563100
2006-12-20,25621.50,25683.23,25377.53,25394.69,142515800
2006-12-21,25389.81,25549.26,25336.05,25546.82,191899400
2006-12-22,25546.82,25563.84,25265.10,25432.64,48394600
2006-12-26,25432.64,25720.26,25423.88,25705.04,35469000
2006-12-27,25706.63,26204.88,25706.63,26196.66,68134200
2006-12-28,26196.66,26424.21,26188.70,26295.21,57063600
2006-12-29,26295.21,26450.45,26284.66,26448.32,50410600
2007-01-02,26448.32,26666.92,26448.32,26664.45,37688400
2007-01-03,26666.84,26699.10,26319.50,26619.37,134658000
2007-01-04,26622.11,26623.06,26335.42,26566.28,103649000
2007-01-05,26566.28,26566.28,26112.77,26135.60,105575400
2007-01-08,26135.60,26282.39,26071.66,26281.64,122179800
2007-01-09,26287.22,26342.47,25627.93,25783.04,180993900
2007-01-10,25780.84,25954.13,25400.33,25885.80,138084700
2007-01-11,25882.74,26290.70,25851.15,26247.90,140544800
2007-01-12,26247.90,26335.29,26091.36,26324.38,100066800
2007-01-15,26324.38,26484.06,26313.02,26480.03,27718800
2007-01-16,26479.83,26487.17,26333.56,26480.33,91066000
2007-01-17,26480.33,26610.61,26381.94,26558.50,133658200
2007-01-18,26556.66,26594.60,26112.80,26112.87,155636700
2007-01-19,26112.87,26304.51,25939.44,26213.38,137020400
2007-01-22,26213.27,26432.25,26042.06,26432.25,124941800
2007-01-23,26432.63,26811.12,26419.22,26810.00,164098900
2007-01-24,26813.69,27338.37,26813.69,27338.30,249127300
2007-01-25,27341.48,27453.92,26793.70,26899.34,153883400
2007-01-26,26899.34,27049.72,26595.70,27045.71,174052300
2007-01-29,27036.86,27036.86,26721.50,26834.05,137731600
2007-01-30,26838.18,27154.18,26823.62,27135.37,145672800
2007-01-31,27136.72,27621.98,27074.00,27561.49,180003800
2007-02-01,27561.49,27945.30,27561.49,27842.76,181712800
2007-02-02,27842.62,28005.95,27818.04,27933.07,128897300
2007-02-07,28067.29,28293.44,28012.26,28123.76,157970100
2007-02-08,28225.34,28291.49,27921.28,28197.26,276774100
2007-02-09,28228.71,28346.01,27862.63,27906.89,164346500
2007-02-12,27906.89,27975.73,27624.97,27972.23,119112200
2007-02-13,27972.69,28278.97,27866.43,28262.65,176896000
2007-02-14,28262.65,28678.31,28256.41,28539.69,187197700
2007-02-15,28539.69,28619.23,28388.85,28498.75,145614300
2007-02-16,28500.20,28525.99,28301.32,28491.07,102281600
2007-02-19,28491.07,28601.23,28491.07,28590.17,211632000
2007-02-20,28590.46,28646.16,28355.92,28589.66,130141100
2007-02-21,28594.02,28715.96,28425.65,28715.96,189293700
2007-02-22,28715.96,28940.11,28505.58,28676.48,129334600
2007-02-23,28676.51,28691.46,28353.48,28505.72,114420200
2007-02-26,28505.72,28639.13,28029.18,28046.16,134842200
2007-02-27,28040.66,28040.66,26418.82,26418.82,332633900
2007-02-28,26420.64,26804.79,26320.26,26638.95,225400400
2007-03-01,26581.59,26689.80,25691.58,26647.65,196228400
2007-03-02,26642.25,26801.48,26320.97,26321.12,125166200
2007-03-05,26319.73,26352.85,25780.58,25788.37,135085500
2007-03-06,25806.27,26432.39,25806.27,26355.64,116339200
2007-03-07,26355.64,26566.28,26184.39,26184.39,98693200
2007-03-08,26207.50,26776.20,26207.50,26773.79,126534400
2007-03-09,26773.62,27118.05,26752.63,27106.53,119177200
2007-03-12,27105.13,27261.28,26927.31,27261.17,74253800
2007-03-13,27259.55,27259.55,26568.63,26589.20,131984800
2007-03-14,26588.57,26745.32,26295.33,26719.32,136174800
2007-03-15,26718.44,26998.51,26685.03,26883.53,81389600
2007-03-16,26883.53,26944.97,26657.09,26901.42,86824000
2007-03-20,26901.42,27409.74,26901.42,27407.46,122848500
2007-03-21,27408.72,28229.73,27408.72,28219.55,220316400
2007-03-22,28231.65,28390.73,28134.77,28258.80,156877800
2007-03-23,28283.00,28391.52,28212.70,28272.03,95159800
2007-03-26,28272.03,28325.51,28020.62,28158.97,71195600
2007-03-27,28158.97,28164.41,27853.66,28124.33,121930400
2007-03-28,28107.92,28161.34,27811.04,28098.28,110999400
2007-03-29,28099.47,28704.24,28099.47,28704.24,167303900
2007-03-30,28704.24,28756.47,28487.59,28747.69,142322600
2007-04-02,28749.46,29268.40,28746.75,29171.52,131640900
2007-04-03,29171.52,29516.61,29171.52,29348.09,117003200
2007-04-04,29348.09,29427.61,29203.05,29370.94,70744600
2007-04-09,29366.51,29726.23,29366.51,29632.20,78483000
2007-04-10,29668.76,29938.68,29515.64,29515.64,147400500
2007-04-11,29506.68,29572.95,29248.02,29278.75,96812400
2007-04-12,29278.75,29664.16,28990.49,29606.97,153650400
2007-04-13,29606.97,29771.66,29556.66,29762.22,86409200
2007-04-16,29811.50,30057.74,29606.55,29718.66,92298800
2007-04-17,29717.64,29852.93,29383.13,29598.99,91090600
2007-04-18,29597.84,29597.84,29408.98,29559.52,63680400
2007-04-19,29558.75,29615.78,29117.04,29614.05,92968600
2007-04-20,29614.26,29970.50,29614.26,29832.48,83544400
2007-04-23,29832.48,29835.39,29527.09,29593.85,71264400
2007-04-24,29593.85,29677.25,29447.91,29544.18,121479400
2007-04-25,29545.94,29545.94,29346.63,29444.15,136940200
2007-04-26,29652.32,29839.21,29281.75,29342.70,184025200
2007-04-27,29352.74,29376.22,28738.22,29372.93,165218100
2007-04-30,29363.98,29413.52,28988.80,28996.71,90074000
2007-05-02,28996.71,29310.27,28921.18,29259.92,128393200
2007-05-03,29267.91,29755.46,29267.91,29752.95,144567600
2007-05-04,29752.95,30053.92,29741.01,30013.85,139624200
2007-05-07,30013.85,30159.13,29776.57,29776.57,78632200
2007-05-08,29759.41,29759.41,29296.10,29572.40,95791000
2007-05-09,29572.70,29992.87,29551.76,29992.83,93486600
2007-05-10,29992.08,29993.15,29637.60,29653.82,128558300
2007-05-11,29653.82,30125.30,29653.82,30058.75,90473200
2007-05-14,30058.75,30172.81,29665.99,29766.33,91215400
2007-05-15,29766.86,29927.35,29619.23,29619.91,122696900
2007-05-16,29618.58,30341.25,29611.31,30341.25,160769600
2007-05-17,30341.25,30535.89,30102.84,30478.37,140742900
2007-05-18,30490.31,30879.14,30490.31,30676.34,125242800
2007-05-21,30677.18,30894.27,30677.18,30708.73,86548200
2007-05-22,30707.27,30802.44,30566.23,30802.25,104796200
2007-05-23,30801.03,31171.60,30691.26,30869.84,185620600
2007-05-24,30869.84,30978.01,30299.47,30338.58,105354600
2007-05-25,30338.58,30700.35,30338.58,30700.01,135084500
2007-05-28,30687.56,30928.43,30625.61,30928.43,26107000
2007-05-29,30932.16,31053.34,30492.59,30664.73,180394300
2007-05-30,30575.22,31383.96,30324.37,31380.00,183613600
2007-05-31,31376.65,32029.45,31376.65,31398.96,231538800
2007-06-01,31402.97,31950.44,31380.59,31946.40,205132500
2007-06-04,31946.40,32096.21,31822.27,32096.21,81201800
2007-06-05,32096.21,32274.51,31816.65,32271.38,113046200
2007-06-06,32271.38,32273.81,31588.45,31681.76,124936200
2007-06-07,31669.55,31870.86,30647.24,31184.49,155096700
2007-06-08,31184.49,31479.50,31020.71,31466.60,125946600
2007-06-11,31466.60,31916.76,31444.99,31833.44,97858400
2007-06-12,31831.77,31885.04,31448.06,31608.59,116788700
2007-06-13,31638.37,31888.53,31513.37,31884.06,115976400
2007-06-14,31884.06,32216.61,31884.06,32114.09,145288500
2007-06-15,32129.08,32564.35,32124.02,32128.97,183445800
2007-06-18,32128.97,32382.35,32109.05,32218.17,89658600
2007-06-19,32156.32,32156.61,31913.63,32064.99,121020600
2007-06-20,32134.16,32256.44,31505.48,31550.76,150530000
2007-06-21,31533.96,31831.52,31248.29,31830.84,125661000
2007-06-22,31830.08,31873.86,31565.60,31642.26,95325200
2007-06-25,31643.79,31655.54,31235.48,31296.01,79390800
2007-06-26,31298.09,31394.62,30744.64,30744.71,117668500
2007-06-27,30646.95,30892.44,30267.00,30804.21,177508100
2007-06-28,30801.92,31112.35,30792.04,31079.24,124544100
2007-06-29,31037.23,31377.78,30927.58,31151.05,119476000
2007-07-02,31151.05,31434.40,31151.05,31420.69,138462500
2007-07-03,31420.95,32117.85,31410.74,32117.83,142022000
2007-07-04,32115.09,32407.17,32115.09,32201.63,63752600
2007-07-05,32183.75,32311.35,32016.59,32177.83,111582000
2007-07-06,32177.79,32555.36,32146.21,32411.84,142534400
2007-07-09,32411.84,32538.09,32064.74,32088.25,143479400
2007-07-10,32080.43,32081.43,31680.62,31743.02,138539400
2007-07-11,31738.38,31987.87,31571.34,31916.27,179097400
2007-07-12,31920.37,32311.40,31920.07,32261.10,127425800
2007-07-13,32261.10,32421.41,32166.84,32386.51,91819400
2007-07-16,32388.38,32552.78,32119.79,32265.93,71607200
2007-07-17,32252.93,32378.72,31861.04,31979.14,120581100
2007-07-18,31979.14,31979.14,31671.88,31886.74,137178500
2007-07-19,31905.09,32187.98,31894.92,32150.65,126705100
2007-07-20,32150.65,32150.65,31792.62,31922.62,155851800
2007-07-23,31916.73,32243.10,31916.73,32168.43,123971100
2007-07-24,32156.96,32156.96,31449.33,31462.15,205748900
2007-07-25,31472.86,31814.15,30811.25,31103.53,194330900
2007-07-26,31085.01,31085.01,29348.73,29996.60,288139600
2007-07-27,29996.60,30402.45,29815.04,30235.17,183625900
2007-07-30,30234.07,31103.63,30234.07,30900.68,158962000
2007-07-31,30917.51,31368.58,30658.96,30659.66,167344400
2007-08-01,30639.01,30672.58,29763.57,30048.37,168242700
2007-08-02,30062.14,30569.07,30062.14,30394.81,148285000
2007-08-03,30372.62,30411.49,29671.77,29671.77,97263000
2007-08-06,29671.77,29722.31,29152.97,29721.63,123952500
2007-08-07,29721.63,30308.47,29665.31,30239.92,139162500
2007-08-08,30242.98,30982.45,30242.98,30661.87,148900900
2007-08-09,30621.60,30621.60,29883.71,29883.96,132610900
2007-08-10,29883.17,29883.17,28868.22,29420.47,165978900
2007-08-13,29449.55,29884.64,29449.55,29607.20,102825200
2007-08-14,29638.58,29748.06,28847.93,28895.73,111142300
2007-08-15,28885.83,29030.30,27987.31,28140.73,154231300
2007-08-16,28137.23,28137.23,26445.84,27793.16,259586700
2007-08-17,27859.74,28783.79,27859.74,28510.66,217556300
2007-08-20,28511.92,28749.26,28241.71,28453.55,99913000
2007-08-21,28453.55,28724.21,28241.45,28568.43,99531800
2007-08-22,28568.43,29269.68,28568.43,29269.34,124979000
2007-08-23,29270.11,29609.81,29270.11,29459.82,122398900
2007-08-24,29457.33,30102.32,29445.09,30041.54,152736900
2007-08-27,30050.46,30278.50,29868.15,30275.84,84798200
2007-08-28,30264.20,30264.20,29240.79,29326.76,150259000
2007-08-29,29376.64,29732.76,29286.00,29710.78,114861200
2007-08-30,29710.78,29970.48,29488.47,29744.07,120369400
2007-08-31,29749.39,30347.86,29749.39,30347.86,138088300
2007-09-03,30347.86,30799.13,30347.86,30797.60,36499000
2007-09-04,30802.59,31015.77,30587.39,30932.71,162376100
2007-09-05,30903.61,30903.61,30635.53,30809.55,95805400
2007-09-06,30809.55,30977.15,30757.02,30816.95,90418000
2007-09-07,30816.20,30816.20,30064.14,30252.77,110884600
2007-09-10,30252.77,30265.54,29683.26,29893.18,94633800
2007-09-11,29893.18,30307.36,29892.44,30191.14,110137700
2007-09-12,30191.14,30317.50,30025.62,30076.33,91296200
2007-09-13,30076.33,30513.48,30063.78,30302.23,97280400
2007-09-14,30291.51,30389.02,30091.49,30096.03,87969400
2007-09-17,30080.42,30222.13,29573.59,29794.49,79726600
2007-09-18,29795.87,30741.45,29795.87,30603.42,186831600
2007-09-19,30607.10,31090.48,30512.64,30512.64,204986700
2007-09-20,30512.64,30697.27,30248.91,30485.75,106047900
2007-09-21,30485.75,30722.94,30356.58,30583.07,121562700
2007-09-24,30585.60,30753.88,30417.70,30543.45,96493600
2007-09-25,30539.62,30539.62,30269.92,30294.77,111282700
2007-09-26,30305.90,30524.62,30175.35,30303.18,142272100
2007-09-27,30303.18,30591.34,30303.18,30528.00,137181400
2007-09-28,30528.00,30551.99,30248.15,30296.19,134169600
2007-10-01,30298.41,30887.73,30266.59,30855.68,126508100
2007-10-02,30864.86,31531.85,30864.86,31451.79,216543100
2007-10-03,31427.32,31588.76,31177.49,31178.84,158740800
2007-10-04,31178.84,31369.17,30833.50,31078.33,158142400
2007-10-05,31078.33,31708.14,31078.33,31540.94,138860400
2007-10-08,31530.23,31828.89,31422.67,31825.51,103456500
2007-10-09,31825.98,32096.72,31758.92,31801.69,135631900
2007-10-10,31886.25,32238.88,31881.48,32129.40,187619900
2007-10-11,32129.40,32757.26,31867.37,31980.95,249969900
2007-10-12,31991.73,32501.99,31991.73,32473.47,125891200
2007-10-15,32473.47,32654.71,32217.25,32335.86,117585300
2007-10-16,32335.86,32335.86,31973.19,32230.82,113380500
2007-10-17,32232.42,32721.82,32232.42,32721.82,141438700
2007-10-18,32721.72,32851.14,32523.82,32836.12,136513900
2007-10-19,32836.12,32836.12,31814.44,31823.40,160447100
2007-10-22,31817.34,31976.01,31378.26,31969.48,97478200
2007-10-23,31969.48,32386.18,31969.48,32229.44,115284100
2007-10-24,32232.19,32232.19,31660.93,32048.18,136789500
2007-10-25,32050.48,32087.18,31557.38,31886.10,175930100
2007-10-26,31896.15,32150.85,31781.73,32136.76,143574600
2007-10-29,32137.17,32419.17,32027.92,32100.76,89089600
2007-10-30,31965.18,31965.18,31634.60,31783.62,96602600
2007-10-31,31787.00,31791.87,31413.22,31458.67,163963200
2007-11-01,31411.98,31411.98,30743.89,30806.30,120008600
2007-11-05,30806.30,30815.21,29832.96,30157.69,163035700
2007-11-06,30163.81,30499.85,30158.02,30430.50,145394700
2007-11-07,30428.55,30428.55,29574.07,29582.21,126476100
2007-11-08,29586.76,29834.33,28813.51,29289.72,197755700
2007-11-09,29287.88,29299.67,28790.14,29158.86,176494300
2007-11-12,29158.71,29158.71,28167.73,28185.90,134013500
2007-11-13,28187.83,29499.21,28177.73,29484.78,166169000
2007-11-14,29484.78,30196.89,29484.78,29655.68,183482800
2007-11-15,29639.60,29775.00,29013.46,29170.90,132069500
2007-11-16,29172.84,29631.57,29022.06,29631.57,100685800
2007-11-21,29057.93,29057.93,28374.82,28446.45,105890700
2007-11-22,28417.73,28619.25,28417.73,28520.16,12445600
2007-11-23,28520.16,28736.61,28393.21,28710.87,56789800
2007-11-26,28709.21,28941.39,27882.58,27883.01,101299900
2007-11-27,27888.83,28213.30,27647.47,28124.65,102407300
2007-11-28,28126.21,29425.78,28126.21,29276.39,173167600
2007-11-29,29276.39,29740.81,29195.86,29399.92,112281400
2007-11-30,29432.83,30047.99,29432.83,29770.52,197682200
2007-12-03,29770.52,29971.58,29580.77,29968.53,88112600
2007-12-04,29969.16,30154.31,29765.42,29998.79,97022000
2007-12-05,30025.58,30790.51,30025.58,30761.64,187169800
2007-12-06,30776.86,31261.88,30772.10,31257.30,141177900
2007-12-07,31257.23,31408.24,31128.72,31268.36,135086100
2007-12-10,31269.84,31452.97,31097.48,31182.75,108306400
2007-12-11,31184.28,31426.39,30319.83,30327.36,126872500
2007-12-13,30303.51,30303.51,29686.94,30088.04,124462400
2007-12-14,30084.97,30164.65,29768.85,29994.90,69386200
2007-12-17,29994.16,29994.16,28895.59,28968.20,123391100
2007-12-18,28993.48,29424.98,28839.75,29254.98,123505900
2007-12-19,29254.98,29527.24,29025.90,29074.12,117367600
2007-12-20,29074.12,29200.92,29011.65,29148.45,104751600
2007-12-21,29148.45,29736.11,29148.45,29638.40,95666600
2007-12-24,29639.17,29871.47,29639.17,29853.77,27122800
2007-12-26,29857.60,30041.45,29838.12,30002.46,47889000
2007-12-27,29969.25,29969.25,29640.77,29642.12,39607000
2007-12-28,29642.86,29820.31,29588.21,29700.19,46800600
2007-12-31,29700.19,29738.03,29241.94,29536.83,32672400
2008-01-02,29536.83,29733.56,28684.33,28699.12,101740500
2008-01-03,28687.85,29046.61,28666.95,28860.78,78935800
2008-01-04,28860.78,28860.78,28226.46,28317.92,93434400
2008-01-07,28327.89,28420.50,27811.60,28152.56,104241300
2008-01-08,28158.12,28698.86,28158.12,28267.78,147153700
2008-01-09,28260.16,28404.90,27748.74,28401.61,163572400
2008-01-10,28399.28,29093.48,28174.96,29069.56,176867400
2008-01-11,29069.56,29240.60,28574.61,28723.82,106765600
2008-01-14,28725.35,28959.96,28440.84,28607.45,107568000
2008-01-15,28603.66,28603.66,27901.50,27961.85,160136000
2008-01-16,27954.18,27954.18,26982.27,27343.57,212490500
2008-01-17,27343.57,27604.82,26560.86,26698.66,182094200
2008-01-18,26698.66,27144.66,26325.46,26713.83,163589000
2008-01-21,26692.86,26692.86,25282.31,25284.88,82536400
2008-01-22,25298.97,27019.79,25298.97,26892.74,215089300
2008-01-23,26888.87,27620.33,25833.32,27620.33,190439100
2008-01-24,27626.47,28323.15,27626.47,27905.13,186883700
2008-01-25,27922.01,28419.66,27379.92,27379.92,122925100
2008-01-28,27379.92,27764.36,26991.63,27758.93,103723100
2008-01-29,27828.00,28326.62,27828.00,28263.95,130366500
2008-01-30,28262.85,28782.52,28104.10,28296.80,144325400
2008-01-31,28295.23,28802.57,27656.63,28793.64,243839600
2008-02-01,28793.34,29494.54,28746.03,29429.93,173546800
2008-02-05,29404.84,29404.84,28086.15,28086.97,163168500
2008-02-06,28091.53,28552.58,27918.81,27929.29,144956500
2008-02-07,27929.72,28276.78,27472.27,28088.32,149717300
2008-02-08,28087.89,28210.53,27963.03,28185.26,123837400
2008-02-11,28159.13,28823.95,27952.98,28789.55,137057400
2008-02-12,28916.46,29296.63,28868.39,28869.96,189625600
2008-02-13,28871.88,29316.86,28871.88,29306.76,168112000
2008-02-14,29306.76,29375.54,29051.80,29138.92,134397500
2008-02-15,29139.01,29139.01,28576.12,28744.81,104607200
2008-02-18,28744.81,29178.13,28707.86,29172.21,28032000
2008-02-19,29172.44,29423.07,28891.12,28899.97,146877700
2008-02-20,28874.13,29225.27,28651.13,29224.44,114691700
2008-02-21,29246.30,29495.92,29219.36,29361.32,122940400
2008-02-22,29355.76,29528.79,29044.82,29528.79,114595100
2008-02-25,29537.25,29970.84,29425.73,29962.88,122389000
2008-02-26,29962.88,30353.36,29779.58,30228.08,211038900
2008-02-27,30228.08,30633.71,30095.15,30424.76,153453400
2008-02-28,30425.47,30597.50,30128.85,30130.47,146328900
2008-02-29,30129.21,30129.21,28916.98,28918.52,203444800
2008-03-03,28904.71,29546.60,28710.39,29526.70,140738000
2008-03-04,29534.31,29534.31,28863.06,29261.11,155506400
2008-03-05,29261.11,29490.90,29093.33,29277.35,145494800
2008-03-06,29276.33,29276.33,28716.82,28717.04,136271200
2008-03-07,28717.14,28907.76,28388.18,28612.75,143365000
2008-03-10,28611.72,28710.35,28080.63,28207.29,240998500
2008-03-11,28233.90,29466.17,28233.90,29466.17,202437700
2008-03-12,29463.99,29886.08,29282.35,29283.40,159787000
2008-03-13,29281.69,29758.00,28799.12,29703.09,127929400
2008-03-14,29703.09,29783.75,28593.95,29048.51,132334200
2008-03-18,29048.51,29573.07,28953.06,29515.55,116291800
2008-03-19,29517.07,29588.84,28903.01,29071.34,126425600
2008-03-24,29074.58,29930.93,29055.85,29634.16,132521800
2008-03-25,29636.34,30144.51,29611.42,29981.08,115395700
2008-03-26,29981.02,30057.90,29750.18,30057.26,132391000
2008-03-27,30058.45,30320.98,29985.46,29987.05,116581500
2008-03-28,29996.96,30181.59,29916.53,30089.90,85730600
2008-03-31,30083.35,31109.17,30002.91,30912.99,361514400
2008-04-01,30916.04,32079.89,30916.04,31787.68,362679500
2008-04-02,31788.44,32232.73,31467.87,31467.87,205242300
2008-04-03,31463.98,31849.20,31216.62,31689.61,149274000
2008-04-04,31653.01,31798.17,31490.49,31545.37,106897200
2008-04-07,31550.71,31941.04,31517.45,31715.44,110300500
2008-04-08,31680.36,31754.09,31467.18,31726.86,114474200
2008-04-09,31726.72,31795.75,31341.22,31417.83,131151000
2008-04-10,31418.67,31710.93,31115.71,31649.05,136507700
2008-04-11,31647.86,31647.86,31239.98,31302.57,138265300
2008-04-14,31302.57,31507.52,31149.27,31192.48,107344600
2008-04-15,31193.24,31455.75,31159.05,31375.95,86685200
2008-04-16,31382.05,31910.21,31382.05,31910.21,153079100
2008-04-17,31910.14,31989.73,31580.79,31785.99,131549800
2008-04-18,31788.57,32191.20,31649.11,31795.68,159416200
2008-04-21,31795.68,32098.29,31762.54,32095.04,122282500
2008-04-22,32095.24,32292.92,31805.79,32039.72,146719700
2008-04-23,32039.72,32097.88,31743.86,31847.98,146612900
2008-04-24,31847.98,32047.58,31410.70,31746.23,139709100
2008-04-25,31743.23,31743.23,30862.53,31009.02,434799100
2008-04-28,31008.92,31246.70,30623.35,30623.39,150779600
2008-04-29,30620.92,30720.43,30244.91,30270.64,169772000
2008-04-30,30271.40,30578.20,30247.30,30281.41,174060600
2008-05-02,30289.91,30581.26,30238.41,30551.47,147625800
2008-05-05,30532.91,30981.04,30523.35,30958.89,98088200
2008-05-06,30958.94,31239.97,30878.93,31223.42,153053700
2008-05-07,31228.76,31379.70,30700.01,30762.16,161426900
2008-05-08,30762.16,30802.42,30586.91,30751.97,157063200
2008-05-09,30751.97,30774.57,30454.48,30674.36,120458200
2008-05-12,30674.36,30754.57,30419.16,30637.36,135730600
2008-05-13,30640.36,30975.53,30578.29,30887.40,126102600
2008-05-14,30887.40,31541.82,30876.31,31336.57,197494800
2008-05-15,31337.67,31548.51,31240.89,31542.97,119455900
2008-05-16,31543.69,31717.05,31486.95,31486.95,173136600
2008-05-19,31483.13,32024.48,31483.13,31796.41,152153400
2008-05-20,31794.11,31794.11,31436.66,31526.17,122828500
2008-05-21,31526.17,31611.54,31116.10,31126.07,122010900
2008-05-22,31126.07,31339.88,31126.07,31245.68,143709900
2008-05-23,31253.31,31255.33,31004.00,31068.70,103283200
2008-05-26,31068.70,31355.18,31068.64,31314.55,32507600
2008-05-27,31314.55,31508.62,31247.83,31414.21,131717800
2008-05-28,31414.32,31647.08,31297.81,31647.03,125642300
2008-05-29,31647.03,31925.69,31523.88,31837.27,131849400
2008-05-30,31835.58,32211.48,31805.16,31975.47,276935800
2008-06-02,31968.60,32001.13,31594.89,31636.21,85291800
2008-06-03,31636.21,31729.11,31215.59,31492.64,121221800
2008-06-04,31488.82,31593.86,31325.16,31448.11,120475300
2008-06-05,31447.68,31726.06,31446.20,31726.01,109032000
2008-06-06,31692.85,31694.24,31108.61,31149.06,144939800
2008-06-09,31149.06,31232.11,30695.69,30933.44,94709400
2008-06-10,30905.09,30905.09,30651.30,30898.87,164126700
2008-06-11,30898.23,31070.58,30446.24,30446.24,218040000
2008-06-12,30461.53,30955.39,30435.67,30475.44,244010200
2008-06-13,30475.44,30715.61,30253.81,30413.48,117938900
2008-06-16,30411.32,30567.91,30342.24,30354.18,99324600
2008-06-17,30353.02,30409.75,29862.58,29925.27,143734600
2008-06-18,29916.58,29916.58,29406.39,29618.11,242131000
2008-06-19,29618.11,29852.60,29304.69,29847.85,178893100
2008-06-20,29848.94,29848.94,29179.76,29533.44,187416400
2008-06-23,29533.44,29594.61,29352.85,29464.54,113904300
2008-06-24,29465.57,29566.15,29114.60,29291.61,162416800
2008-06-25,29298.09,29818.31,29278.33,29569.44,121611300
2008-06-26,29541.79,29541.79,29098.15,29199.94,148277900
2008-06-27,29194.16,29414.61,29148.66,29295.00,101171100
2008-06-30,29295.00,29477.31,29213.19,29395.49,106729500
2008-07-01,29395.49,29395.49,28763.26,29221.11,181056400
2008-07-02,29223.48,29288.94,28655.03,28680.83,170904100
2008-07-03,28676.78,28809.56,28459.67,28465.55,107777900
2008-07-04,28465.55,28558.77,28337.86,28338.12,23838400
2008-07-07,28348.02,28708.92,28076.32,28383.53,110006500
2008-07-08,28383.53,28585.46,28091.51,28551.25,150752100
2008-07-09,28551.21,28764.72,28095.37,28095.79,191802700
2008-07-10,28092.63,28101.94,27499.56,27877.33,177596100
2008-07-11,27876.27,27876.27,27274.89,27614.54,144967300
2008-07-14,27655.66,27862.83,27427.27,27517.11,108358800
2008-07-15,27499.71,27704.94,26877.80,27435.80,201285800
2008-07-16,27429.80,27978.17,27312.18,27968.82,170970500
2008-07-17,27970.33,28383.24,27970.33,28215.86,174104100
2008-07-18,28222.60,28320.19,27993.55,28169.77,131485700
2008-07-21,28169.77,28418.03,27971.84,27988.47,96207400
2008-07-22,27988.34,27991.53,27419.77,27592.24,264017500
2008-07-23,27592.24,27848.24,27432.75,27644.75,200624200
2008-07-24,27640.79,27726.41,27205.06,27644.75,200624200
2008-07-25,26878.91,27207.08,26876.17,27084.77,155935100
2008-07-28,27085.87,27177.44,26732.56,26732.84,137241300
2008-07-29,26732.84,27370.58,26647.55,27318.64,159659100
2008-07-30,27343.32,27648.14,27340.95,27474.04,160933400
2008-07-31,27473.81,27600.34,27340.75,27501.02,149093300
2008-08-01,27500.27,27502.65,26892.31,26959.18,128046200
2008-08-04,26978.99,27028.72,26463.81,26487.76,122683700
2008-08-05,26502.72,26990.19,26502.72,26990.19,156835200
2008-08-06,26990.19,27344.15,26909.14,27342.39,154895300
2008-08-07,27342.39,27342.39,26949.00,26986.98,135773300
2008-08-08,26982.49,27262.37,26893.68,27132.79,115178100
2008-08-11,27073.31,27262.54,26929.39,26943.69,155475300
2008-08-12,26943.45,26976.85,26593.09,26636.55,152061100
2008-08-13,26643.55,26914.94,26519.87,26877.07,125333600
2008-08-14,26875.48,27267.74,26782.98,27247.45,174043900
2008-08-15,27261.51,27446.62,27150.63,27340.83,127894800
2008-08-18,27341.07,27356.00,26735.47,26777.48,110044500
2008-08-19,26776.01,26895.58,26454.07,26732.11,136870300
2008-08-20,26732.11,27042.10,26729.12,26865.04,148111800
2008-08-21,26862.91,26961.72,26522.36,26534.97,104828800
2008-08-22,26560.50,26877.00,26560.50,26875.45,124177100
2008-08-25,26873.07,26873.07,26416.01,26416.62,93978600
2008-08-26,26415.58,26447.87,25872.25,26071.46,148863300
2008-08-27,26071.46,26383.09,26061.58,26131.35,129256500
2008-08-28,26131.35,26480.31,26131.35,26444.12,118621800
2008-08-29,26444.12,26459.97,26222.53,26290.99,87632200
2008-09-01,26320.73,26443.19,26274.27,26424.70,17653200
2008-09-02,26425.12,26753.71,26382.28,26522.76,159102200
2008-09-03,26525.02,26592.06,26282.99,26467.79,141765700
2008-09-04,26467.79,26467.79,25891.08,26151.63,147457000
2008-09-05,26151.63,26151.63,25676.96,25904.18,154593100
2008-09-08,25955.86,26489.36,25939.95,26232.56,154665300
2008-09-09,26232.44,26283.82,25625.94,25629.79,192486100
2008-09-10,25634.56,25776.18,25411.54,25622.91,217075200
2008-09-11,25599.84,25637.47,25180.09,25552.49,191323100
2008-09-12,25488.03,25599.60,25174.03,25588.41,169976800
2008-09-15,25427.70,25427.70,24610.54,24618.15,125304000
2008-09-17,24618.15,24722.70,23383.68,23456.84,280231000
2008-09-18,23457.82,24596.99,23181.74,24577.90,282824600
2008-09-19,24640.02,26114.59,24640.02,25701.03,284691900
2008-09-22,25702.54,25731.16,25131.61,25131.91,165723400
2008-09-23,25131.87,25223.01,24834.82,24969.17,148066400
2008-09-24,24969.17,25165.50,24766.73,24944.25,137172200
2008-09-25,24946.50,25657.01,24839.97,25645.50,228067600
2008-09-26,25644.34,25644.34,25264.85,25593.77,189939100
2008-09-29,25577.18,25577.18,23789.83,23955.67,234109200
2008-09-30,23980.10,24888.90,23980.10,24888.90,244103900
2008-10-01,24898.47,25220.72,24482.03,25117.32,183110300
2008-10-02,25117.48,25117.48,23874.32,24027.35,227691800
2008-10-03,24033.73,24271.38,22989.50,22989.50,239791000
2008-10-06,22969.56,22969.56,20693.83,21749.13,239129100
2008-10-07,21766.68,22567.89,20864.52,20884.74,236341900
2008-10-08,20868.57,21383.69,20145.55,20678.97,362334800
2008-10-09,20690.45,21473.71,20309.53,20310.20,208223800
2008-10-10,20268.79,20268.79,19230.75,19905.27,427580700
2008-10-13,20005.03,22095.89,20005.03,22095.89,347370200
2008-10-14,22186.80,23398.79,21899.80,22244.61,350346500
2008-10-15,22224.65,22224.65,20830.94,21135.42,207434100
2008-10-16,21137.79,21347.93,20032.25,20457.93,289201200
2008-10-17,20464.20,20945.50,20118.52,20312.83,220388500
2008-10-20,20312.83,20950.26,20312.83,20786.21,203623800
2008-10-21,20759.29,20794.76,20101.72,20203.27,203150000
2008-10-22,20166.62,20166.62,18613.45,18787.34,271645700
2008-10-23,18787.34,19009.97,17537.82,17798.99,283895300
2008-10-24,17795.15,17795.15,16616.94,16978.84,232867600
2008-10-27,16955.85,17596.03,16480.01,16891.03,203062400
2008-10-28,16867.39,18832.73,16867.39,18632.53,291780300
2008-10-29,18665.46,19666.92,18320.83,19157.33,326481900
2008-10-30,19157.91,20242.72,19157.91,20207.02,297175900
2008-10-31,20207.02,20454.61,20016.24,20445.32,259049700
2008-11-03,20445.32,20696.41,20224.87,20612.68,174720500
2008-11-04,20632.88,21538.05,20632.88,21535.27,235156000
2008-11-05,21535.27,21538.35,20427.33,20446.77,183589200
2008-11-06,20446.77,20446.77,19602.42,19650.86,181085900
2008-11-07,19658.33,20186.29,19658.33,19865.22,146691100
2008-11-10,19865.48,20381.19,19745.23,20020.53,136696800
2008-11-11,20020.53,20020.53,19540.67,19795.25,165859600
2008-11-12,19781.80,19781.80,18804.95,18804.95,161141700
2008-11-13,18804.95,19710.84,18220.66,19710.10,257765100
2008-11-14,19710.85,19918.49,19292.25,19562.14,205168800
2008-11-18,19562.14,19562.14,18833.43,19036.23,220406600
2008-11-19,19035.93,19039.07,18558.37,18578.38,165005200
2008-11-20,18578.38,18745.60,18012.36,18190.70,157979000
2008-11-21,18190.70,18453.30,17942.97,18251.41,141270600
2008-11-24,18251.41,19573.01,18251.41,19529.25,215589700
2008-11-25,19545.68,19709.45,18982.84,19297.63,258173400
2008-11-26,19297.21,20062.47,19028.19,20025.79,192476700
2008-11-27,20026.21,20223.03,19888.64,20201.82,54814600
2008-11-28,20202.20,20549.55,20021.15,20534.72,135157600
2008-12-01,20514.56,20514.56,19532.40,19533.08,159841000
2008-12-02,19547.58,19819.63,19499.75,19802.27,134698700
2008-12-03,19801.95,20277.10,19493.86,20147.01,148344200
2008-12-04,20147.01,20266.35,19901.65,19916.21,176713300
2008-12-05,19915.85,20082.59,19440.54,20081.83,157880000
2008-12-08,20083.87,21192.39,20083.87,21168.72,279845300
2008-12-09,21164.74,21632.29,20978.37,21439.65,242536200
2008-12-10,21459.80,21991.01,21424.76,21689.84,238217700
2008-12-11,21639.63,21831.16,21305.63,21408.35,176931400
2008-12-15,21374.87,21476.96,21039.11,21050.55,184485100
2008-12-16,21050.55,22095.14,21017.87,22032.54,289314700
2008-12-17,22032.78,22583.85,21904.89,22572.50,245711100
2008-12-18,22572.50,23098.15,22334.75,22347.17,200045000
2008-12-19,22308.91,22545.16,21979.54,22221.64,225725200
2008-12-22,22221.64,22282.93,21923.10,22059.18,93403400
2008-12-23,22059.18,22393.87,22053.95,22174.26,109505000
2008-12-24,22167.08,22453.51,22141.35,22340.70,31613800
2008-12-26,22339.04,22543.34,22249.28,22515.34,36655600
2008-12-29,22515.34,22571.03,22290.88,22392.38,69370400
2008-12-30,22398.76,22516.74,22128.65,22420.01,70999200
2008-12-31,22419.71,22660.59,22368.00,22380.32,64369400
2009-01-02,22380.32,23302.06,22331.40,23250.96,107065400
2009-01-05,23250.96,23483.54,23190.26,23238.86,190380500
2009-01-06,23238.86,23489.77,22886.21,23005.41,213101600
2009-01-07,22992.71,22992.71,22107.60,22117.51,144398800
2009-01-08,22116.80,22116.80,21660.11,21955.40,168764000
2009-01-09,21962.12,22040.20,21654.90,21741.29,127101200
2009-01-12,21741.29,21744.48,21019.23,21162.27,143957200
2009-01-13,21161.70,21285.59,20866.06,21047.30,133309900
2009-01-14,21047.30,21047.30,20303.29,20369.23,159748100
2009-01-15,20369.23,20494.03,19716.77,20280.49,224767800
2009-01-16,20280.98,20683.17,19860.81,20325.39,154477500
2009-01-19,20325.19,20473.88,20281.71,20393.41,23764400
2009-01-20,20386.68,20391.47,19212.89,19213.02,171800600
2009-01-21,19221.27,19580.83,18997.11,19497.10,176710900
2009-01-22,19469.96,19616.30,19038.85,19306.73,173302400
2009-01-23,19211.94,19572.65,18963.70,19348.81,167630900
2009-01-26,19348.81,19764.71,19291.76,19583.08,115346700
2009-01-27,19586.82,19864.40,19540.15,19616.15,111633100
2009-01-28,19613.99,20148.64,19613.99,20145.22,222974300
2009-01-29,20112.29,20120.32,19537.05,19537.05,163286200
2009-01-30,19501.11,19752.61,19320.98,19565.14,223409900
2009-02-03,19563.97,19777.87,19519.36,19630.46,172960200
2009-02-04,19630.46,19958.42,19543.15,19622.60,181935300
2009-02-05,19622.60,19771.86,19328.74,19736.96,147148800
2009-02-06,19736.96,20459.16,19736.96,20438.13,211926200
2009-02-09,20437.80,20537.10,20327.94,20537.10,124175700
2009-02-10,20537.10,20708.05,19678.94,19825.72,199243200
2009-02-11,19825.23,20053.16,19364.43,19446.65,129679900
2009-02-12,19438.55,19485.24,19165.37,19358.25,162651800
2009-02-13,19362.65,19515.02,19214.99,19368.10,124482200
2009-02-16,19376.68,19520.87,19306.66,19520.87,20536200
2009-02-17,19489.50,19489.50,18785.52,18853.93,149582000
2009-02-18,18853.93,18913.57,18531.41,18741.27,137636800
2009-02-19,18741.27,18975.39,18593.38,18682.47,127616700
2009-02-20,18686.55,18686.55,18283.53,18324.23,149973600
2009-02-23,18323.74,18457.41,17956.23,17956.40,117136700
2009-02-24,17958.28,18334.18,17708.18,18296.11,180856500
2009-02-25,18300.94,18300.94,17858.85,18200.70,210144900
2009-02-26,18200.06,18399.68,17924.61,18047.16,178988200
2009-02-27,18062.18,18066.53,17620.70,17752.18,226388200
2009-03-02,17748.18,17748.18,16875.60,16929.80,152330900
2009-03-03,16929.80,17203.45,16756.65,17093.25,163130900
2009-03-04,17113.60,17840.39,17113.60,17824.96,163352900
2009-03-05,17806.11,17806.11,17210.05,17365.02,211647700
2009-03-06,17378.38,17439.53,16922.31,17043.44,136829900
2009-03-09,17039.41,17277.14,16802.14,16964.36,127063500
2009-03-10,16964.36,17657.19,16964.36,17543.52,216456000
2009-03-11,17543.52,17839.21,17522.82,17790.69,172724100
2009-03-12,17789.88,18883.02,17703.80,18864.87,235874400
2009-03-13,18864.87,19683.04,18847.37,19437.01,215405500
2009-03-17,19437.01,19450.93,19030.52,19325.05,186394200
2009-03-18,19325.05,19781.00,19066.38,19620.48,228632400
2009-03-19,19620.23,19839.16,19576.45,19596.51,228216900
2009-03-20,19596.51,19669.29,19304.73,19363.30,230963400
2009-03-23,19369.98,20349.56,19369.98,20346.43,224080200
2009-03-24,20336.76,20469.64,20052.38,20242.61,211904400
2009-03-25,20242.61,20693.41,20084.87,20272.77,214070700
2009-03-26,20288.07,20730.94,20223.67,20542.25,189582300
2009-03-27,20541.28,20541.28,20253.42,20315.17,188352300
2009-03-30,20314.42,20314.42,19461.49,19530.15,217474900
2009-03-31,19531.75,19955.55,19459.13,19626.75,241774300
2009-04-01,19626.98,19980.51,19288.39,19880.37,167143600
2009-04-02,19877.44,20844.80,19877.44,20562.59,310203000
2009-04-03,20562.59,20933.99,20463.98,20933.78,236140000
2009-04-06,20928.14,20928.14,20535.11,20807.21,133722100
2009-04-07,20799.28,20800.48,20458.21,20623.42,170164100
2009-04-08,20628.26,20877.84,20519.11,20530.63,142477700
2009-04-13,20534.83,21865.09,20534.83,21838.96,250985600
2009-04-14,21835.88,21961.90,21472.36,21918.60,275947500
2009-04-15,21920.07,22000.42,21755.66,21861.36,158298200
2009-04-16,21859.14,22292.12,21859.14,22189.20,212464200
2009-04-17,22189.20,22406.25,22076.32,22234.84,193354900
2009-04-20,22233.48,22233.48,21516.75,21587.49,158109400
2009-04-21,21580.70,21878.41,21159.50,21216.94,208890800
2009-04-22,21237.30,21834.77,21237.30,21480.01,178718200
2009-04-23,21482.43,21971.75,21482.43,21829.33,175363500
2009-04-24,21829.33,22711.67,21824.62,22582.17,273633900
2009-04-27,22578.84,22578.84,21430.11,21827.11,231181100
2009-04-28,21802.45,21884.35,21468.92,21662.53,159187800
2009-04-29,21654.47,22526.33,21654.47,22079.34,310851700
2009-04-30,22079.98,22576.33,21895.09,21898.85,255178900
2009-05-04,21976.90,23193.29,21976.90,23014.05,245237200
2009-05-05,23014.54,23456.61,22941.15,23430.24,261591200
2009-05-06,23430.24,23985.92,23430.24,23906.13,283836700
2009-05-07,23935.88,24317.51,23518.95,23589.40,232618900
2009-05-08,23589.52,24094.29,23589.52,24085.58,217089100
2009-05-11,24071.20,24072.04,23726.24,23943.02,125778200
2009-05-12,23951.08,24021.08,23565.42,23696.49,208661300
2009-05-13,23686.81,23686.81,23142.44,23155.01,161476700
2009-05-14,23155.01,23420.92,23085.79,23405.93,150638900
2009-05-15,23405.09,23453.71,23171.75,23341.72,142720800
2009-05-18,23345.83,23940.70,23345.83,23935.49,156017200
2009-05-19,23956.85,24683.73,23911.33,24344.62,230674400
2009-05-20,24383.61,24799.54,24328.06,24399.60,205337800
2009-05-21,24374.42,24374.42,23806.65,23821.26,161088100
2009-05-22,23833.47,24214.04,23833.47,24093.24,114183100
2009-05-25,24095.53,24246.28,24021.83,24198.96,31922800
2009-05-26,24198.71,24687.19,24045.90,24640.08,184148300
2009-05-27,24640.37,24922.10,24407.17,24507.81,196596600
2009-05-28,24507.81,24685.50,24286.62,24659.24,164277800
2009-05-29,24683.85,24993.78,24328.82,24331.71,270084400
2009-06-01,24331.71,25116.36,24331.71,25105.63,206412500
2009-06-02,25106.12,25416.03,24958.11,25183.83,206917200
2009-06-03,25183.05,25183.10,24515.91,24651.32,176736900
2009-06-04,24651.36,24803.31,24530.70,24748.03,150974600
2009-06-05,24750.03,25045.94,24676.14,24913.01,122116600
2009-06-08,24913.01,24949.34,24584.05,24932.88,109181900
2009-06-09,24932.88,25188.77,24847.05,25107.43,151848600
2009-06-10,25107.43,25372.22,25047.96,25183.72,202528000
2009-06-11,25183.95,25446.31,25183.38,25372.85,164651300
2009-06-12,25365.29,25554.16,25168.57,25460.02,139077600
2009-06-15,25460.25,25460.25,24790.35,24899.69,204609700
2009-06-16,24899.69,25002.20,24219.05,24224.83,172220700
2009-06-17,24224.83,24279.09,23690.58,24150.94,189867700
2009-06-18,24181.33,24464.09,24085.43,24340.65,119173400
2009-06-19,24355.76,24637.99,24274.72,24274.72,135760000
2009-06-22,24274.72,24274.72,23310.46,23314.68,141146700
2009-06-23,23315.01,23496.91,22955.98,23496.39,155296600
2009-06-24,23506.48,24075.52,23506.48,23711.24,153541300
2009-06-25,23710.08,24268.32,23574.65,24245.71,137272700
2009-06-26,24245.87,24499.59,24170.14,24458.23,97903200
2009-06-29,24462.05,24614.93,24404.81,24473.53,90991000
2009-06-30,24475.20,24634.41,24306.58,24368.38,114791700
2009-07-01,24406.22,24690.33,24406.22,24524.01,119185900
2009-07-02,24506.35,24506.35,23956.85,24051.46,125206400
2009-07-03,24051.66,24099.20,23951.83,24045.39,34703000
2009-07-06,24045.39,24045.39,23617.57,23742.49,104251700
2009-07-07,23744.17,23761.71,23347.92,23359.94,120984300
2009-07-08,23359.10,23537.81,23033.94,23468.98,146884100
2009-07-09,23502.41,23725.19,23432.42,23634.27,119856400
2009-07-10,23634.27,23665.63,23331.16,23656.26,131724800
2009-07-13,23656.26,23952.77,23534.08,23951.96,124812900
2009-07-14,23953.78,24410.86,23953.78,24340.65,140769500
2009-07-15,24340.79,25336.39,24340.79,25336.33,218028000
2009-07-16,25336.46,25737.59,25290.46,25735.56,140645400
2009-07-17,25733.70,25881.17,25564.50,25741.96,153809500
2009-07-20,25758.29,26407.19,25754.68,26284.06,190451500
2009-07-21,26282.06,26450.33,25804.10,26004.02,139020400
2009-07-22,26004.08,26378.74,25917.12,26288.21,173120300
2009-07-23,26287.45,26896.77,26287.45,26805.42,192373800
2009-07-24,26805.77,26851.15,26510.68,26646.37,138510000
2009-07-27,26647.56,26855.70,26439.78,26815.30,123884600
2009-07-28,26815.30,26918.02,26598.66,26850.75,140706200
2009-07-29,26838.14,26838.14,26449.22,26516.50,149124400
2009-07-30,26524.12,26914.96,26524.12,26810.27,133046400
2009-07-31,26807.98,27156.05,26807.92,27043.50,158987500
2009-08-03,27074.06,27803.15,27074.00,27692.48,146920300
2009-08-04,27692.48,28015.19,27586.45,27869.92,183437700
2009-08-05,27876.65,28169.64,27646.89,28082.63,170777700
2009-08-06,28086.64,28275.31,27786.33,27802.41,197996300
2009-08-07,27803.37,28306.00,27803.37,28179.55,190108500
2009-08-10,28179.80,28364.55,28034.63,28305.32,132510800
2009-08-11,28305.32,28378.79,27738.38,27800.80,169969900
2009-08-12,27800.80,28121.12,27762.94,28096.02,136708400
2009-08-13,28096.66,28216.53,27921.60,28155.49,176599900
2009-08-14,28155.97,28201.86,27595.50,27855.43,141276600
2009-08-17,27848.10,27848.10,27069.67,27299.58,171287500
2009-08-18,27299.58,27599.70,27299.58,27544.32,169366200
2009-08-19,27543.97,27655.23,27314.02,27598.37,207640100
2009-08-20,27598.89,27944.74,27598.89,27944.24,189847000
2009-08-21,27945.13,28390.19,27945.13,28308.96,206511000
2009-08-24,28306.52,28607.61,27952.83,28004.27,214635900
2009-08-25,28004.92,28257.90,27960.63,28005.46,197865500
2009-08-26,28005.46,28216.19,27912.52,28212.85,209486500
2009-08-27,28224.62,28572.40,27935.68,28437.26,237378500
2009-08-28,28437.36,28708.44,28415.51,28599.92,201946600
2009-08-31,28600.57,28600.57,28116.47,28129.95,161924700
2009-09-01,28129.95,28643.15,27706.78,27749.16,256872800
2009-09-02,27746.55,28026.47,27705.95,27953.34,157490100
2009-09-03,27957.40,28288.89,27957.40,28150.09,135276400
2009-09-04,28150.09,28326.04,28098.93,28309.55,136937800
2009-09-07,28309.55,28599.37,28303.84,28585.25,35117600
2009-09-08,28586.24,29190.82,28585.13,29190.82,196983600
2009-09-09,29191.15,29337.36,28912.16,29100.05,182678300
2009-09-10,29107.62,29350.04,28978.20,29318.42,131175900
2009-09-11,29318.61,29516.77,29255.85,29448.79,157170100
2009-09-14,29451.11,29464.81,29118.25,29383.19,127989100
2009-09-15,29383.19,29686.00,29275.82,29625.02,181426700
2009-09-17,29665.55,30227.14,29665.55,30017.72,253537600
2009-09-18,30015.69,30136.66,29681.51,29942.00,336085800
2009-09-21,29936.94,29952.63,29390.52,29607.16,156762400
2009-09-22,29613.90,29862.57,29458.43,29513.68,213517900
2009-09-23,29513.68,29774.23,28951.46,28959.67,348603400
2009-09-24,29010.03,29048.36,28357.36,28465.11,221559600
2009-09-25,28465.11,28984.72,28346.39,28759.98,245037400
2009-09-28,28760.10,29436.86,28760.10,29401.99,155587100
2009-09-29,29401.88,29808.32,29363.18,29432.01,162660000
2009-09-30,29432.05,29760.47,29213.59,29232.24,195187900
2009-10-01,29232.24,29236.58,28248.92,28588.26,191137900
2009-10-02,28586.48,28723.62,28063.72,28678.66,240458800
2009-10-05,28700.80,29235.84,28676.67,29214.40,159056300
2009-10-06,29226.46,29767.40,29226.46,29690.48,192418900
2009-10-07,29690.48,29801.70,29528.99,29763.37,132129600
2009-10-08,29817.68,30122.09,29817.68,29898.85,209416100
2009-10-09,29897.13,30049.44,29833.87,30039.71,113200300
2009-10-12,30038.74,30475.45,30033.94,30475.43,133227600
2009-10-13,30475.49,30635.07,30306.90,30611.10,185372000
2009-10-14,30614.20,31108.63,30614.20,30881.10,216945600
2009-10-15,30881.10,31091.15,30666.38,31017.73,165873700
2009-10-16,31017.73,31017.73,30662.16,30726.30,126961100
2009-10-19,30727.92,31035.02,30718.07,30927.11,138456800
2009-10-20,30928.87,31031.32,30612.64,31000.94,155063500
2009-10-21,30999.88,31216.45,30889.05,30889.05,185883700
2009-10-22,30889.05,30889.05,30682.14,30761.76,153755100
2009-10-23,30761.76,30955.90,30597.52,30617.68,157480500
2009-10-26,30618.58,31077.65,30258.39,30280.08,214770400
2009-10-27,30286.08,30289.15,29312.25,29312.84,265149100
2009-10-28,29312.61,29312.61,28591.21,28670.90,270904400
2009-10-29,28681.22,29482.88,28681.22,29247.83,203678300
2009-10-30,29157.53,29157.53,28262.97,28646.03,227685500
2009-11-03,28646.71,29055.82,28531.18,28886.53,156737700
2009-11-04,28935.34,29598.31,28935.34,29430.51,177574000
2009-11-05,29432.30,29859.97,29428.25,29735.34,152041500
2009-11-06,29734.80,29884.92,29611.64,29868.62,113081300
2009-11-09,29898.45,30646.43,29898.45,30646.24,183126700
2009-11-10,30640.89,30953.87,30525.93,30788.20,171878400
2009-11-11,30777.93,31212.68,30772.60,31097.64,186647100
2009-11-12,31093.56,31195.97,30724.89,30759.85,138559500
2009-11-13,30761.25,31002.14,30651.84,31002.09,141102300
2009-11-17,31111.80,31510.51,31111.11,31400.20,187584900
2009-11-18,31392.86,31410.46,30949.46,31056.62,156085800
2009-11-19,31055.53,31055.53,30570.40,30817.67,153176600
2009-11-20,30819.09,30905.46,30566.57,30666.51,171071800
2009-11-23,30666.54,31244.76,30666.54,31126.17,167338600
2009-11-24,31125.40,31144.81,30776.82,30961.99,144656700
2009-11-25,30963.08,31371.15,30925.84,31364.04,150576700
2009-11-26,31361.13,31361.13,30447.83,30447.83,64119800
2009-11-27,30448.37,31124.29,30359.01,30775.45,118878600
2009-11-30,30775.90,31043.54,30767.17,30957.11,247129200
2009-12-01,31002.42,32045.97,31002.42,31750.58,252564500
2009-12-02,31751.82,32297.01,31671.65,32111.79,237542100
2009-12-03,32163.26,32296.23,31964.48,31967.43,161147400
2009-12-04,31967.64,32377.23,31767.02,32105.39,133663700
2009-12-07,32105.02,32225.16,32068.84,32085.17,93790200
2009-12-08,32085.84,32118.73,31710.36,31710.39,158884300
2009-12-09,31722.51,31861.29,31507.66,31670.21,149638800
2009-12-10,31668.21,31954.10,31668.21,31916.60,168604600
2009-12-11,31916.93,32188.11,31828.20,31901.69,144571500
2009-12-14,31900.78,32011.41,31731.18,32009.88,137502100
2009-12-15,32009.12,32277.20,31707.10,31902.60,176031800
2009-12-16,31902.66,32224.61,31885.43,31956.25,215466300
2009-12-17,31956.13,31958.28,31808.45,31948.41,140486100
2009-12-18,31946.86,32012.21,31664.09,31834.07,237514100
2009-12-21,31825.84,32118.38,31718.83,31799.23,126379200
2009-12-22,31802.29,32240.32,31800.30,32240.32,126726700
2009-12-23,32241.53,32529.68,32221.00,32450.23,91752200
2009-12-24,32453.15,32597.03,32453.15,32548.53,27257400
2009-12-28,32549.43,32724.77,32442.87,32610.51,52419400
2009-12-29,32611.71,32787.34,32611.71,32626.29,119575100
2009-12-30,32627.90,32628.57,32330.50,32448.74,80359400
2009-12-31,32432.79,32519.64,32100.85,32120.47,63823600
2010-01-04,32120.74,32758.53,32120.74,32758.53,136257800
2010-01-05,32729.30,33073.71,32628.24,32732.76,165541900
2010-01-06,32730.42,32922.12,32639.44,32830.16,126000100
2010-01-07,32830.22,33069.78,32670.98,33064.57,123563200
2010-01-08,33067.57,33080.05,32779.66,32892.04,109516900
2010-01-11,32892.11,33047.23,32711.04,32935.38,150332200
2010-01-12,32950.34,32976.61,32719.62,32792.66,139205800
2010-01-13,32792.87,32929.32,32607.94,32836.08,143683200
2010-01-14,32843.56,32847.93,32429.67,32729.58,447963200
2010-01-15,32725.41,32728.41,32262.10,32262.30,318270300
2010-01-18,32262.53,32491.48,32262.53,32482.73,32108200
2010-01-19,32493.36,32618.01,32367.86,32473.05,213255300
2010-01-20,32466.04,32466.04,31946.77,32025.34,215329000
2010-01-21,32033.85,32151.80,31181.72,31205.30,243330800
2010-01-22,31203.10,31212.55,30612.06,30830.91,210227600
2010-01-25,30831.40,31080.98,30465.06,30465.06,196961600
2010-01-26,30461.86,30764.76,30209.09,30651.56,183139500
2010-01-27,30629.79,30677.04,30082.77,30610.83,306309200
2010-01-28,30620.59,30926.05,30334.67,30811.35,202374700
2010-01-29,30811.47,31002.79,30343.05,30391.61,241668900
2010-02-02,30416.64,30922.03,30416.64,30876.65,183848300
2010-02-03,30869.99,31396.90,30763.64,31287.04,212362200
2010-02-04,31285.53,31285.53,30530.41,30603.71,182901900
2010-02-05,30603.88,30630.73,29926.06,30630.73,202078000
2010-02-08,30633.38,30778.02,30528.96,30649.44,147957200
2010-02-09,30649.55,30998.18,30649.55,30818.48,184952300
2010-02-10,30836.61,30897.95,30460.30,30746.05,157155400
2010-02-11,30746.54,30994.34,30686.83,30845.63,144841900
2010-02-12,30845.75,31005.74,30641.04,31005.74,125680300
2010-02-15,31006.54,31120.72,30896.11,31038.32,33729400
2010-02-16,31071.64,31644.77,31071.64,31644.77,167793000
2010-02-17,31644.91,31892.12,31641.19,31892.12,163983200
2010-02-18,31889.07,32216.94,31695.63,32170.79,193725100
2010-02-19,32160.22,32283.14,31890.73,32172.11,198987100
2010-02-22,32172.22,32272.16,32023.54,32034.34,183649600
2010-02-23,32020.95,32020.95,31598.06,31850.24,156648200
2010-02-24,31850.79,31990.36,31777.49,31788.54,141239700
2010-02-25,31777.38,31777.38,31396.78,31649.10,124758900
2010-02-26,31682.98,31866.43,31548.40,31634.54,190955900
2010-03-01,31637.89,31888.30,31637.89,31765.14,147752900
2010-03-02,31765.33,32148.92,31763.45,32055.04,156406700
2010-03-03,32055.12,32431.21,31998.12,32353.54,205110200
2010-03-04,32353.85,32508.27,32085.06,32202.00,137551500
2010-03-05,32208.99,32529.60,32208.99,32436.53,153270100
2010-03-08,32415.15,32535.96,32399.11,32520.27,154426300
2010-03-09,32520.65,32631.01,32419.17,32514.17,161540500
2010-03-10,32514.33,32718.40,32500.93,32505.76,171740700
2010-03-11,32506.34,32631.06,32353.92,32602.94,126743000
2010-03-12,32598.28,32725.26,32521.36,32578.05,102685700
2010-03-16,32581.90,32774.33,32503.34,32723.90,137764000
2010-03-17,32724.20,33000.00,32723.59,32798.30,207372200
2010-03-18,32800.10,32977.35,32634.55,32969.83,198763700
2010-03-19,32968.89,33025.83,32780.29,33022.84,254168700
2010-03-22,33022.70,33193.84,32876.72,33142.02,156847200
2010-03-23,33142.73,33410.24,33122.07,33361.27,181161200
2010-03-24,33361.34,33474.90,33159.52,33160.97,199658400
2010-03-25,33156.88,33366.36,33125.23,33164.33,168436000
2010-03-26,33165.43,33336.80,33082.59,33147.81,151328000
2010-03-29,33147.04,33448.48,33144.70,33416.10,124009200
2010-03-30,33420.76,33589.09,33288.95,33399.46,139166200
2010-03-31,33399.87,33429.67,33214.47,33266.43,239511300
2010-04-05,33267.47,33779.35,33266.67,33648.89,222997300
2010-04-06,33649.94,33821.72,33611.67,33801.21,162046700
2010-04-07,33801.29,33802.59,33589.38,33632.35,208564400
2010-04-08,33630.84,33667.25,33314.93,33567.35,190739600
2010-04-09,33569.58,33841.07,33524.42,33840.85,137222200
2010-04-12,33831.92,33925.05,33681.23,33852.39,94528800
2010-04-13,33805.23,33877.80,33727.20,33819.04,138260600
2010-04-14,33822.03,34113.96,33822.03,34113.93,213715700
2010-04-15,34108.69,34223.87,34003.96,34134.23,145624200
2010-04-16,34162.67,34163.27,33484.34,33621.39,201060900
2010-04-19,33588.65,33700.34,33212.35,33439.77,138270800
2010-04-20,33439.02,33823.38,33439.02,33813.16,140801000
2010-04-21,33814.58,33822.32,33480.85,33517.18,153202500
2010-04-22,33509.70,33674.22,33210.08,33658.37,210836600
2010-04-23,33676.23,33954.09,33617.69,33853.69,234711000
2010-04-26,33856.38,33999.92,33746.93,33771.55,186455300
2010-04-27,33722.51,33722.51,32679.36,32679.36,236783400
2010-04-28,32679.17,32955.08,32385.09,32952.86,218786300
2010-04-29,32953.77,33228.02,32850.20,32861.00,215587000
2010-04-30,32861.16,33246.25,32653.80,32687.32,287810400
2010-05-04,32803.90,32809.56,31913.42,32120.65,269130400
2010-05-05,32112.90,32258.30,31574.53,31995.28,239897000
2010-05-06,31997.98,32258.06,30649.66,31398.97,287186800
2010-05-07,31404.13,31602.19,30981.21,31488.82,246336700
2010-05-10,31538.48,32696.49,31538.48,32276.92,215496400
2010-05-11,32277.11,32360.51,32038.85,32119.11,189247300
2010-05-12,32140.63,32395.65,32140.63,32379.63,205184700
2010-05-13,32381.03,32493.73,32263.58,32342.43,124886900
2010-05-14,32339.58,32339.58,31721.53,31812.73,141704600
2010-05-17,31804.03,31947.43,31338.87,31580.63,155416600
2010-05-18,31580.49,31919.14,31136.35,31136.35,157100700
2010-05-19,31136.15,31142.50,30834.62,30992.76,229155900
2010-05-20,30976.86,30976.86,30255.36,30368.08,277577500
2010-05-21,30376.64,30809.47,30074.06,30629.15,255529600
2010-05-24,30629.18,30938.15,30563.51,30759.48,136201500
2010-05-25,30756.75,30756.75,30102.09,30634.17,318166000
2010-05-26,30667.73,31478.19,30667.73,31328.49,325023200
2010-05-27,31329.13,32056.35,31329.13,32056.16,259211800
2010-05-28,32056.11,32071.92,31419.28,31547.55,201026400
2010-05-31,31547.33,32126.22,31547.33,32038.53,216497400
2010-06-01,31988.63,31988.63,31245.29,31245.83,251248000
2010-06-02,31245.92,31544.66,31227.83,31411.91,175993300
2010-06-03,31420.70,31667.82,31240.90,31331.86,153007800
2010-06-04,31312.23,31312.23,30973.03,30992.65,159165700
2010-06-07,31014.99,31137.61,30690.54,30739.01,101899000
2010-06-08,30739.31,31073.97,30739.31,31059.83,152759400
2010-06-09,31060.56,31508.63,31060.56,31209.33,170444800
2010-06-10,31231.96,31916.55,31231.96,31910.22,223473400
2010-06-11,31904.37,32246.89,31670.28,32124.28,152371900
2010-06-14,32129.95,32511.65,32129.95,32238.41,145984100
2010-06-15,32238.97,32749.09,32238.97,32685.40,179968600
2010-06-16,32669.69,32870.28,32596.90,32805.63,142010000
2010-06-17,32804.06,32854.76,32630.33,32775.34,134987100
2010-06-18,32771.49,32946.89,32629.91,32814.62,165006200
2010-06-21,32816.50,33290.91,32816.50,32882.00,122782400
2010-06-22,32878.58,32984.91,32470.70,32470.70,124243300
2010-06-23,32470.77,32663.29,32180.32,32663.29,158766800
2010-06-24,32663.01,32663.01,32276.70,32312.76,119407600
2010-06-25,32310.04,32659.57,32254.44,32607.13,119346800
2010-06-28,32609.99,32693.03,32417.81,32568.19,106385300
2010-06-29,32535.52,32535.52,31440.28,31473.20,202152300
2010-06-30,31490.33,31793.68,31151.10,31156.97,363224800
2010-07-01,31153.52,31261.17,30542.53,31197.04,246699400
2010-07-02,31212.75,31435.52,31075.13,31379.67,126017200
2010-07-05,31453.31,31477.52,31336.31,31391.45,15294200
2010-07-06,31396.21,31989.80,31343.01,31533.58,158454100
2010-07-07,31519.81,32042.23,31502.83,32035.19,149317900
2010-07-08,32035.17,32171.57,31733.61,31960.64,141505100
2010-07-09,31961.22,32107.56,31784.07,32004.31,104119400
2010-07-12,32037.44,32116.41,31788.23,31870.55,84430000
2010-07-13,31871.56,32251.05,31871.56,32185.20,143620800
2010-07-14,32185.40,32385.01,32101.49,32305.71,143231900
2010-07-15,32305.30,32387.17,32114.61,32381.06,120083700
2010-07-16,32382.49,32383.75,31736.13,31783.39,122753500
2010-07-19,31803.82,32005.67,31785.22,31845.88,85016600
2010-07-20,31843.34,32025.18,31613.55,32024.27,109342000
2010-07-21,32024.62,32318.33,32001.95,32108.99,151882000
2010-07-22,32135.19,32720.76,32135.19,32720.76,166472600
2010-07-23,32721.02,32818.48,32510.49,32806.03,164283600
2010-07-26,32814.98,33041.38,32803.62,32958.89,146615700
2010-07-27,32959.89,33043.57,32643.20,32695.31,170666900
2010-07-28,32694.64,32744.62,32500.03,32665.56,177610400
2010-07-29,32666.16,32802.30,32408.12,32463.72,178377600
2010-07-30,32450.46,32454.93,32198.34,32308.74,342781000
2010-08-02,32308.88,32819.73,32308.88,32816.52,205933500
2010-08-03,32808.81,32862.06,32613.65,32768.08,143955600
2010-08-04,32767.22,32975.68,32749.11,32900.48,144999700
2010-08-05,32900.19,32961.92,32793.64,32907.19,132091400
2010-08-06,32900.48,32956.62,32753.30,32917.92,129098200
2010-08-09,32918.36,33022.09,32802.51,32837.57,101037500
2010-08-10,32837.32,32837.32,32518.70,32685.52,149397800
2010-08-11,32684.87,32684.87,32055.35,32058.57,162204300
2010-08-12,32058.04,32106.98,31830.65,32041.13,132257400
2010-08-13,32044.75,32154.22,32025.63,32099.75,98486800
2010-08-16,32091.70,32135.55,31785.06,32119.88,101139600
2010-08-17,32122.39,32435.11,32119.10,32286.08,149561000
2010-08-18,32288.04,32414.63,32164.24,32408.30,165011300
2010-08-19,32408.45,32421.20,31972.12,32153.63,137762500
2010-08-20,32132.22,32291.83,32016.66,32291.67,82794800
2010-08-23,32295.57,32404.52,32105.93,32142.67,113470800
2010-08-24,32136.37,32136.37,31361.33,31364.89,239867000
2010-08-25,31366.63,31463.50,30916.05,31453.72,232616300
2010-08-26,31472.21,31633.79,31172.72,31217.99,162801900
2010-08-27,31238.61,31757.03,31237.80,31755.35,153247800
2010-08-30,31746.76,31815.79,31374.07,31382.67,109679400
2010-08-31,31381.39,31692.10,31361.93,31679.85,414447100
2010-09-01,31680.59,32385.51,31680.59,32339.23,231942400
2010-09-02,32339.91,32538.53,32270.23,32417.33,132121800
2010-09-03,32420.34,32871.37,32420.31,32592.87,136547200
2010-09-06,32592.97,32754.06,32549.69,32746.67,45257000
2010-09-07,32744.09,32744.09,32418.79,32448.40,141376800
2010-09-08,32452.22,32561.38,32409.60,32409.60,188211500
2010-09-09,32409.53,32606.90,32409.53,32518.98,143405500
2010-09-10,32519.30,32631.39,32451.17,32626.87,106885500
2010-09-13,32628.28,33098.88,32628.28,32921.63,144499300
2010-09-14,32921.53,33097.03,32771.02,33058.00,147295900
2010-09-15,33054.62,33059.88,32887.42,33046.69,178080500
2010-09-20,33057.01,33288.42,32973.05,33273.53,198838700
2010-09-21,33273.91,33396.21,33199.31,33296.69,169355600
2010-09-22,33296.63,33301.17,33126.65,33207.21,146618700
2010-09-23,33205.50,33338.33,32885.02,33091.13,136437900
2010-09-24,33097.00,33439.51,33097.00,33280.75,184276400
2010-09-27,33279.82,33305.37,33111.67,33122.44,129270700
2010-09-28,33124.69,33275.46,32969.97,33258.53,140590400
2010-09-29,33259.87,33334.88,33128.98,33186.76,133945500
2010-09-30,33187.51,33530.83,33052.49,33330.34,219404500
2010-10-01,33332.21,33812.31,33332.05,33807.48,203298200
2010-10-04,33807.72,34156.76,33791.16,34040.17,288198900
2010-10-05,34040.54,34364.45,34004.63,34257.40,215039400
2010-10-06,34258.26,34415.80,34217.97,34370.64,144740900
2010-10-07,34371.29,34442.97,34214.24,34257.81,157288300
2010-10-08,34258.57,34472.83,34153.75,34464.82,128116300
2010-10-11,34465.08,34650.59,34255.23,34465.41,149256500
2010-10-12,34464.17,34464.17,34186.09,34437.39,169334700
2010-10-13,34444.83,34902.94,34444.83,34798.65,227711800
2010-10-14,34796.95,34992.52,34756.68,34836.50,186540400
2010-10-15,34838.99,34931.70,34545.90,34741.54,181975800
2010-10-18,34748.31,34920.61,34680.76,34919.31,145266500
2010-10-19,34918.93,34918.93,34452.01,34452.21,131788000
2010-10-20,34462.13,34901.30,34449.79,34880.47,200409200
2010-10-21,34894.02,35236.36,34835.70,34965.25,187301900
2010-10-22,34966.46,35166.26,34864.64,35120.88,126190100
2010-10-25,35123.34,35429.23,35073.19,35262.89,120323400
2010-10-26,35264.26,35401.15,35132.65,35373.39,225974300
2010-10-27,35380.75,35384.13,35021.98,35262.90,165440900
2010-10-28,35259.92,35547.42,35229.30,35376.72,266584100
2010-10-29,35400.36,35630.10,35304.23,35568.22,229229300
2010-11-01,35573.72,35885.65,35551.28,35722.71,132328100
2010-11-03,35722.83,35998.01,35716.72,35843.81,215073000
2010-11-04,35844.66,36322.52,35844.66,36198.60,246338500
2010-11-05,36198.60,36376.07,36133.08,36317.51,122468300
2010-11-08,36317.51,36543.39,36130.15,36543.39,135850400
2010-11-09,36543.39,36813.99,36188.68,36198.03,194750200
2010-11-10,36198.03,36534.53,36003.39,36417.47,191718400
2010-11-11,36417.14,36421.96,36219.77,36304.54,123063000
2010-11-12,36304.67,36307.07,35966.45,36057.39,134918600
2010-11-16,36057.33,36057.33,35606.28,35648.21,164076000
2010-11-17,35645.44,35867.07,35620.49,35842.48,252577600
2010-11-18,35844.67,36322.12,35844.67,36322.12,155870700
2010-11-19,36321.21,36601.47,36185.13,36601.40,141508400
2010-11-22,36601.95,36710.74,36411.97,36710.46,164020700
2010-11-23,36674.50,36675.59,36150.75,36271.83,191201100
2010-11-24,36271.83,37085.94,36271.83,37079.28,223098200
2010-11-25,37078.97,37153.94,36921.91,36969.20,54316800
2010-11-26,36944.21,37035.00,36642.73,36904.53,84608200
2010-11-29,36904.53,36916.46,36498.62,36890.61,129439600
2010-11-30,36882.89,36946.15,36694.72,36817.32,310921600
2010-12-01,36817.32,37302.98,36817.32,37277.56,157946000
2010-12-02,37279.07,37736.25,37255.32,37399.47,202823000
2010-12-03,37399.47,37527.00,37259.08,37385.91,143746800
2010-12-06,37387.68,37758.29,37358.04,37737.13,176284400
2010-12-07,37737.24,38119.08,37737.24,37880.13,219801800
2010-12-08,37881.16,37884.00,37520.32,37617.77,139888600
2010-12-09,37621.14,37739.74,37445.64,37567.39,155964200
2010-12-10,37567.39,37677.95,37368.09,37677.78,167268800
2010-12-13,37677.78,38006.44,37677.78,37894.34,114444000
2010-12-14,37889.84,38000.87,37826.73,37901.04,164355600
2010-12-15,37906.10,37921.36,37531.57,37676.55,160733000
2010-12-16,37731.33,37843.55,37638.69,37832.86,117490800
2010-12-17,37832.86,38532.42,37627.54,37997.34,278649600
2010-12-20,37997.18,38139.18,37865.98,37975.48,105789800
2010-12-21,37981.78,38311.11,37981.78,38230.86,220662200
2010-12-22,38237.50,38243.01,37991.40,38172.91,90583200
2010-12-23,38172.91,38199.14,38039.78,38131.47,81629200
2010-12-27,38081.07,38139.84,37833.52,38132.85,50938200
2010-12-28,38132.87,38218.65,38113.01,38147.51,76702600
2010-12-29,38147.51,38271.44,38111.01,38230.20,67122200
2010-12-30,38230.82,38383.77,38183.63,38243.14,68096000
2011-01-03,38552.87,38876.76,38536.71,38605.80,124185400
2011-01-04,38605.80,38720.83,38454.94,38542.16,131448400
2011-01-05,38542.16,38699.10,38322.14,38696.24,144782600
2011-01-06,38696.24,38772.90,38516.30,38589.67,145696400
2011-01-07,38597.90,38711.74,38346.38,38600.86,144050600
2011-01-10,38608.68,38633.83,38184.10,38378.16,155053400
2011-01-11,38380.77,38562.70,38005.96,38028.81,188106000
2011-01-12,38028.81,38347.40,37874.76,37963.31,172640200
2011-01-13,37963.31,38070.19,37896.52,38070.19,161397200
2011-01-14,38070.19,38158.27,37841.57,37994.72,136612400
2011-01-17,37996.16,38213.05,37984.55,38096.91,52440600
2011-01-18,38095.68,38247.07,37953.86,38151.30,195686400
2011-01-19,38160.39,38357.66,37766.18,37810.16,144684600
2011-01-20,37815.14,37815.14,37361.32,37584.68,180803800
2011-01-21,37584.68,37731.05,37321.11,37321.11,148830800
2011-01-24,37322.32,37667.99,37214.68,37667.90,156290400
2011-01-25,37673.78,37816.14,37358.72,37470.76,149678400
2011-01-26,37485.57,37647.93,37330.10,37585.40,166526200
2011-01-27,37585.40,37709.92,37437.94,37447.70,157778200
2011-01-28,37445.71,37473.78,36634.20,36839.72,257168600
2011-01-31,36843.09,36982.24,36622.57,36982.24,183413000
2011-02-01,36983.57,37618.10,36983.57,37618.10,210831400
2011-02-02,37619.18,38014.88,37539.98,37948.75,199702200
2011-02-03,37901.46,37904.65,37667.44,37739.08,200455400
2011-02-04,37754.27,37764.30,37451.84,37451.84,108142400
2011-02-08,37457.42,37566.05,37301.15,37565.65,153034600
2011-02-09,37567.00,37570.36,36910.76,36986.94,191621800
2011-02-10,36986.94,37018.18,36614.96,36652.13,226111400
2011-02-11,36648.44,37034.25,36523.74,37011.49,181228200
2011-02-14,37018.56,37082.90,36900.34,36998.93,154647400
2011-02-15,37000.18,37177.00,36835.18,36951.25,133573400
2011-02-16,36946.50,37179.50,36946.50,37074.93,153520600
2011-02-17,37074.93,37290.65,37024.53,37226.43,154638200
2011-02-18,37228.26,37664.78,37191.22,37522.30,171699600
2011-02-21,37522.30,37550.38,37170.03,37242.05,47497800
2011-02-22,37241.15,37253.02,36763.91,36781.55,226412800
2011-02-23,36808.12,36865.16,36325.94,36464.07,230524200
2011-02-24,36464.07,36633.07,36318.55,36446.56,187165600
2011-02-25,36449.98,36888.51,36445.18,36880.20,160198800
2011-02-28,36880.20,37199.63,36880.20,37019.70,249417400
2011-03-01,37019.70,37172.89,36768.09,36768.09,152837400
2011-03-02,36768.09,36912.35,36689.84,36863.53,151720600
2011-03-03,36889.47,37217.21,36889.47,37132.98,167830800
2011-03-04,37132.98,37231.98,36760.73,36900.84,117055800
2011-03-07,36901.78,36945.26,36572.98,36603.30,132905800
2011-03-08,36603.30,36825.68,36557.75,36688.12,139264600
2011-03-09,36690.56,36690.56,36430.14,36450.19,170581200
2011-03-10,36440.14,36440.14,35770.09,35891.41,166296200
2011-03-11,35888.46,36092.53,35671.93,36091.22,119473400
2011-03-14,36088.89,36205.88,35809.35,36205.76,111235200
2011-03-15,36203.78,36203.78,35538.42,36012.17,145341200
2011-03-16,36010.85,36058.54,35559.95,35655.31,176076600
2011-03-17,35657.64,36057.04,35540.59,35621.68,145754200
2011-03-18,35621.68,35827.06,35418.50,35418.50,295064200
2011-03-22,35445.31,35925.65,35358.87,35925.35,144543800
2011-03-23,35933.73,36546.62,35933.73,36546.62,172984200
2011-03-24,36544.77,36883.26,36539.13,36872.38,219732000
2011-03-25,36874.44,36949.74,36719.53,36784.27,123681400
2011-03-28,36784.27,36900.99,36728.88,36767.86,85112200
2011-03-29,36770.53,36875.12,36656.41,36795.89,134332800
2011-03-30,36795.89,37233.95,36795.89,37210.27,156871600
2011-03-31,37210.08,37563.99,37128.37,37440.51,238495600
2011-04-01,37440.10,37931.38,37440.10,37775.07,180171800
2011-04-04,37767.00,37978.88,37765.82,37903.58,107315600
2011-04-05,37903.58,38014.53,37799.10,37832.96,176870400
2011-04-06,37833.95,38091.18,37777.42,37861.81,171500600
2011-04-07,37862.97,37951.24,37338.94,37471.54,230639000
2011-04-08,37471.54,37655.80,37334.50,37471.72,164439000
2011-04-11,37473.40,37762.45,37466.84,37590.67,152470000
2011-04-12,37590.43,37590.43,37277.84,37321.80,151611600
2011-04-13,37339.24,37496.38,37200.79,37347.69,144497600
2011-04-14,37347.69,37400.62,37037.97,37069.96,139796400
2011-04-15,37080.47,37135.11,36955.92,36988.38,145864400
2011-04-18,36990.91,36990.91,36255.78,36332.10,137088000
2011-04-19,36333.20,36442.03,36090.65,36440.22,129226800
2011-04-20,36443.67,36818.62,36443.67,36816.31,117067000
2011-04-25,36816.65,36977.03,36791.31,36860.68,99696400
2011-04-26,36861.50,36913.24,36753.57,36892.24,148498800
2011-04-27,36889.29,36895.71,36719.30,36826.93,152208200
2011-04-28,36826.26,36870.44,36575.79,36722.64,154305400
2011-04-29,36709.23,36963.91,36684.10,36962.62,188644000
2011-05-02,36970.46,37056.85,36588.41,36592.61,167207800
2011-05-03,36592.85,36614.43,35873.21,35873.21,167246200
2011-05-04,35880.15,36002.57,35418.85,35531.22,193868200
2011-05-05,35531.19,35577.27,35231.39,35325.09,210390800
2011-05-06,35325.09,35515.86,35118.40,35212.23,171867400
2011-05-09,35216.45,35477.90,35050.28,35467.01,127244400
2011-05-10,35469.59,35785.61,35469.59,35678.92,195686200
2011-05-11,35679.89,35690.59,35378.66,35380.53,146936400
2011-05-12,35369.28,35373.65,35038.25,35161.26,227978000
2011-05-13,35161.26,35270.61,34964.71,35045.14,153313800
2011-05-16,35046.87,35142.49,34911.76,35130.60,171967800
2011-05-17,35128.97,35156.26,34811.68,34819.57,208410400
2011-05-18,34819.57,35364.86,34819.57,35364.33,187267600
2011-05-19,35388.19,35460.26,35164.76,35276.47,160727200
2011-05-20,35276.47,35370.40,35141.04,35298.67,151472800
2011-05-23,35168.86,35215.32,34890.55,35215.02,147180800
2011-05-24,35215.02,35440.12,35215.02,35382.56,182325000
2011-05-25,35381.91,35542.10,35332.12,35498.42,140256400
2011-05-26,35498.79,35744.83,35446.02,35742.21,165315400
2011-05-27,35745.64,35904.79,35679.54,35819.20,146893400
2011-05-30,35826.13,35840.27,35574.71,35639.38,40453400
2011-05-31,35639.20,35844.41,35616.68,35832.79,451392400
2011-06-01,35838.61,35889.68,35409.98,35410.51,161441200
2011-06-02,35408.49,35454.73,35141.60,35416.25,136010600
2011-06-03,35422.65,35423.90,35123.89,35123.89,160384000
2011-06-06,35103.47,35116.86,34573.39,34673.48,151166200
2011-06-07,34673.71,34947.83,34638.64,34895.83,188449000
2011-06-08,34886.39,34886.71,34679.55,34879.07,176004400
2011-06-09,34885.02,35235.80,34854.83,35233.40,188418800
2011-06-10,35235.22,35235.22,34834.93,34963.78,137353200
2011-06-13,34963.78,35116.66,34854.22,34997.97,150568000
2011-06-14,34997.81,35464.67,34997.81,35445.65,227918600
2011-06-15,35423.42,35433.42,35143.56,35318.39,215517000
2011-06-16,35318.30,35451.66,35212.86,35220.99,171344600
2011-06-17,35223.40,35345.75,34998.01,35025.74,235899800
2011-06-20,35025.13,35111.16,34920.38,35109.97,123935600
2011-06-21,35109.97,35432.18,35109.97,35276.60,185428000
2011-06-22,35276.60,35550.87,35226.95,35399.44,169696600
2011-06-23,35392.69,35392.69,35026.98,35326.66,174975000
2011-06-24,35326.69,35464.48,35307.29,35347.85,240190800
2011-06-27,35347.85,35606.95,35308.47,35601.73,128066600
2011-06-28,35601.99,36189.76,35595.67,36188.91,301659600
2011-06-29,36182.82,36750.11,36182.31,36579.59,308309600
2011-06-30,36579.59,36823.06,36502.18,36558.07,365478400
2011-07-01,36556.40,36861.49,36430.59,36800.72,201063800
2011-07-04,36807.29,36917.52,36791.54,36847.10,31536200
2011-07-05,36847.10,36848.67,36470.08,36640.93,243154000
2011-07-06,36641.74,36641.74,36386.55,36468.01,206939000
2011-07-07,36466.82,36716.64,36463.41,36583.29,220366200
2011-07-08,36583.29,36583.29,36261.65,36499.85,193907600
2011-07-11,36499.85,36506.92,36162.24,36359.49,149971400
2011-07-12,36326.88,36385.33,36176.49,36178.59,197312000
2011-07-13,36178.80,36424.94,36159.34,36254.70,221681000
2011-07-14,36238.31,36406.88,36148.31,36164.61,166979000
2011-07-15,36166.53,36286.79,35994.42,36155.86,177804600
2011-07-18,36155.86,36172.79,35759.61,35781.43,208366400
2011-07-19,35784.20,35979.60,35572.66,35752.02,247055400
2011-07-20,35752.95,35771.76,35332.60,35341.67,273255200
2011-07-21,35341.67,35557.14,35163.47,35555.83,279323600
2011-07-22,35560.74,35780.33,35403.55,35755.48,285399800
2011-07-25,35737.05,35737.05,35370.95,35479.67,200373400
2011-07-26,35480.24,35548.29,35316.79,35341.27,195298200
2011-07-27,35348.05,35709.52,34923.47,35597.63,390595600
2011-07-28,35592.30,36282.49,35567.35,35917.80,324549400
2011-07-29,35914.26,36200.20,35649.72,35999.34,201397200
2011-08-01,35993.62,36299.43,35689.32,35730.71,164842400
2011-08-02,35730.71,35777.04,34789.41,34814.94,440441800
2011-08-03,34814.94,34907.54,34091.33,34484.37,329103000
2011-08-04,34484.37,34484.37,33136.03,33322.63,368567400
2011-08-05,33322.45,33835.52,32688.26,33697.87,335037600
2011-08-08,33690.91,33690.91,31716.27,31740.13,278564800
2011-08-09,31719.49,32631.25,31719.49,32381.55,335495600
2011-08-10,32380.01,32517.47,31659.30,32219.33,293788600
2011-08-11,32229.84,33682.73,32212.30,33590.33,271006800
2011-08-12,33590.33,33904.50,33224.58,33361.50,180877400
2011-08-15,33359.72,33901.08,33359.72,33901.08,190388600
2011-08-16,33901.08,33952.88,33457.73,33948.48,241898000
2011-08-17,33950.85,34182.96,33749.49,34049.58,200160400
2011-08-18,34005.20,34005.20,32929.89,33246.63,263288600
2011-08-19,33206.92,33403.83,32870.31,33136.89,168874600
2011-08-22,33137.40,33626.46,33137.40,33593.65,195017400
2011-08-23,33596.37,34681.18,33554.80,34675.53,245525200
2011-08-24,34656.35,34963.64,34317.61,34644.92,210662800
2011-08-25,34629.94,34759.18,33887.48,33904.38,183444200
2011-08-26,33903.40,34240.00,33229.99,34042.22,194670600
2011-08-29,34063.41,35036.47,34063.30,35016.04,206651000
2011-08-30,35017.75,35201.34,34769.22,35148.91,191656600
2011-08-31,35161.05,35721.34,35161.05,35721.10,971239200
2011-09-01,35727.21,36143.53,35625.37,35637.86,250607600
2011-09-02,35637.35,35637.35,34947.01,35134.43,134322800
2011-09-05,35134.24,35134.24,33711.09,33880.02,69797000
2011-09-06,33880.02,34466.11,33805.04,34439.34,201605400
2011-09-07,34442.12,35193.39,34442.12,35179.59,207611200
2011-09-08,35184.87,35322.88,34652.49,34712.38,148035400
2011-09-09,34693.56,34693.56,33659.79,33812.62,173225200
2011-09-12,33796.72,33796.72,33193.49,33792.56,129632400
2011-09-13,33792.56,34114.87,33443.45,33947.62,167711800
2011-09-14,33947.88,34749.21,33803.01,34661.78,178736000
2011-09-15,34673.71,35188.08,34673.71,35181.44,285059200
2011-09-19,35183.13,35183.13,34681.03,35076.96,246549000
2011-09-20,35079.75,35269.35,34337.79,34337.97,228400400
2011-09-21,34361.26,34758.70,34018.37,34019.22,229279800
2011-09-22,33994.02,33994.02,32077.90,32381.06,346705400
2011-09-23,32380.05,32655.81,32108.65,32588.43,280487000
2011-09-26,32599.96,33526.88,32568.73,33385.94,454237200
2011-09-27,33391.22,34490.81,33391.22,33783.68,304890600
2011-09-28,33784.13,34077.57,33338.25,33438.16,251182200
2011-09-29,33471.01,34182.82,33471.01,33686.16,277333400
2011-09-30,33686.16,33759.42,32895.97,33503.28,324165800
2011-10-03,33504.60,33574.79,32876.67,33133.88,295803600
2011-10-04,33132.50,33132.50,32258.39,32966.23,478428800
2011-10-05,33023.83,33288.85,32820.78,33000.29,315104400
2011-10-06,33000.29,33433.25,32754.68,33279.72,295096200
2011-10-07,33296.15,33617.77,32811.35,33005.09,294795200
2011-10-10,33035.68,33735.08,33026.97,33547.24,160623000
2011-10-11,33547.37,33892.45,33364.89,33681.80,171610800
2011-10-12,33685.68,34585.57,33684.41,34470.36,361344000
2011-10-13,34449.24,34648.36,34152.35,34584.75,302297600
2011-10-14,34585.05,35047.42,34585.05,34848.42,269946400
2011-10-17,34848.42,34848.86,34056.39,34125.70,221052600
2011-10-18,34126.58,35052.40,34012.25,35011.71,273721000
2011-10-19,35012.37,35089.24,34407.57,34523.27,223573800
2011-10-20,34523.27,34736.16,34210.79,34395.50,239422800
2011-10-21,34393.78,35111.35,34392.31,35020.74,207993000
2011-10-24,35024.56,35583.46,34883.99,35265.56,201861800
2011-10-25,35266.19,35373.49,35027.08,35290.15,206840600
2011-10-26,35290.54,36012.43,35238.80,35818.58,265403200
2011-10-27,35844.85,37010.97,35844.85,36727.21,389285400
2011-10-28,36727.21,37169.73,36360.92,36708.64,312206400
2011-10-31,36707.48,37334.15,36159.99,36159.99,248382400
2011-11-01,36162.21,36162.21,35174.10,35742.57,245573400
2011-11-03,35756.23,36686.86,35756.23,36579.07,288832600
2011-11-04,36579.07,36714.67,36389.24,36689.38,243881600
2011-11-07,36711.25,37137.51,36514.02,37024.61,218819600
2011-11-08,37044.78,37352.10,36948.16,37351.81,210905200
2011-11-09,37342.13,37342.13,36552.14,36553.85,246665000
2011-11-10,36542.38,36951.96,36542.38,36615.07,385610400
2011-11-11,36626.90,37555.65,36626.90,37555.65,448236600
2011-11-14,37553.47,37560.80,36936.96,37069.90,159764400
2011-11-15,37071.90,37377.33,36893.31,37293.38,262590400
2011-11-16,37291.79,37291.79,36678.88,36708.41,210794200
2011-11-17,36708.41,36954.25,36082.51,36110.68,210637800
2011-11-18,36116.92,36556.34,36016.30,36284.20,148378000
2011-11-22,36286.82,36286.82,35601.47,35969.61,179855000
2011-11-23,35969.61,35969.61,35287.79,35375.61,185674000
2011-11-24,35375.52,35649.37,35280.59,35323.60,46874000
2011-11-25,35335.75,35688.87,34573.04,34573.04,154283600
2011-11-28,34574.54,35960.72,34574.54,35558.18,220604600
2011-11-29,35558.32,36260.15,35457.05,35708.71,247153400
2011-11-30,35741.87,36843.56,35741.87,36829.15,740007400
2011-12-01,36828.95,37148.11,36546.47,36567.63,250881400
2011-12-02,36614.77,36978.33,36614.77,36756.06,137589000
2011-12-05,36756.11,37248.73,36565.30,37103.17,223510000
2011-12-06,37093.97,37136.92,36854.88,37071.17,172400800
2011-12-07,37088.38,37155.46,36932.25,37054.56,200964000
2011-12-08,37041.51,37041.51,36545.08,36641.31,223661600
2011-12-09,36629.17,37227.23,36622.19,37227.21,260527400
2011-12-13,37228.27,37510.78,36272.17,36471.44,203730600
2011-12-14,36471.44,36508.20,35939.44,36012.67,149844200
2011-12-15,36012.86,36393.36,35890.45,36006.90,196700600
2011-12-16,36008.22,36289.35,35783.87,36054.63,435964600
2011-12-19,36062.58,36440.64,35567.34,35587.78,117844800
2011-12-20,35620.28,36373.20,35620.28,36239.39,189240200
2011-12-21,36239.39,36629.71,36042.85,36628.06,104261200
2011-12-22,36629.72,37066.77,36629.72,37066.77,148271600
2011-12-23,37077.70,37231.09,36957.55,37041.42,92490600
2011-12-27,37215.88,37215.88,37014.14,37091.42,75065400
2011-12-28,37095.45,37159.04,36509.03,36644.86,75657400
2011-12-29,36646.64,37185.73,36622.05,37185.73,84181400
2011-12-30,37187.25,37379.01,37054.08,37077.52,112190000
2012-01-03,37334.66,37696.15,37334.66,37384.34,140639000
2012-01-04,37382.16,37521.54,37306.93,37387.63,150435200
2012-01-05,37376.74,37377.30,36991.57,37017.95,187662600
2012-01-09,36809.35,36938.24,36591.93,36785.34,150829600
2012-01-10,36805.68,37347.45,36805.68,37190.90,178880000
2012-01-11,37178.55,37366.51,37096.88,37307.64,177335000
2012-01-12,37308.61,37490.41,37225.88,37320.97,189118400
2012-01-13,37297.00,37314.46,36428.42,36548.56,170237000
2012-01-16,36560.54,36916.36,36543.54,36916.16,35664200
2012-01-17,36917.78,37105.02,36533.25,36601.20,220691400
2012-01-18,36601.32,37508.77,36541.10,37506.76,307469000
2012-01-19,37524.20,38128.40,37524.20,37680.06,285559000
2012-01-20,37673.14,37673.14,37233.58,37384.21,192269400
2012-01-23,37397.91,37459.07,37105.17,37195.73,108783400
2012-01-24,37185.10,37201.83,36735.83,36853.30,195788200
2012-01-25,36853.90,37217.43,36756.57,37212.86,191269400
2012-01-26,37216.49,37628.56,37207.95,37240.78,300167000
2012-01-27,37240.93,37266.61,37082.44,37184.71,128489000
2012-01-30,37173.35,37298.74,36737.27,37241.61,153454400
2012-01-31,37259.05,37685.40,37217.80,37422.68,367430800
2012-02-01,37425.19,37877.53,37425.19,37709.65,274897200
2012-02-02,37709.46,37853.70,37607.52,37711.16,359909200
2012-02-03,37712.08,38229.90,37711.41,38092.81,310275400
2012-02-07,38092.48,38220.93,37892.31,38062.42,226463400
2012-02-08,38062.71,38188.00,37890.86,38140.55,265555400
2012-02-09,38139.82,38305.32,38105.00,38242.28,245793800
2012-02-10,38238.40,38238.40,37814.66,38149.22,215069600
2012-02-13,38150.12,38412.59,38150.12,38204.33,224590600
2012-02-14,38197.33,38241.50,37738.06,37831.87,292509800
2012-02-15,37841.00,38112.74,37797.16,37864.55,254955400
2012-02-16,37868.91,38212.24,37854.85,38212.24,205713200
2012-02-17,38238.40,38413.19,37913.01,37914.70,211698800
2012-02-20,37915.35,38296.68,37915.35,38296.68,41189200
2012-02-21,38309.03,38317.22,37834.36,37859.48,217190400
2012-02-22,37865.98,37946.98,37695.42,37912.55,208728400
2012-02-23,37915.68,38094.25,37738.04,38027.84,247188400
2012-02-24,38034.56,38102.72,37830.92,37945.22,270916400
2012-02-27,37940.79,37940.79,37639.06,37785.72,244458600
2012-02-28,37786.12,38116.07,37766.61,38021.42,225456200
2012-02-29,38017.38,38282.18,37800.99,37816.69,801549400
2012-03-01,37816.24,38063.72,37706.48,38033.45,205402800
2012-03-02,38046.77,38332.36,37914.88,38327.43,202636800
2012-03-05,38328.73,38332.74,38019.06,38155.27,162850000
2012-03-06,38155.22,38155.22,37380.63,37487.63,230605200
2012-03-07,37488.96,37674.71,37472.22,37548.54,151659000
2012-03-08,37561.62,37823.67,37561.62,37815.43,201516200
2012-03-09,37815.48,37938.10,37682.06,37691.01,193782000
2012-03-12,37690.37,37742.30,37501.18,37590.17,130058000
2012-03-13,37589.38,38048.62,37549.47,38019.76,145923600
2012-03-14,38023.63,38082.75,37898.67,37971.44,188924400
2012-03-15,37971.44,38142.88,37919.38,38134.57,169135400
2012-03-16,38137.76,38310.56,38057.31,38258.45,380644200
2012-03-20,38256.02,38275.65,37979.87,38055.27,123220400
2012-03-21,38066.84,38443.54,38050.30,38434.51,230338600
2012-03-22,38446.02,38446.02,38256.61,38323.51,136087800
2012-03-23,38330.57,38422.74,38262.49,38334.90,197751600
2012-03-26,38335.48,38942.41,38325.40,38863.15,202243000
2012-03-27,38864.71,39134.88,38818.68,38956.32,243439400
2012-03-28,38963.70,39033.33,38685.99,38910.68,164199800
2012-03-29,38907.24,39199.68,38655.57,39125.35,262923400
2012-03-30,39117.73,39567.99,39100.66,39521.24,262347200
2012-04-02,39523.32,39963.64,39391.68,39908.54,153968600
2012-04-03,39911.35,39942.72,39756.13,39924.93,126231200
2012-04-04,39914.24,39914.24,39379.96,39398.88,106768600
2012-04-09,39382.03,39432.15,39097.07,39432.15,150208000
2012-04-10,39431.90,39654.77,38913.33,39035.17,167517600
2012-04-11,39047.94,39377.71,39047.94,39167.14,161234400
2012-04-12,39175.74,39357.81,39110.50,39357.81,174754000
2012-04-13,39354.37,39354.79,38320.58,38444.01,189156200
2012-04-16,39140.98,39510.27,38693.04,39054.84,140784200
2012-04-17,39055.02,39442.55,39055.02,39355.17,193151400
2012-04-18,39354.89,39399.12,39132.67,39330.12,167020600
2012-04-19,39330.12,39613.51,39296.36,39395.64,206730000
2012-04-20,39396.44,39606.80,39315.52,39354.86,112365200
2012-04-23,39335.82,39335.82,38062.14,38961.79,347764000
2012-04-24,38967.64,39066.19,38705.98,38849.08,226713800
2012-04-25,38850.77,39067.77,38728.58,39066.01,259278200
2012-04-26,39065.54,39234.96,38927.42,39212.16,177451600
2012-04-27,39205.66,39383.79,38921.04,39324.14,220714600
2012-04-30,39315.17,39465.99,39130.61,39461.00,161809200
2012-05-02,39459.40,39603.54,39307.39,39597.42,257144600
2012-05-03,39603.96,39843.60,39362.52,39580.05,264934000
2012-05-04,39580.77,39584.95,39324.08,39408.61,223984000
2012-05-07,39406.57,40045.58,39260.95,40045.51,251409800
2012-05-08,40047.20,40050.21,38967.64,39214.64,439689800
2012-05-09,39209.55,39219.71,38874.83,39122.82,264871200
2012-05-10,39122.82,39369.81,39045.46,39170.90,212817000
2012-05-11,39170.90,39203.09,38831.38,38888.79,174087200
2012-05-14,38818.60,38818.81,38319.66,38352.11,168399000
2012-05-15,38353.15,38548.30,37810.35,37939.63,230226800
2012-05-16,37920.41,38092.12,37406.23,37511.08,250484600
2012-05-17,37508.97,37741.15,37212.30,37261.24,195868000
2012-05-18,37261.06,37443.95,36756.08,36875.33,178622800
2012-05-21,36876.13,37541.13,36844.01,37512.41,173312000
2012-05-22,37521.38,37706.38,37394.38,37481.19,194263400
2012-05-23,37480.68,37480.68,36941.13,37422.38,201552400
2012-05-24,37422.74,37728.11,37366.06,37553.21,196244600
2012-05-25,37546.51,37682.08,37422.52,37486.25,131510400
2012-05-28,37486.25,37857.77,37486.25,37642.80,31668400
2012-05-29,37640.22,38143.74,37623.92,38126.85,176402600
2012-05-30,38126.32,38126.32,37812.99,38070.67,225851400
2012-05-31,38070.94,38211.26,37655.09,37872.95,912819400
2012-06-01,37870.26,37870.26,37138.77,37182.37,342354200
2012-06-04,37182.37,37293.79,36981.52,37059.78,215556400
2012-06-05,37057.59,37162.94,36933.20,37089.36,139177800
2012-06-06,37089.36,37611.98,37089.36,37274.79,213693000
2012-06-07,37277.35,37606.43,37155.60,37247.34,179570800
2012-06-08,37249.48,37355.94,37123.29,37323.91,137523400
2012-06-11,37326.10,37682.10,37023.62,37035.75,157652400
2012-06-12,37097.32,37271.00,36898.52,37271.00,176581400
2012-06-13,37266.70,37288.48,37110.63,37142.15,221401200
2012-06-14,37144.90,37537.26,37092.74,37440.48,199795400
2012-06-15,37440.69,37894.35,37365.04,37738.58,415060000
2012-06-18,37743.04,38060.82,37636.48,38060.82,156614200
2012-06-19,38060.82,38760.27,37985.89,38688.65,243869600
2012-06-20,38689.69,39023.05,38655.32,38973.64,213396800
2012-06-21,38974.09,38977.86,38512.59,38515.94,231964800
2012-06-22,38522.63,39128.38,38522.63,39071.50,194105600
2012-06-25,39070.94,39222.70,38964.58,39157.51,201301600
2012-06-26,39159.72,39513.32,39104.60,39339.15,287021000
2012-06-27,39339.34,39908.41,39220.08,39490.68,275045600
2012-06-28,39490.68,39729.36,39357.86,39637.66,154836200
2012-06-29,39638.22,40248.42,39638.22,40199.55,348380800
2012-07-03,40108.92,40550.23,40087.27,40434.71,149448000
2012-07-04,40439.22,40509.74,40322.88,40353.43,48215600
2012-07-05,40348.18,40400.57,39949.63,40040.69,174588600
2012-07-06,40048.09,40057.46,39822.97,39831.65,123211800
2012-07-09,39831.30,39970.54,39692.43,39963.26,139973800
2012-07-10,40007.54,40195.46,39931.08,40049.59,165805400
2012-07-11,40048.67,40286.09,39913.34,40221.80,193389200
2012-07-12,40221.55,40283.78,39813.39,40268.41,185157200
2012-07-13,40267.69,40582.57,40211.12,40498.47,145145200
2012-07-16,40498.47,40933.69,40406.25,40910.80,138286000
2012-07-17,40910.85,41296.59,40885.60,41273.02,212000400
2012-07-18,41224.94,41346.08,40737.93,40747.47,160594800
2012-07-19,40747.54,40801.11,40476.87,40752.53,154882400
2012-07-20,40754.70,40841.50,40638.31,40808.73,185224400
2012-07-23,40806.24,40963.52,40365.31,40947.55,136237000
2012-07-24,40948.13,41013.92,40566.78,40697.87,159961400
2012-07-25,40697.87,40890.83,40434.10,40435.10,140994200
2012-07-26,40442.70,40983.45,40442.70,40977.32,174592400
2012-07-27,40978.93,41600.59,40789.99,41476.48,272049400
2012-07-30,41472.50,41525.23,41187.72,41333.11,180439000
2012-07-31,41333.18,41486.29,40704.23,40704.28,261559400
2012-08-01,40698.56,41078.86,40600.84,40805.40,139275600
2012-08-02,40804.49,40868.55,40630.47,40759.00,167643200
2012-08-03,40759.52,41163.10,40758.62,40998.40,121473400
2012-08-06,40999.04,41153.65,40934.95,41096.44,152137800
2012-08-07,41096.44,41383.79,41058.79,41070.24,145141800
2012-08-08,41069.86,41090.01,40762.94,40851.18,157632000
2012-08-09,40836.11,40991.21,40676.75,40677.48,158944000
2012-08-10,40677.48,40853.88,40546.16,40850.00,162371200
2012-08-13,40852.80,40931.53,40360.94,40366.27,121431000
2012-08-14,40368.56,40729.55,40368.56,40644.97,157388000
2012-08-15,40644.73,40805.14,40228.38,40792.59,179690800
2012-08-16,40797.28,40861.89,40485.36,40714.87,233547400
2012-08-17,40706.44,40809.26,40547.41,40547.49,191584400
2012-08-20,40549.84,40618.04,40347.80,40350.00,105449600
2012-08-21,40338.82,40639.56,39965.03,40096.64,184962200
2012-08-22,40096.83,40233.74,39759.28,40027.13,225597800
2012-08-23,40027.03,40110.24,39753.12,39879.01,178543600
2012-08-24,39877.99,40239.28,39766.81,40211.41,149959800
2012-08-27,40216.96,40317.30,39951.68,39972.85,98252800
2012-08-28,39965.85,40045.27,39736.99,39950.90,141457200
2012-08-29,39950.65,40130.49,39893.62,39908.90,170575000
2012-08-30,39910.17,39950.59,39740.05,39925.69,80252600
2012-08-31,39885.39,40166.59,39390.58,39421.65,919109400
2012-09-03,39409.43,39807.38,39409.43,39802.94,58421800
2012-09-04,39803.47,39803.47,39487.53,39549.43,155210000
2012-09-05,39550.09,39705.07,39524.45,39573.92,100835600
2012-09-06,39572.52,40056.46,39572.52,39987.06,193597400
2012-09-07,39990.44,40216.89,39970.85,40043.87,151910000
2012-09-10,40045.23,40168.53,39822.42,39991.19,166905600
2012-09-11,39988.22,40165.35,39952.16,39998.97,186773800
2012-09-12,40006.48,40299.68,40006.48,40248.38,223067800
2012-09-14,40651.93,41155.36,40504.37,40693.47,248140400
2012-09-17,40700.43,40831.22,40456.94,40621.46,155743400
2012-09-18,40621.46,40700.40,40498.05,40590.96,157762400
2012-09-19,40602.37,40945.03,40591.53,40941.31,190858400
2012-09-20,40934.07,40934.07,40500.05,40500.35,229653800
2012-09-21,40497.51,40637.03,40286.64,40338.70,366635800
2012-09-24,40338.68,40574.24,40171.53,40561.22,157469800
2012-09-25,40560.35,40655.19,40213.67,40215.35,166184600
2012-09-26,40216.87,40333.28,39758.24,40332.98,298427400
2012-09-27,40335.27,40829.02,40330.38,40729.70,232780200
2012-09-28,40729.70,40867.62,40535.14,40799.24,144234800
2012-10-01,40876.97,41162.33,40876.97,41124.56,164113600
2012-10-02,41128.91,41287.66,41069.52,41199.29,169622400
2012-10-03,41199.29,41250.23,40978.20,41004.84,123544200
2012-10-04,41005.14,41489.35,40996.71,41421.74,230228000
2012-10-05,41421.74,42030.60,41421.74,41934.08,275760400
2012-10-08,41946.31,42046.45,41754.14,41756.96,199266200
2012-10-09,41760.96,41992.82,41655.64,41755.16,292517400
2012-10-10,41762.97,41770.35,41468.68,41470.05,189250800
2012-10-11,41482.66,41745.39,41482.66,41745.39,188274000
2012-10-12,41750.73,41841.56,41635.05,41665.48,181423000
2012-10-15,41671.63,42008.55,41634.56,42008.55,167333600
2012-10-16,42008.72,42521.90,42003.40,42518.35,297097400
2012-10-17,42526.04,42750.99,42428.51,42559.98,310769600
2012-10-18,42561.68,42699.79,42420.74,42592.78,309468400
2012-10-19,42592.44,42704.82,42223.19,42386.83,195664800
2012-10-22,42384.40,42404.72,41905.60,42122.25,153310800
2012-10-23,42112.07,42159.76,41743.11,42041.14,151400800
2012-10-24,42041.22,42175.22,41981.77,42095.16,176972000
2012-10-25,42096.15,42266.87,41794.86,41877.27,185341600
2012-10-26,41877.97,42023.36,41738.80,41836.92,129823400
2012-10-29,41836.92,41876.77,41681.49,41817.11,79486000
2012-10-30,41817.31,42020.15,41427.13,41599.00,76184000
2012-10-31,41583.35,41863.23,41430.75,41619.96,275833600
2012-11-05,41770.85,41871.36,41638.20,41722.14,178651600
2012-11-06,41722.49,41835.42,41549.23,41720.62,209251600
2012-11-07,41717.01,41752.51,40950.33,41010.98,225520400
2012-11-08,41026.14,41179.54,40597.08,40830.65,260992400
2012-11-09,40802.95,40877.00,40425.14,40677.07,232963600
2012-11-12,40696.49,40864.38,40568.84,40859.90,100396400
2012-11-13,40860.23,41127.31,40603.56,41078.50,235631800
2012-11-14,41069.54,41124.14,40722.74,40750.42,166499400
2012-11-15,40749.28,40835.33,40494.41,40573.66,195823000
2012-11-16,40595.68,40830.60,40247.62,40830.60,188164400
2012-11-20,40843.22,41221.45,40843.22,41184.00,240599000
2012-11-21,41183.64,41668.06,41082.64,41668.06,263733200
2012-11-22,41678.36,42093.67,41678.36,42032.35,92391200
2012-11-23,42033.77,42049.67,41841.81,41919.55,107970800
2012-11-26,41919.55,42138.77,41774.37,41878.27,189190200
2012-11-27,41877.75,42017.25,41737.70,41769.38,265033200
2012-11-28,41768.53,41921.45,41540.29,41912.95,230226000
2012-11-29,41914.49,42161.10,41914.49,42090.69,252501200
2012-11-30,42065.23,42206.14,41743.47,41833.52,813537200
2012-12-03,41822.54,42326.55,41820.32,42323.84,218535600
2012-12-04,42317.83,42376.10,42152.04,42337.82,220397000
2012-12-05,42347.20,42591.14,42297.24,42416.29,224407800
2012-12-06,42416.98,42673.96,42284.14,42589.68,208010200
2012-12-07,42588.30,42809.16,42577.43,42797.67,170844000
2012-12-10,42796.81,43173.96,42670.01,43134.51,226577000
2012-12-11,43135.17,43373.57,42972.74,43183.28,279997600
2012-12-13,43182.35,43271.39,42954.47,43006.31,229433600
2012-12-14,43006.31,43142.56,42896.84,43050.92,154811800
2012-12-17,43049.93,43430.41,43030.74,43338.33,270197600
2012-12-18,43209.69,44000.18,43205.93,43825.97,261224800
2012-12-19,43825.91,43866.85,43591.47,43647.99,254592400
2012-12-20,43646.10,43809.52,43511.11,43637.68,230490000
2012-12-21,43637.62,43913.03,43302.60,43621.62,435131200
2012-12-24,43633.86,43649.06,43483.16,43533.45,33358400
2012-12-26,43483.87,43683.49,43434.83,43495.74,78832800
2012-12-27,43511.41,43733.85,43330.93,43469.89,129127200
2012-12-28,43487.21,43729.41,43451.81,43721.93,95272400
2012-12-31,43690.06,43706.30,43505.13,43705.83,77058400
2013-01-02,43703.98,44336.04,43703.98,44304.17,176170000
2013-01-03,44304.21,44655.89,44190.37,44370.64,231461200
2013-01-04,44374.97,44611.59,44277.68,44562.33,250730800
2013-01-07,44572.67,44725.77,44317.21,44625.93,181764600
2013-01-08,44631.93,44638.69,44409.94,44571.20,255033400
2013-01-09,44576.86,44863.29,44570.92,44862.54,251507600
2013-01-10,44871.87,45013.65,44658.72,44859.80,247356200
2013-01-11,44864.45,44946.37,44779.18,44888.13,198227800
2013-01-14,44900.12,45241.74,44734.89,44862.92,207813600
2013-01-15,44864.30,44919.06,44662.13,44748.06,216237800
2013-01-16,44751.15,44927.87,44703.13,44865.30,217858600
2013-01-17,44867.84,45143.68,44851.22,44943.34,203413600
2013-01-18,44941.95,45220.13,44903.70,45212.53,179962000
2013-01-21,45239.67,45281.36,45130.98,45223.85,45313200
2013-01-22,45218.11,45347.66,45052.68,45320.30,223063800
2013-01-23,45321.30,45443.45,45116.12,45442.98,163637800
2013-01-24,45453.14,45547.78,45285.09,45428.70,173884400
2013-01-25,45431.78,45624.60,45304.11,45575.86,146382200
2013-01-28,45584.18,45959.93,45422.43,45912.51,213097200
2013-01-29,45912.51,46075.04,45669.69,45907.98,245427200
2013-01-30,45910.78,46051.89,45751.79,45753.18,169869600
2013-01-31,45732.64,45811.51,45270.75,45278.06,262038800
2013-02-01,45278.72,45775.16,45278.72,45768.49,187792600
2013-02-05,45768.82,45785.96,45385.42,45688.12,266373500
2013-02-06,45680.33,45727.01,45518.21,45570.71,177635600
2013-02-07,45571.95,45574.33,44815.54,45019.21,299712100
2013-02-08,45025.20,45191.72,44996.15,45089.36,180183600
2013-02-11,45084.65,45249.91,44935.99,45063.88,166535700
2013-02-12,45076.20,45079.36,44852.87,44873.44,171110200
2013-02-13,44876.54,44876.54,44001.52,44096.27,494545800
2013-02-14,44096.27,44184.31,43705.46,43878.28,432920000
2013-02-15,43878.95,44219.29,43816.38,44152.96,256174600
2013-02-18,44158.29,44226.44,44020.09,44141.92,42082400
2013-02-19,44146.90,44783.36,44146.90,44639.76,291076000
2013-02-20,44641.09,44641.09,44263.20,44299.56,273447800
2013-02-21,44292.23,44313.49,43874.19,44136.60,366254800
2013-02-22,44135.92,44145.96,43769.24,43875.73,275683200
2013-02-25,43867.47,43943.31,43467.16,43497.20,230532600
2013-02-26,43498.53,43593.04,43294.72,43489.20,256603600
2013-02-27,43490.18,43782.41,43465.18,43772.89,288684400
2013-02-28,43774.89,44193.99,43615.34,44120.99,353080200
2013-03-01,44100.92,44100.92,43771.91,43995.72,289317400
2013-03-04,43995.72,44019.11,43715.43,43871.31,246771800
2013-03-05,43875.97,44226.07,43875.97,44017.12,361234600
2013-03-06,44017.98,44257.18,44007.25,44159.65,304597000
2013-03-07,44169.44,44261.08,43949.33,43968.60,253003400
2013-03-08,43978.93,44323.62,43802.78,44322.51,319998400
2013-03-11,44322.85,44322.85,43794.11,44013.30,321011000
2013-03-12,44019.26,44019.54,43731.69,43965.41,359055200
2013-03-13,43972.75,43976.76,43274.99,43278.11,467366400
2013-03-14,43278.11,43644.21,43035.03,43348.52,454178800
2013-03-15,43348.52,43389.30,42604.99,42605.05,659465400
2013-03-19,42632.46,42885.41,41881.31,42060.61,335554200
2013-03-20,42047.27,42509.85,41974.85,42497.97,387862800
2013-03-21,42487.52,42564.63,42292.65,42531.07,400790800
2013-03-22,42560.65,42726.34,42454.42,42686.68,387736800
2013-03-25,42686.02,42902.77,42591.47,42900.83,291253600
2013-03-26,42904.83,43666.45,42904.83,43664.73,421084400
2013-03-27,43665.72,44087.34,43408.35,44077.09,325048200
2013-04-01,44052.26,44263.36,43913.12,43932.52,160765600
2013-04-02,43932.50,44246.07,43923.85,44113.50,240602800
2013-04-03,44113.58,44241.45,43634.20,43717.57,254672000
2013-04-04,43697.51,43812.95,43371.83,43566.69,191626600
2013-04-05,43564.08,43587.29,42955.00,43244.25,224572800
2013-04-08,43247.59,43456.37,43174.31,43430.99,261603800
2013-04-09,43432.99,43991.94,43345.59,43973.18,311133000
2013-04-10,43979.53,44466.74,43979.53,44380.83,291611200
2013-04-11,44400.44,44422.66,44178.52,44408.43,278139600
2013-04-12,44401.21,44401.21,43860.07,44004.27,194226400
2013-04-15,43987.52,44034.23,42983.65,42984.38,272928800
2013-04-16,43006.20,43311.40,43006.20,43223.69,222348600
2013-04-17,43232.25,43232.25,42418.84,42610.91,365442600
2013-04-18,42610.99,42615.50,42162.94,42460.21,277203000
2013-04-19,42460.21,42811.91,42289.95,42808.17,350494000
2013-04-22,42820.03,42967.08,42678.77,42914.20,228217600
2013-04-23,42922.24,43296.15,42920.84,43113.61,198267800
2013-04-24,43112.77,43112.77,42202.70,42294.93,257314800
2013-04-25,42289.41,42633.38,42124.99,42547.47,339225600
2013-04-26,42544.12,42544.12,41896.92,41897.00,268203600
2013-04-29,41897.35,42092.80,41624.49,41910.53,179840800
2013-04-30,41918.23,42278.08,41842.90,42263.48,282710800
2013-05-02,42266.94,42387.08,42013.98,42090.01,281120400
2013-05-03,42100.73,42851.68,42099.79,42602.07,293620000
2013-05-06,42606.09,42624.80,42178.58,42197.99,152316400
2013-05-07,42198.16,42498.99,42085.52,42406.67,247639000
2013-05-08,42401.74,42609.58,42102.14,42102.14,236607800
2013-05-09,42102.66,42238.19,41615.00,41682.64,218126600
2013-05-10,41688.58,41921.15,41534.69,41741.54,219501200
2013-05-13,41743.97,41945.25,41619.62,41766.91,211805000
2013-05-14,41775.47,42040.61,41659.48,41925.14,201471000
2013-05-15,41930.84,42409.21,41828.15,41905.23,340588600
2013-05-16,41912.15,41951.61,41755.65,41761.11,228691600
2013-05-17,41767.82,42036.34,41747.64,41806.73,230054600
2013-05-20,41810.01,41901.46,40934.32,41080.43,236854000
2013-05-21,41085.05,41204.99,40199.70,40548.44,243698800
2013-05-22,40533.68,40969.54,39973.42,40119.02,305848000
2013-05-23,40119.36,40508.80,39468.13,40505.27,247613200
2013-05-24,40505.61,40561.51,39979.98,40521.27,208165200
2013-05-27,40521.94,40571.87,39972.84,40144.65,64929800
2013-05-28,40147.25,40769.03,40147.25,40764.04,223127400
2013-05-29,40762.28,40927.26,40410.01,40638.97,275880600
2013-05-30,40648.36,41250.80,40648.36,40984.50,253153000
2013-05-31,40990.88,41590.26,40740.84,41588.32,847647400
2013-06-03,41587.63,41590.17,40849.92,41094.82,449256000
2013-06-04,41090.15,41238.53,40750.40,40750.40,223890000
2013-06-05,40750.40,40834.11,40090.80,40226.33,221025000
2013-06-06,40226.33,40621.17,40038.65,40579.08,213605400
2013-06-07,40580.06,41331.55,40222.39,40232.68,253175600
2013-06-10,40238.36,40751.50,40236.11,40721.35,188476600
2013-06-11,40722.29,40745.82,39889.87,39890.24,370886000
2013-06-12,39888.78,39984.06,38886.77,39480.35,252074800
2013-06-13,39483.42,39772.06,39402.97,39481.47,214691200
2013-06-14,39487.08,39609.84,39266.77,39269.30,203730000
2013-06-17,39264.43,39767.39,39252.19,39549.46,159262800
2013-06-18,39559.66,39861.52,39454.28,39459.98,234999600
2013-06-19,39460.01,39603.11,38801.19,39044.95,288693800
2013-06-20,39035.28,39035.28,37380.79,37517.23,363996800
2013-06-21,37518.26,38159.31,37256.22,38036.46,781831200
2013-06-24,38037.84,38037.84,37034.30,37517.36,260307800
2013-06-25,37517.36,38071.76,37485.64,37901.77,334307800
2013-06-26,37919.50,39002.74,37913.40,38805.27,379067200
2013-06-27,38808.61,39789.07,38808.61,39650.75,391843000
2013-06-28,39651.27,40624.02,39614.19,40623.30,513333200
2013-07-01,40624.34,41185.24,40401.08,41176.80,258805000
2013-07-02,41176.80,41219.56,40617.18,40832.48,331651000
2013-07-03,40834.41,40957.16,40522.97,40828.85,255468400
2013-07-04,40829.37,41269.24,40829.37,41200.40,93641200
2013-07-05,41201.61,41285.20,40107.09,40623.09,202348200
2013-07-08,40634.14,40771.84,40071.64,40071.64,215239200
2013-07-09,40073.02,40422.66,40073.02,40221.00,192435600
2013-07-10,40221.35,40241.11,39915.13,39999.02,160826800
2013-07-11,39996.00,40575.49,39996.00,40479.83,245685200
2013-07-12,40475.60,40558.55,40071.53,40329.81,254041400
2013-07-15,40332.49,40556.60,40143.14,40322.32,199166200
2013-07-16,40320.98,40377.43,39290.25,39659.51,218562600
2013-07-17,39657.65,40246.08,39657.51,40240.19,348704200
2013-07-18,40227.28,40346.01,40091.46,40245.31,241552400
2013-07-19,40242.72,40244.08,39843.33,39891.67,132454800
2013-07-22,39885.63,40245.85,39775.41,40117.67,247268800
2013-07-23,40117.67,40790.21,40054.35,40790.16,239445200
2013-07-24,40766.16,40922.69,40665.06,40839.04,167041800
2013-07-25,40844.74,40988.17,40692.02,40752.09,231567600
2013-07-26,40762.11,41241.34,40748.71,41064.58,245115400
2013-07-29,41059.08,41135.54,40341.62,40341.86,196555600
2013-07-30,40341.86,40524.14,40142.50,40236.55,196265300
2013-07-31,40247.28,41108.70,40081.75,40837.88,289151600
2013-08-01,40838.74,42003.17,40838.74,41863.76,253153400
2013-08-02,41866.86,42280.20,41660.57,42051.60,214941300
2013-08-05,42052.81,42143.56,41801.86,41918.41,134463600
2013-08-06,41903.36,42048.45,41413.64,41914.82,210337400
2013-08-07,41914.98,42305.02,41717.00,42246.50,231666800
2013-08-08,42244.48,42713.48,42224.33,42712.05,266772700
2013-08-09,42712.57,42737.30,42147.94,42648.74,360228100
2013-08-12,42649.78,42781.84,42094.19,42124.84,208348200
2013-08-13,42145.00,42441.46,41987.38,42366.45,220783900
2013-08-14,42369.80,42723.87,42280.68,42430.11,203868700
2013-08-15,42430.11,42432.17,41890.40,42155.34,177656700
2013-08-16,42149.97,42217.28,41963.73,42049.70,120487300
2013-08-19,42049.70,42078.72,41319.86,41484.25,237526300
2013-08-20,41494.99,41865.54,41288.94,41825.40,214389200
2013-08-21,41824.71,41858.61,41262.33,41458.16,239753800
2013-08-22,41465.49,41711.02,40770.82,41007.43,226841100
2013-08-23,41004.51,41129.49,40681.27,40925.13,199654800
2013-08-26,40925.13,41054.00,40368.57,40419.93,236052100
2013-08-27,40419.58,40427.68,39525.03,39656.00,267803800
2013-08-28,39653.75,39833.69,39244.59,39248.07,230740700
2013-08-29,39248.71,39527.54,38953.09,39162.49,275476200
2013-08-30,39157.33,39687.60,39148.08,39492.37,1759968000
2013-09-02,39491.13,40176.91,39491.13,40129.04,91782800
2013-09-03,40132.85,40377.86,39352.72,39541.51,231366600
2013-09-04,39541.84,39986.00,39403.73,39773.53,216586600
2013-09-05,39725.98,39863.29,39558.84,39686.45,158842600
2013-09-06,39690.80,40216.56,39580.73,39915.06,213433800
2013-09-09,39916.22,41019.26,39846.11,40953.85,225738000
2013-09-10,40958.99,41732.98,40822.03,41732.98,266476200
2013-09-11,41744.13,42158.14,41403.44,41640.53,226635400
2013-09-12,41637.54,41656.39,40692.94,40785.68,150264200
2013-09-13,40797.64,41183.04,40745.03,41122.47,147325800
2013-09-17,41122.47,41385.13,40799.91,41137.67,197425200
2013-09-18,41136.86,41987.85,40857.84,41902.20,221658300
2013-09-19,41903.37,42195.12,41733.04,41752.26,273393900
2013-09-20,41749.42,41799.74,41224.40,41225.98,410669100
2013-09-23,41222.23,41314.81,40934.01,41314.68,238922700
2013-09-24,41331.82,41387.12,41104.91,41209.95,211279500
2013-09-25,41203.14,41799.85,41020.13,41724.03,271351300
2013-09-26,41724.84,41835.02,41317.25,41327.58,227139200
2013-09-27,41316.69,41408.30,40887.17,40903.65,186593600
2013-09-30,40900.11,40903.61,40182.93,40185.23,262402400
2013-10-01,40185.51,41369.51,40126.95,41335.27,199679800
2013-10-02,41321.94,41324.05,40987.63,41300.66,172601400
2013-10-03,41295.76,41458.90,40648.20,40841.13,123690200
2013-10-04,40847.44,41150.31,40766.16,40909.54,171161200
2013-10-07,40909.46,40911.26,40306.42,40451.16,129615900
2013-10-08,40455.52,40561.28,39678.54,39916.84,200897400
2013-10-09,39916.84,39974.25,39648.11,39866.17,175506800
2013-10-10,39863.87,40701.35,39863.87,40489.95,179935200
2013-10-11,40484.21,41083.63,40331.43,40975.37,196210500
2013-10-14,40971.83,41034.61,40651.09,40882.09,153722400
2013-10-15,40882.28,40919.83,40071.46,40218.32,187210700
2013-10-16,40227.02,40536.29,40004.00,40355.27,234781300
2013-10-17,40354.94,40451.50,40081.67,40199.47,133470300
2013-10-18,40199.47,40572.16,40199.47,40412.69,164602700
2013-10-21,40414.86,40622.80,40120.54,40345.78,236422900
2013-10-22,40351.44,40889.42,40301.52,40813.48,181235100
2013-10-23,40818.11,40826.10,40385.97,40552.59,184005300
2013-10-24,40554.03,40689.85,40165.08,40246.73,225168000
2013-10-25,40281.87,40679.85,39870.57,40671.61,289192300
2013-10-28,40671.61,41152.91,40648.41,41125.02,220149100
2013-10-29,41125.02,41329.19,41091.10,41284.38,225528200
2013-10-30,41288.63,41370.59,40833.09,41050.09,191371900
2013-10-31,41047.91,41077.61,40636.33,41038.65,251515700
2013-11-01,41028.84,41111.57,40821.72,41079.61,147524800
2013-11-04,41084.71,41338.44,40918.76,41013.72,118322100
2013-11-05,41014.54,41039.29,40231.33,40304.45,248550400
2013-11-06,40294.94,40491.86,40179.81,40280.09,262125600
2013-11-07,40282.70,40515.19,40002.37,40009.90,231898800
2013-11-08,40003.09,40013.47,39432.17,39864.16,302113400
2013-11-11,39863.45,40038.57,39647.70,39686.83,185506400
2013-11-12,39688.19,39757.91,39311.09,39594.64,231543600
2013-11-13,39594.09,39793.48,39136.15,39765.92,266106000
2013-11-14,39765.92,40393.78,39662.97,40306.70,211574300
2013-11-15,40306.05,41281.10,40294.82,41034.11,248740800
2013-11-19,41028.38,41028.38,40481.35,40643.25,128962800
2013-11-20,40641.31,40946.84,40594.98,40795.56,260299800
2013-11-21,40797.74,41157.87,40714.67,40998.37,305459600
2013-11-22,40998.81,41253.24,40919.54,41199.02,228088000
2013-11-25,41203.38,41280.79,40947.93,40948.36,165286800
2013-11-26,40949.35,41044.93,40666.31,41002.68,476615300
2013-11-27,40998.59,41874.27,40988.39,41872.59,230624100
2013-11-28,41873.14,42193.62,41806.60,42160.42,63042600
2013-11-29,42160.96,42575.62,42002.71,42499.13,230934600
2013-12-02,42493.56,42665.37,42135.83,42138.55,129380700
2013-12-03,42138.55,42139.11,41678.10,41876.86,158724400
2013-12-04,41865.68,42137.93,41542.81,42003.65,230315600
2013-12-05,41992.20,42441.76,41779.24,41910.08,238964200
2013-12-06,41910.99,42574.10,41910.99,41925.54,287526300
2013-12-09,41942.17,42513.95,41847.84,42289.23,217924700
2013-12-10,42302.60,42539.57,42211.23,42490.10,283747100
2013-12-11,42490.78,42643.33,42262.53,42304.55,297986400
2013-12-13,42307.30,42307.30,41715.67,41884.83,265220700
2013-12-16,41884.84,42380.03,41801.99,42054.02,202822100
2013-12-17,42044.72,42245.22,41757.91,41758.55,213530800
2013-12-18,41758.56,42407.17,41409.25,42079.87,343004400
2013-12-19,42079.46,42250.60,41789.69,42198.32,213707300
2013-12-20,42198.32,42600.58,42181.99,42183.77,593966800
2013-12-23,42214.84,42508.11,42119.03,42508.03,235435100
2013-12-26,42589.76,42668.89,42482.43,42540.32,139436700
2013-12-27,42545.52,42789.32,42523.71,42753.22,154856000
2013-12-30,42753.48,43086.74,42704.83,42958.82,175830000
2014-01-02,42725.53,42841.96,42115.36,42188.45,139707400
2014-01-03,42191.11,42274.61,41842.96,42064.97,141022700
2014-01-06,42093.56,42143.16,41522.49,41525.95,157899200
2014-01-07,41532.88,41883.37,41522.17,41778.60,174828600
2014-01-08,41783.80,41915.36,41389.40,41515.49,208777500
2014-01-09,41554.33,41585.62,41220.66,41585.54,225768400
2014-01-10,41586.85,42526.13,41585.55,42458.51,274141700
2014-01-13,42455.97,42463.42,42046.24,42158.62,202066300
2014-01-14,42151.47,42501.00,42055.88,42439.79,171344100
2014-01-15,42434.87,42731.76,42359.65,42511.25,157753900
2014-01-16,42508.97,42608.82,42167.77,42172.73,154928100
2014-01-17,42172.86,42246.02,41721.04,41911.31,141246000
2014-01-20,41911.31,42111.78,41909.11,41976.37,37915600
2014-01-21,41976.63,42277.10,41602.28,41838.63,194541100
2014-01-22,41849.02,42062.82,41699.72,42062.82,254645000
2014-01-23,42058.17,42082.75,41402.38,41531.80,165958700
2014-01-24,41532.78,41556.17,40814.51,40979.80,333731700
2014-01-27,40980.34,41010.56,40316.66,40863.41,232123000
2014-01-28,40873.53,41217.62,40660.49,40660.93,230936300
2014-01-29,40656.28,40978.45,40228.29,40689.90,230428900
2014-01-30,40692.93,41096.79,40572.23,41008.30,172219800
2014-01-31,41008.63,41008.63,40579.11,40879.75,227508000
2014-02-04,40881.12,40881.12,40031.65,40085.52,235269700
2014-02-05,40099.39,40438.27,39733.30,39880.87,256301000
2014-02-06,39881.52,40464.39,39866.36,40288.78,255165600
2014-02-07,40272.31,40576.74,40075.39,40525.74,240161700
2014-02-10,40533.86,40545.08,40074.67,40116.36,159727800
2014-02-11,40116.63,40939.64,40116.63,40759.62,201556500
2014-02-12,40765.36,40958.65,40436.82,40690.06,208818000
2014-02-13,40690.06,40703.79,40263.16,40308.96,171797000
2014-02-14,40316.89,40896.50,40199.61,40710.89,176100900
2014-02-17,40710.89,40803.75,40687.08,40735.48,40886800
2014-02-18,40733.60,40830.99,40421.69,40421.86,179831300
2014-02-19,40426.24,40518.11,39755.44,40006.42,222345600
2014-02-20,39993.31,40013.41,39566.62,39654.23,224907800
2014-02-21,39672.56,39975.63,39650.00,39724.58,155521300
2014-02-24,39726.41,40163.32,39707.63,39792.71,191064700
2014-02-25,39793.96,39858.43,38883.46,39023.65,210401000
2014-02-26,39034.06,39286.08,38497.62,38605.62,218801700
2014-02-27,38617.81,39121.87,38469.60,38912.93,223907500
2014-02-28,38927.71,39109.48,38645.43,38782.89,260949100
2014-03-03,38780.43,38784.34,38302.86,38534.82,164838600
2014-03-04,38539.47,39137.03,38536.16,39084.36,171537200
2014-03-05,39088.40,39219.63,39003.43,39021.07,196895200
2014-03-06,39023.26,39591.79,39023.26,39176.30,294386900
2014-03-07,39176.50,39217.34,38722.67,38913.04,232376800
2014-03-10,38914.40,38920.32,38480.25,38671.01,204221200
2014-03-11,38671.01,38982.32,38566.05,38689.57,216592100
2014-03-12,38689.51,38777.38,38535.87,38634.83,216638400
2014-03-13,38634.00,38715.05,37850.18,38037.50,240589700
2014-03-14,38037.50,38037.50,37751.64,37950.97,266890200
2014-03-18,37950.97,38863.04,37950.18,38814.69,213805400
2014-03-19,38804.75,39339.68,38653.34,38811.94,259455700
2014-03-20,38817.42,39770.65,38543.03,39616.19,244920700
2014-03-21,39628.33,40098.37,39553.44,40021.73,584082400
2014-03-24,40017.35,40357.00,39790.23,39821.71,165056400
2014-03-25,39829.10,40134.13,39614.74,39793.02,277311200
2014-03-26,39792.88,40081.14,39674.68,39761.30,206222200
2014-03-27,39759.51,39973.79,39703.02,39911.01,200015300
2014-03-28,39896.59,40299.35,39896.59,40048.20,174814600
2014-03-31,40052.54,40461.60,40051.12,40461.60,271755600
2014-04-01,40465.98,40781.10,40299.48,40470.01,282276200
2014-04-02,40478.30,40900.53,40478.30,40900.53,281456700
2014-04-03,40898.32,41087.54,40249.01,40563.06,240573700
2014-04-04,40568.39,41167.30,40542.12,40598.34,296784100
2014-04-07,40580.55,40875.61,40347.15,40595.70,171352100
2014-04-08,40592.96,41004.88,40541.45,40906.83,247610300
2014-04-09,40895.56,41075.42,40662.57,40937.77,170132700
2014-04-10,40925.63,41089.79,40381.26,40447.96,193618700
2014-04-11,40447.09,40455.86,40020.58,40380.79,176577600
2014-04-14,40385.44,40615.34,40349.99,40530.69,124937600
2014-04-15,40536.17,40571.23,40105.29,40481.80,163304700
2014-04-16,40481.80,40891.09,40481.80,40890.53,181153500
2014-04-21,40885.70,41003.64,40650.08,40654.07,145667700
2014-04-22,40655.36,40762.76,40438.80,40468.20,210715100
2014-04-23,40466.85,40496.23,40168.50,40296.98,182696100
2014-04-24,40298.62,40443.80,40150.40,40407.93,171353500
2014-04-25,40409.52,40423.96,39979.53,40198.40,182921400
2014-04-28,40198.16,40314.19,40038.67,40136.57,130568700
2014-04-29,40145.31,40702.76,40095.54,40702.67,153259400
2014-04-30,40702.81,40798.43,40433.66,40711.56,298205400
2014-05-02,40729.04,41053.93,40729.04,40967.95,166721600
2014-05-05,40968.96,41053.93,40736.90,41047.88,99503900
2014-05-06,41047.33,41623.69,40883.39,41470.82,148157700
2014-05-07,41471.36,41826.46,41368.67,41803.13,201117400
2014-05-08,41806.13,42093.91,41592.20,41659.91,152828600
2014-05-09,41670.57,41780.65,41528.76,41641.11,171858400
2014-05-12,41641.76,42086.73,41591.98,42086.17,133906100
2014-05-13,42086.06,42492.61,41926.62,42236.83,258902900
2014-05-14,42231.78,42231.78,42017.99,42144.51,208381500
2014-05-15,42143.96,42200.11,41531.61,41561.83,178484200
2014-05-16,41564.31,42031.48,41543.86,41898.84,181652000
2014-05-19,41894.72,41903.02,41463.09,41840.05,295391700
2014-05-20,41836.48,42001.68,41668.83,41805.10,212326200
2014-05-21,41805.10,42056.90,41764.90,41828.98,215028900
2014-05-22,41827.60,42090.28,41813.15,41943.96,195695000
2014-05-23,41946.95,42035.70,41818.41,41917.92,174316800
2014-05-26,41918.57,42138.33,41896.15,42004.58,35873900
2014-05-27,42005.29,42144.25,41836.80,41958.97,188542600
2014-05-28,41958.27,42022.16,41862.43,41960.45,159257800
2014-05-29,41960.66,42095.80,41884.12,42009.92,159646100
2014-05-30,42011.66,42026.56,41360.81,41362.51,607473700
2014-06-02,41375.41,41953.99,41375.41,41936.71,159929000
2014-06-03,41938.83,42135.53,41807.68,42126.09,175304800
2014-06-04,42127.90,42127.90,41855.05,41953.30,136508900
2014-06-05,41956.68,42276.68,41949.23,42173.03,209660500
2014-06-06,42173.03,42840.41,42164.35,42778.26,249983700
2014-06-09,42780.85,43175.77,42729.66,43009.99,144386200
2014-06-10,43009.19,43049.04,42821.68,43045.27,217772200
2014-06-11,43044.89,43079.07,42759.38,42944.81,161829300
2014-06-12,42946.32,43016.48,42551.93,42617.62,123698100
2014-06-13,42602.92,42874.36,42485.63,42485.66,169407800
2014-06-16,42523.33,42641.11,42321.37,42596.25,131363600
2014-06-17,42593.23,42657.35,42446.47,42612.64,93662700
2014-06-18,42612.78,42821.25,42525.57,42802.60,175284800
2014-06-19,42800.65,43007.71,42787.11,42957.36,97277000
2014-06-20,42959.83,43038.58,42787.64,42865.72,447349100
2014-06-23,42865.72,42948.65,42691.35,42916.73,114987000
2014-06-24,42915.04,43016.76,42785.62,42884.76,132851000
2014-06-25,42885.66,42930.01,42786.37,42854.19,176349900
2014-06-26,42864.85,42916.54,42613.39,42613.80,153736000
2014-06-27,42613.25,42933.70,42481.30,42493.86,229603000
2014-06-30,42508.08,42795.15,42487.47,42737.17,258968700
2014-07-01,42744.95,42944.62,42602.18,42872.84,165060900
2014-07-02,42870.90,43279.48,42817.96,43279.48,150896500
2014-07-03,43286.31,43721.77,43228.22,43660.70,173032900
2014-07-04,43660.96,43669.79,43485.18,43518.06,32528400
2014-07-07,43517.95,43705.96,43433.20,43452.55,182477800
2014-07-08,43451.97,43495.39,43147.67,43403.43,153392100
2014-07-09,43394.41,43821.53,43353.79,43686.75,334296000
2014-07-10,43688.63,43690.98,43316.20,43474.29,251864400
2014-07-11,43471.58,43694.11,43437.66,43481.83,198570300
2014-07-14,43474.73,44001.19,43474.73,43967.44,139888700
2014-07-15,43967.36,44077.50,43862.84,43960.43,206277600
2014-07-16,43968.47,44133.23,43809.01,44009.23,149554900
2014-07-17,44011.69,44083.91,43837.25,43920.76,156451400
2014-07-18,43920.76,44312.87,43822.58,44278.90,143160800
2014-07-21,44275.80,44275.80,44023.69,44125.73,155490700
2014-07-22,44123.56,44512.39,44123.56,44257.09,181490400
2014-07-23,44258.91,44371.25,44156.27,44199.01,149310000
2014-07-24,44206.40,44564.17,44201.18,44420.38,167457000
2014-07-25,44426.67,44559.78,44272.39,44386.62,132525400
2014-07-28,44394.55,44559.29,44336.94,44544.97,153573800
2014-07-29,44550.44,44684.56,44452.88,44481.29,129225700
2014-07-30,44479.10,44714.41,44271.25,44311.06,144478500
2014-07-31,44311.88,44349.80,43546.02,43817.69,211241000
2014-08-01,43819.43,44094.83,43706.82,43986.11,162671200
2014-08-04,43983.78,44676.11,43982.95,44594.66,193884900
2014-08-05,44605.61,44674.95,44310.12,44481.68,168380800
2014-08-06,44481.53,44550.29,44251.32,44425.77,158810800
2014-08-07,44435.34,44541.13,44064.19,44116.15,175936400
2014-08-08,44124.09,44271.07,43885.43,44105.95,144991500
2014-08-11,44121.00,44720.41,44121.00,44679.16,165075800
2014-08-12,44673.11,44869.24,44609.54,44734.04,131497700
2014-08-13,44739.24,44974.96,44713.47,44723.96,154181600
2014-08-14,44740.65,44878.70,44665.96,44793.02,137006200
2014-08-15,44793.82,44863.82,44474.47,44629.33,98928500
2014-08-18,44637.27,44871.24,44637.27,44854.81,101365800
2014-08-19,44852.79,45000.62,44717.88,44962.88,176305100
2014-08-20,44970.27,45250.06,44808.11,45248.05,197824200
2014-08-21,45242.30,45429.54,45160.40,45410.36,187453700
2014-08-22,45420.49,45517.14,45172.44,45374.99,156941500
2014-08-25,45380.51,45575.27,45351.46,45504.34,133092200
2014-08-26,45510.08,45657.57,45416.13,45464.75,210556300
2014-08-27,45469.68,45619.38,45417.49,45601.00,149838600
2014-08-28,45596.62,45598.32,45348.41,45501.28,137467600
2014-08-29,45485.73,45762.37,45397.19,45628.09,511058900
2014-09-01,45630.72,45664.00,45317.77,45438.04,65827300
2014-09-02,45438.11,45830.54,45409.59,45825.06,187242000
2014-09-03,45819.69,46065.42,45819.69,46049.33,158939500
2014-09-04,46049.33,46331.90,46042.55,46313.40,182073200
2014-09-05,46322.00,46406.50,46224.69,46231.44,133181100
2014-09-08,46232.16,46554.28,46199.10,46357.24,122720300
2014-09-09,46354.82,46427.90,45887.20,45915.17,177599500
2014-09-10,45906.57,46109.10,45745.24,45894.05,133893900
2014-09-11,45889.51,45908.16,45625.76,45672.60,116511000
2014-09-12,45654.49,45861.62,45434.15,45799.70,129739800
2014-09-15,45797.82,46133.38,45661.22,45861.84,126415500
2014-09-17,45861.57,46147.40,45859.02,46043.62,187870100
2014-09-18,46048.99,46170.38,46025.80,46168.64,138941100
2014-09-19,46169.92,46230.10,45646.02,45761.90,411628000
2014-09-22,45760.97,45767.67,45060.30,45302.00,181252000
2014-09-23,45302.81,45406.98,44834.22,45015.17,217685100
2014-09-24,45016.66,45266.47,44991.12,45116.94,195335500
2014-09-25,45119.48,45150.70,44624.06,44781.12,174746900
2014-09-26,44788.38,44986.92,44695.13,44884.33,136101400
2014-09-29,44884.33,44918.40,44426.60,44898.19,164377500
2014-09-30,44902.82,45051.91,44769.30,44985.66,184943600
2014-10-01,44985.39,45058.05,44364.96,44364.96,182309600
2014-10-02,44370.04,44374.58,43941.65,44254.43,199890200
2014-10-03,44255.23,44719.87,44255.23,44678.14,184680800
2014-10-06,44678.33,45223.00,44645.62,44820.85,152368400
2014-10-07,44826.22,44845.93,44466.76,44536.62,163625500
2014-10-08,44562.79,44717.05,44123.97,44487.97,185072300
2014-10-09,44494.72,44609.62,44049.49,44082.17,167642700
2014-10-10,44082.12,44082.12,43435.34,43435.73,180788600
2014-10-13,43430.36,43560.79,43088.67,43088.67,188993600
2014-10-14,43090.82,43338.71,43068.06,43179.85,197148900
2014-10-15,43174.74,43174.74,42431.14,42984.95,465175000
2014-10-16,42964.01,43144.92,42524.39,42907.62,186232000
2014-10-17,42916.76,43580.79,42916.76,43273.50,204759700
2014-10-20,43262.48,43373.50,42995.98,43213.90,184620200
2014-10-21,43212.28,43725.24,43117.27,43630.58,180107000
2014-10-22,43631.92,43806.16,43434.89,43450.75,206111700
2014-10-23,43456.55,43869.18,43456.55,43691.06,176696200
2014-10-24,43684.28,43822.12,43543.69,43665.54,177782600
2014-10-27,43663.25,43813.47,43393.05,43810.51,116605300
2014-10-28,43808.80,44202.19,43774.76,44039.64,206876200
2014-10-29,44033.73,44308.06,43938.27,44238.94,163865000
2014-10-30,44244.86,44599.27,44067.96,44599.27,187862100
2014-10-31,44599.06,45159.49,44598.68,45027.52,312581200
2014-11-03,45029.46,45211.74,44913.97,45184.76,134935800
2014-11-04,45181.72,45202.02,44855.29,44884.43,148163200
2014-11-05,44888.74,45151.82,44818.58,45071.98,143917900
2014-11-06,45080.76,45199.14,44849.57,44849.86,157967000
2014-11-07,44841.79,44878.28,44614.45,44614.66,143709100
2014-11-10,44615.27,44727.56,44450.59,44523.00,161192900
2014-11-11,44523.00,44637.07,44177.32,44300.83,122409600
2014-11-12,44300.54,44363.73,43606.00,43744.57,192225700
2014-11-13,43744.70,43888.26,43524.62,43743.80,238746000
2014-11-14,43759.67,43762.13,43296.64,43372.01,215759800
2014-11-18,43366.09,43569.33,43336.11,43491.45,277098700
2014-11-19,43491.45,44122.17,43491.45,44118.13,219553400
2014-11-20,44114.90,44209.93,43955.79,44209.42,203865800
2014-11-21,44206.23,44910.04,44206.23,44633.28,302698400
2014-11-24,44638.66,44755.73,44563.15,44621.07,167348900
2014-11-25,44621.48,44768.38,44436.85,44441.02,365852700
2014-11-26,44438.06,44713.42,44422.83,44672.20,143538500
2014-11-27,44667.62,44732.05,44608.62,44689.21,37612700
2014-11-28,44688.96,44725.65,44138.28,44190.47,185316700
2014-12-01,44179.21,44248.11,43389.84,43392.07,261268300
2014-12-02,43403.89,43550.24,42902.46,43008.07,195864500
2014-12-03,43017.47,43317.90,42628.16,43112.29,210827900
2014-12-04,43112.56,43142.21,42728.05,42816.15,224128200
2014-12-05,42821.25,43293.53,42799.14,43230.34,174680100
2014-12-08,43253.18,43399.44,42746.67,42941.83,167383900
2014-12-09,42940.76,42940.76,42137.41,42339.63,222989600
2014-12-10,42339.89,42379.80,41295.27,41372.66,219005800
2014-12-11,41372.92,42025.50,41345.49,41714.57,221477500
2014-12-15,41718.33,41718.49,40125.53,40334.59,378131200
2014-12-16,40337.27,40844.36,39580.78,40225.08,294258200
2014-12-17,40225.51,41354.63,40176.02,41004.44,354708300
2014-12-18,41011.70,42721.34,41011.70,42475.67,277257500
2014-12-19,42483.46,42810.18,42403.67,42529.89,306781800
2014-12-22,42537.69,42873.01,42536.96,42873.01,0
2014-12-23,42874.34,43124.85,42853.12,43122.73,0
2014-12-24,43118.97,43120.52,42942.80,43002.87,0
2014-12-29,43005.67,43320.13,43004.06,43187.64,0
2014-12-30,43179.57,43340.56,42872.17,43018.75,0
2014-12-31,43015.25,43191.70,42877.55,43145.66,71249200
2015-01-02,43146.52,43325.43,41989.65,42115.47,111168800
2015-01-05,42134.66,42147.96,40824.93,41099.37,219712500
2015-01-06,41101.01,41456.62,40723.66,41329.41,212475500
2015-01-07,41331.12,41963.95,41331.12,41813.93,184571000
2015-01-08,41819.04,42554.41,41814.21,42402.31,193292300
2015-01-09,42393.17,42504.41,41940.49,42382.41,151921000
2015-01-12,42373.81,42408.65,41773.38,41780.78,175242100
2015-01-13,41781.04,42211.09,41313.35,41478.26,190474300
2015-01-14,41478.38,41479.78,40907.48,40984.22,309314400
2015-01-15,40991.48,41260.46,40817.87,40998.77,234733800
2015-01-16,40999.06,41402.08,40859.69,41402.01,192275600
2015-01-19,41412.18,41566.93,41210.06,41285.58,46253900
2015-01-20,41286.58,41974.00,41129.12,41752.67,210067800
2015-01-21,41753.48,42491.10,41594.09,42488.73,241140400
2015-01-22,42489.38,43165.56,42488.82,43121.28,269586300
2015-01-23,43123.17,43124.44,42618.03,42649.72,177289400
2015-01-26,42649.10,42831.75,42360.73,42737.85,182968600
2015-01-27,42737.85,42737.85,42128.23,42627.82,166083900
2015-01-28,42627.82,42743.47,42158.07,42158.07,171120600
2015-01-29,42150.81,42157.18,41762.42,41862.33,182630600
2015-01-30,41862.63,41864.22,40886.86,40950.58,242054000
2015-02-03,40954.62,41868.38,40944.81,41572.24,230362500
2015-02-04,41572.24,42055.25,41553.11,41710.82,203348500
2015-02-05,41709.68,42469.16,41708.58,42453.64,328441800
2015-02-06,42447.45,42880.35,42447.45,42715.43,231657000
2015-02-09,42705.26,42876.95,42474.83,42810.29,182064400
2015-02-10,42811.36,43159.09,42635.15,42635.19,244737400
2015-02-11,42630.07,42630.45,41901.11,41933.26,220150900
2015-02-12,41925.72,43046.88,41897.32,43045.51,180138000
2015-02-13,43032.08,43250.39,42954.94,43072.42,148371900
2015-02-16,43074.03,43141.89,42886.15,42959.56,25467400
2015-02-17,42959.56,43264.39,42613.68,43251.79,148126500
2015-02-18,43246.40,43484.77,42823.85,43053.65,278075700
2015-02-19,43043.15,43310.87,42865.20,43231.42,149976900
2015-02-20,43223.88,43569.55,43080.62,43551.26,157812500
2015-02-23,43536.84,43680.42,43446.65,43675.87,157766100
2015-02-24,43672.10,44033.67,43629.31,43921.55,247357200
2015-02-25,43915.36,44008.94,43635.04,43802.07,234987800
2015-02-26,43798.73,44417.29,43723.60,44416.49,192596800
2015-02-27,44408.33,44439.99,43983.14,44190.17,373527000
2015-03-02,44179.93,44279.33,43560.85,43882.71,238489100
2015-03-03,43875.74,43906.16,43519.68,43600.37,222689700
2015-03-04,43598.21,43605.14,43130.52,43296.55,190139000
2015-03-05,43284.43,43783.00,43155.85,43517.79,253013200
2015-03-06,43510.24,43517.17,43129.82,43280.81,202066800
2015-03-09,43280.81,43350.29,43003.99,43251.40,145265100
2015-03-10,43246.57,43246.57,42674.25,42972.15,177428000
2015-03-11,42978.60,43310.38,42929.52,43227.20,223614100
2015-03-12,43228.09,44056.11,43176.51,44055.89,178847500
2015-03-13,44055.89,44140.26,43703.97,44002.29,179720700
2015-03-17,43997.45,43998.72,43761.36,43761.36,171895000
2015-03-18,43756.78,44360.87,43490.09,44360.87,267505600
2015-03-19,44354.94,44441.15,43920.28,44118.17,204850800
2015-03-20,44117.94,44325.94,43739.47,43968.15,407713600
2015-03-23,43968.15,44056.98,43840.67,43952.71,139263300
2015-03-24,43947.32,44242.57,43943.32,44051.21,161948600
2015-03-25,44040.97,44212.28,43630.59,43630.96,153901700
2015-03-26,43610.59,43610.59,43099.48,43229.16,203462600
2015-03-27,43231.45,43656.38,43096.73,43637.97,182587500
2015-03-30,43631.23,44015.94,43571.35,43922.83,145908900
2015-03-31,43916.10,43916.10,43596.87,43724.78,184966800
2015-04-01,43709.49,44216.75,43697.45,44202.94,185105000
2015-04-06,44202.87,44897.03,43833.89,44850.06,174250100
2015-04-07,44857.07,45181.42,44674.95,44987.87,239494000
2015-04-08,44994.30,45333.97,44902.48,44980.56,252657800
2015-04-09,44980.56,45218.75,44891.79,44913.27,190713500
2015-04-10,44913.94,45009.61,44745.03,44882.01,168054800
2015-04-13,44881.37,45061.68,44864.38,44994.56,151535400
2015-04-14,44989.17,45072.90,44773.56,45004.52,183195900
2015-04-15,45003.47,45443.02,45001.18,45262.94,235294000
2015-04-16,45256.47,45483.26,45094.05,45480.23,181652800
2015-04-17,45482.24,45485.74,45012.30,45012.37,158198200
2015-04-20,45019.62,45206.28,44958.69,45077.81,152786300
2015-04-21,45077.44,45433.17,45077.44,45296.91,182895100
2015-04-22,45294.25,45294.25,45077.57,45232.04,219745700
2015-04-23,45226.11,45473.84,45027.50,45418.83,177848700
2015-04-24,45418.58,45773.31,45248.98,45773.31,200794300
2015-04-27,45767.08,46078.07,45490.25,45512.38,190305000
2015-04-28,45514.04,45594.14,45216.04,45338.36,176189800
2015-04-29,45338.36,45378.67,44895.85,44942.23,176865800
2015-04-30,44950.32,45129.47,44581.70,44582.39,302264200
2015-05-04,44589.10,45264.54,44586.94,45238.47,179275000
2015-05-05,45237.12,45479.16,45061.33,45091.33,241196400
2015-05-06,45078.58,45112.09,44655.11,44853.26,205151800
2015-05-07,44848.46,45010.77,44704.28,44768.80,178415900
2015-05-08,44770.08,45126.04,44770.08,45125.95,247350800
2015-05-11,45125.48,45245.71,44950.62,45179.97,136610400
2015-05-12,45180.24,45180.24,44849.85,44950.49,173771800
2015-05-13,44939.57,45120.70,44885.91,45038.14,145028600
2015-05-14,45048.94,45350.24,44980.21,45271.46,143034100
2015-05-15,45272.39,45357.44,45147.91,45332.80,120620500
2015-05-18,45330.10,45413.49,45134.22,45408.34,122937500
2015-05-19,45410.23,45540.68,45245.87,45311.75,189714200
2015-05-20,45313.67,45474.18,45191.60,45283.47,143379300
2015-05-21,45284.61,45300.08,45075.77,45097.39,150476600
2015-05-22,45097.39,45192.90,44807.73,44874.04,144970200
2015-05-25,44874.12,44949.99,44732.97,44852.29,26652400
2015-05-26,44855.00,44858.89,44383.54,44401.40,217242100
2015-05-27,44397.08,44684.19,44124.59,44682.59,200161500
2015-05-28,44668.98,44817.64,44508.77,44807.31,173377700
2015-05-29,44801.36,44845.13,44603.62,44703.62,590615000
2015-06-01,44699.56,44788.59,44570.01,44760.10,188341900
2015-06-02,44752.53,45053.51,44572.88,44931.48,230453700
2015-06-03,44932.29,45208.48,44732.56,44732.72,191223400
2015-06-04,44729.21,44844.74,44478.29,44561.11,194532200
2015-06-05,44559.48,44847.96,44481.94,44561.94,138407100
2015-06-08,44559.78,44596.19,44338.22,44544.05,105183100
2015-06-09,44544.35,44686.07,44385.77,44519.21,166116800
2015-06-10,44528.67,44758.41,44528.67,44578.28,228614500
2015-06-11,44579.36,44753.96,44527.18,44624.74,172318600
2015-06-12,44626.90,44796.84,44469.48,44692.50,150515800
2015-06-15,44697.36,44698.06,44217.04,44395.76,142785700
2015-06-16,44389.54,44812.64,44139.72,44722.28,150911600
2015-06-17,44719.58,44889.61,44666.41,44792.04,204730000
2015-06-18,44788.79,45159.38,44732.27,45120.79,148018000
2015-06-19,45120.77,45177.08,44933.82,44973.41,414665100
2015-06-22,44971.25,45272.15,44969.03,45224.98,138550300
2015-06-23,45225.72,45512.63,45224.51,45454.15,155117900
2015-06-24,45453.34,45514.01,45280.28,45424.94,169504800
2015-06-25,45420.07,45532.81,45232.46,45377.12,173807400
2015-06-26,45381.38,45630.19,45332.44,45566.33,142329400
2015-06-29,45556.87,45556.87,44710.35,44710.35,191532900
2015-06-30,44711.43,45054.08,44585.59,45053.70,268951400
2015-07-01,45052.89,45298.55,44928.49,44928.52,175618300
2015-07-02,44928.52,45342.00,44917.82,45175.58,209841400
2015-07-03,45174.39,45174.39,44982.32,45065.47,37465200
2015-07-06,45062.18,45062.18,44635.82,44794.01,149404700
2015-07-07,44792.85,45027.61,44196.34,45017.75,224739200
2015-07-08,45004.77,45009.53,44441.37,44497.74,210280200
2015-07-09,44499.74,44922.61,44499.74,44564.32,180658800
2015-07-10,44558.10,44980.29,44558.10,44915.98,165229000
2015-07-13,44933.86,45184.80,44916.48,44990.39,131537200
2015-07-14,44990.46,45194.69,44747.32,45136.69,139386600
2015-07-15,45136.16,45179.52,45018.79,45107.13,139905400
2015-07-16,45111.73,45461.94,45111.73,45344.90,124663500
2015-07-17,45347.81,45387.69,45087.49,45325.38,136764800
2015-07-20,45325.58,45655.73,45228.19,45567.99,107843000
2015-07-21,45568.62,45664.77,45387.81,45401.23,199521500
2015-07-22,45394.20,45447.08,44660.36,44670.42,306545700
2015-07-23,44671.29,44894.74,44599.53,44836.33,245301700
2015-07-24,44840.25,44898.13,44209.53,44249.49,261013500
2015-07-27,44243.00,44246.90,43713.72,43713.72,181344400
2015-07-28,43715.62,44241.52,43715.62,44222.97,286919400
2015-07-29,44215.40,44566.88,44058.89,44471.29,197220000
2015-07-30,44470.66,44470.66,44177.87,44373.31,163071200
2015-07-31,44374.46,44793.18,44322.79,44752.93,271503100
2015-08-03,44737.51,44913.63,44436.12,44903.95,159378700
2015-08-04,44901.22,45206.88,44869.10,45177.98,183225200
2015-08-05,45180.36,45388.64,44863.92,44937.61,166445000
2015-08-06,44938.50,45062.34,44824.47,44921.22,126793400
2015-08-07,44919.12,44919.12,44661.21,44862.14,114223700
2015-08-10,44856.19,45320.75,44785.09,45320.69,110434500
2015-08-11,45321.58,45333.35,44376.53,44379.79,205684100
2015-08-12,44379.03,44402.58,43640.06,44032.38,220518900
2015-08-13,44083.48,44287.12,43785.43,43870.53,211386800
2015-08-14,43870.40,44069.86,43746.31,43746.72,127753600
2015-08-17,43762.90,43990.05,43574.12,43953.48,150771400
2015-08-18,43958.08,43960.88,43730.56,43872.12,169745300
2015-08-19,43868.60,43906.56,43307.53,43473.74,184950500
2015-08-20,43470.49,43470.49,42995.27,43036.59,176469900
2015-08-21,43033.01,43033.01,42098.73,42163.82,270541800
2015-08-24,42139.18,42139.18,39256.58,41471.47,280957600
2015-08-25,41484.50,42393.79,41484.50,42010.89,249142300
2015-08-26,42012.15,42427.49,41669.21,42323.04,205330000
2015-08-27,42324.32,43480.84,42324.32,43452.36,266368500
2015-08-28,43459.40,43534.83,43161.37,43290.86,176441400
2015-08-31,43288.42,43722.23,42775.28,43721.96,532669500
2015-09-01,43707.02,43707.02,42839.14,42911.51,234860200
2015-09-02,42908.24,43194.97,42772.06,42969.93,173690400
2015-09-03,42971.12,43663.80,42971.12,43283.47,162994900
2015-09-04,43283.32,43283.32,42555.86,42742.86,167537500
2015-09-07,42729.27,42853.90,42326.10,42756.26,25362600
2015-09-08,42755.17,43180.17,42755.17,43083.94,147590400
2015-09-09,43085.72,43523.53,42754.05,42754.68,156444000
2015-09-10,42749.79,42926.54,42621.44,42888.51,170822500
2015-09-11,42888.51,42991.80,42761.75,42780.73,113801800
2015-09-14,42775.61,42909.04,42661.83,42827.35,127513800
2015-09-15,42829.67,43273.07,42813.09,43269.62,149337800
2015-09-17,43279.14,44075.52,43263.42,43790.93,233017500
2015-09-18,43788.54,43788.54,43177.09,43565.05,384522000
2015-09-21,43568.47,43722.08,43458.59,43618.14,118597800
2015-09-22,43621.22,43621.22,43047.87,43232.06,176568600
2015-09-23,43236.41,43285.40,43042.36,43042.36,199408400
2015-09-24,43042.31,43085.03,42459.76,42596.56,266340600
2015-09-25,42595.20,42912.22,42326.42,42435.23,161155100
2015-09-28,42430.61,42453.13,41791.60,41893.51,202235000
2015-09-29,41894.11,42254.00,41861.79,42121.51,188484800
2015-09-30,42113.85,42703.07,42113.85,42632.54,323525300
2015-10-01,42627.42,42752.01,42418.54,42695.74,171675100
2015-10-02,42695.14,42769.23,42203.82,42735.15,153996600
2015-10-05,42740.86,43614.17,42740.86,43566.32,208146800
2015-10-06,43566.39,43743.84,43435.04,43561.42,158825700
2015-10-07,43562.91,44166.40,43562.91,43832.03,222875200
2015-10-08,43838.55,44172.33,43654.76,44076.94,196553100
2015-10-09,44080.15,44477.50,44080.15,44375.62,159232400
2015-10-12,44370.72,44619.61,44142.17,44314.25,146650400
2015-10-13,44318.48,44442.54,44125.14,44318.19,189124600
2015-10-14,44313.63,44416.14,44058.87,44064.43,129215100
2015-10-15,44065.06,44255.38,43811.49,44087.59,167836200
2015-10-16,44090.46,44432.37,44062.56,44364.16,161056300
2015-10-19,44371.77,44523.70,44116.08,44523.01,148353900
2015-10-20,44517.31,44653.86,44191.57,44653.86,193739600
2015-10-21,44657.12,44938.12,44309.76,44426.07,182024400
2015-10-22,44426.31,44989.25,44321.29,44627.97,320641000
2015-10-23,44628.42,45094.10,44628.42,45010.24,238526000
2015-10-26,45022.46,45102.58,44787.09,45036.52,168306800
2015-10-27,45036.30,45036.89,44570.88,44698.01,296427200
2015-10-28,44683.60,44933.14,44585.50,44741.68,181760000
2015-10-29,44738.26,44860.43,44477.92,44634.81,164202500
2015-10-30,44635.80,44648.84,44238.69,44542.76,247491400
2015-11-03,44543.84,45540.93,44336.74,45354.59,257221400
2015-11-04,45356.18,45680.11,45322.88,45373.17,206307000
2015-11-05,45373.89,45546.55,45190.26,45195.65,224209000
2015-11-06,45195.72,45388.21,44923.46,45243.85,211544700
2015-11-09,45238.14,45302.54,44187.56,44479.23,233520700
2015-11-10,44474.34,44474.79,43772.75,44359.89,229700800
2015-11-11,44353.63,44646.58,44219.87,44347.91,157905500
2015-11-12,44351.17,44351.17,44083.62,44120.52,153942200
2015-11-13,44120.82,44266.22,43458.11,43617.73,223292300
2015-11-17,43614.39,44219.79,43614.39,44184.65,269603700
2015-11-18,44182.25,44505.59,44118.98,44505.59,244379200
2015-11-19,44519.85,44762.53,44460.79,44620.60,241733800
2015-11-20,44621.41,44997.69,44587.65,44895.02,177951600
2015-11-23,44878.78,44925.34,44743.20,44779.14,133476000
2015-11-24,44777.71,44777.71,44421.17,44576.23,161909400
2015-11-25,44576.23,44649.11,44040.08,44138.75,174932800
2015-11-26,44137.19,44377.59,44053.23,44374.52,64404900
2015-11-27,44387.10,44420.65,43895.82,44247.98,125063100
2015-11-30,44241.29,44412.07,43382.13,43418.55,668266200
2015-12-01,43418.55,43984.90,43368.84,43984.90,253723300
2015-12-02,43984.39,44024.95,43386.18,43417.05,169361300
2015-12-03,43423.02,43496.24,42756.47,43027.30,165729100
2015-12-04,43033.01,43220.69,42810.47,42994.23,186087500
2015-12-07,42997.58,43103.59,42648.06,42655.24,175873500
2015-12-08,42653.08,42710.62,42214.74,42236.74,239321300
2015-12-09,42260.37,42796.08,42260.37,42398.06,246253700
2015-12-10,42376.54,42508.32,42358.70,42447.77,192538300
2015-12-11,42447.59,42494.74,41907.79,42000.63,210483900
2015-12-14,41997.27,42057.31,41514.77,41901.96,191485500
2015-12-15,41902.77,43156.19,41902.77,42905.20,283527200
2015-12-16,42909.02,43497.62,42909.02,43429.72,213875200
2015-12-17,43435.94,43780.26,43361.46,43503.52,268394700
2015-12-18,43504.42,43507.84,42863.99,42936.63,402961300
2015-12-21,42958.01,43392.72,42958.01,43160.61,292688500
2015-12-22,43158.56,43619.71,43152.57,43328.72,221025400
2015-12-23,43329.43,43787.30,43241.54,43579.67,194470500
2015-12-24,43579.08,43774.69,43527.24,43528.27,46487200
2015-12-28,43528.41,43535.50,43347.28,43396.16,134864000
2015-12-29,43410.69,43643.08,43298.89,43391.78,115704000
2015-12-30,43376.54,43520.78,43010.55,43012.37,98029600
2015-12-31,43007.74,43030.13,42690.62,42977.50,68463600
2016-01-04,42963.90,42963.90,41897.48,42113.70,122098600
2016-01-05,42118.60,42346.14,41859.27,42041.68,186120200
2016-01-06,42039.23,42039.23,41627.98,41691.19,185518000
2016-01-07,41688.75,41688.75,40611.30,40661.57,263904200
2016-01-08,40661.81,41242.56,40154.94,40265.37,373461300
2016-01-11,40254.50,40749.68,40128.47,40706.89,220635600
2016-01-12,40717.99,41070.93,40717.99,41022.74,217279500
2016-01-13,41026.55,41270.94,40463.64,41008.78,207644900
2016-01-14,41026.55,41385.53,40731.80,41352.75,162045600
2016-01-15,41350.30,41350.30,40298.02,40847.70,258729300
2016-01-18,40842.82,40854.64,40440.36,40604.79,36417700
2016-01-19,40611.85,41136.49,40494.06,40809.25,220643500
2016-01-20,40807.22,40845.03,39924.09,40844.41,239363100
2016-01-21,40833.27,41339.49,40557.33,41166.88,252258400
2016-01-22,41207.98,41744.42,41207.98,41621.31,252181900
2016-01-25,41623.23,41678.35,41344.25,41476.35,142720900
2016-01-26,41474.45,42037.56,41451.20,41932.39,189517800
2016-01-27,41923.43,42394.09,41823.88,42109.89,356684100
2016-01-28,42101.08,42445.45,42055.27,42393.02,247397500
2016-01-29,42386.23,43631.18,42370.98,43630.77,376037300
2016-02-02,43639.92,43639.92,42884.51,43092.49,341856100
2016-02-03,43120.67,43306.38,42916.01,43257.54,264681900
2016-02-04,43255.10,44260.23,43255.10,43751.93,359740800
2016-02-05,43759.00,43833.76,43215.97,43229.67,221241100
2016-02-08,43229.79,43229.79,42546.63,42774.85,201984900
2016-02-09,42775.69,42887.39,42192.79,42399.19,325409400
2016-02-10,42401.91,42936.86,42268.86,42535.74,243093300
2016-02-11,42540.46,42540.46,41757.40,42359.26,221208600
2016-02-12,42351.12,42635.65,42275.79,42416.44,186017400
2016-02-15,42414.81,43223.96,42414.81,43205.91,59431500
2016-02-16,43205.43,43352.38,42847.50,43100.32,181206800
2016-02-17,43103.31,43585.31,43019.65,43585.23,408303000
2016-02-18,43561.06,43731.67,43278.80,43516.66,280000800
2016-02-19,43517.16,43618.60,43219.33,43375.31,176837500
2016-02-22,43379.17,43882.23,43379.17,43546.72,252292800
2016-02-23,43550.79,43672.97,43143.59,43216.58,180166200
2016-02-24,43221.06,43234.37,42364.89,42744.91,119479000
2016-02-25,43177.53,43445.15,42938.99,43434.55,169139700
2016-02-26,43449.91,43611.70,43239.40,43473.37,109647900
2016-02-29,43475.00,43723.86,43326.94,43714.93,329045100
2016-03-01,43717.65,44280.18,43715.99,44214.50,278917500
2016-03-02,44198.39,44739.01,44165.60,44615.75,276951200
2016-03-03,44616.46,44869.97,44561.04,44742.22,220570800
2016-03-04,44740.53,45255.92,44740.53,44849.02,277745000
2016-03-07,44855.25,45146.33,44850.97,44967.16,231035400
2016-03-08,44967.22,45017.63,44335.39,44504.29,255965700
2016-03-09,44507.49,44668.40,44189.56,44492.50,250427200
2016-03-10,44499.49,44779.09,43965.23,44337.04,200516900
2016-03-11,44338.94,45007.27,44338.94,44617.74,157398300
2016-03-14,44746.33,44873.25,44548.55,44691.80,183846000
2016-03-15,44691.01,44694.31,44139.54,44210.44,194115100
2016-03-16,44207.54,44751.62,44026.18,44751.40,223581100
2016-03-17,44751.40,45507.87,44644.34,45435.09,336601600
2016-03-18,45436.18,46129.66,45203.17,45482.39,616315100
2016-03-22,45464.53,45632.28,45308.30,45632.28,208791200
2016-03-23,45632.63,45713.75,45365.54,45647.57,199402700
2016-03-28,45652.44,45847.26,45458.59,45623.48,160121800
2016-03-29,45623.21,45910.81,45456.14,45897.65,247041200
2016-03-30,45894.40,46307.61,45808.55,46191.51,274078600
2016-03-31,46188.10,46276.99,45663.63,45881.08,289894600
2016-04-01,45877.39,46068.31,45509.09,46062.92,152704400
2016-04-04,46067.25,46077.10,45454.10,45678.18,158253200
2016-04-05,45678.34,45678.34,45183.71,45186.01,173672700
2016-04-06,45183.30,45370.79,45023.51,45281.97,180774900
2016-04-07,45278.81,45290.03,44834.24,45052.16,209972000
2016-04-08,45074.31,45382.66,44797.16,44859.49,189312000
2016-04-11,44864.85,45112.56,44745.11,44760.53,168199500
2016-04-12,44765.35,45126.92,44708.63,45090.67,181345900
2016-04-13,45095.27,45483.22,45076.99,45411.30,213032800
2016-04-14,45411.54,45624.53,45363.83,45403.54,179087100
2016-04-15,45401.59,45636.17,45390.83,45536.52,172203600
2016-04-18,45518.62,45561.44,44956.23,45022.63,169798500
2016-04-19,45027.04,45881.66,45027.04,45780.18,225798400
2016-04-20,45780.51,45834.57,45507.41,45650.35,189085300
2016-04-21,45653.21,45860.01,45539.36,45556.65,210756800
2016-04-22,45556.11,45825.32,45556.11,45613.21,177836100
2016-04-25,45608.33,45804.94,45383.08,45581.20,172066100
2016-04-26,45584.00,45691.80,45279.55,45416.90,198851900
2016-04-27,45566.89,45965.44,45566.89,45941.52,242688300
2016-04-28,45940.98,45982.84,45189.63,45528.93,378055500
2016-04-29,45534.26,45784.80,45416.06,45784.77,243404200
2016-05-02,45785.96,45847.43,45502.52,45707.87,170577900
2016-05-03,45706.45,45706.45,45238.32,45647.82,280555100
2016-05-04,45649.14,45649.14,45060.07,45349.00,370291800
2016-05-05,45350.28,45440.47,45066.91,45147.97,202128500
2016-05-06,45142.82,45243.19,44925.47,45209.85,165377400
2016-05-09,45209.03,45320.35,44823.21,45250.34,187012200
2016-05-10,45257.11,45684.68,45143.02,45676.41,195378000
2016-05-11,45663.61,45733.17,45461.43,45506.87,228305200
2016-05-12,45514.65,45838.17,45437.48,45685.82,174676000
2016-05-13,45684.47,45736.98,45373.21,45402.47,171890900
2016-05-16,45402.74,45863.76,45381.84,45843.14,144549200
2016-05-17,45846.99,45912.04,45621.80,45872.18,180429800
2016-05-18,45871.03,45887.77,45395.06,45551.20,181326400
2016-05-19,45551.09,45555.35,44898.43,45051.27,184254800
2016-05-20,45053.57,45321.49,45042.35,45155.91,152138300
2016-05-23,45159.33,45349.83,45046.30,45236.16,159540800
2016-05-24,45233.99,45523.90,45226.70,45497.46,205438600
2016-05-25,45496.64,45882.73,45494.93,45710.94,261125100
2016-05-26,45705.52,46080.82,45688.64,46039.69,297591200
2016-05-27,46040.23,46220.63,45996.74,46124.15,184564700
2016-05-30,46119.54,46204.45,45936.23,46017.21,50463900
2016-05-31,46026.15,46069.13,45371.73,45459.45,645087400
2016-06-01,45468.54,45612.44,45268.84,45557.61,208113200
2016-06-02,45549.59,45745.81,45458.85,45508.31,185821800
2016-06-03,45508.46,45933.51,45450.47,45928.23,188390700
2016-06-06,45929.31,46114.95,45821.40,45857.73,205844900
2016-06-07,45852.28,46277.14,45852.28,46124.63,314238600
2016-06-08,46127.62,46545.32,46015.86,46263.84,306667900
2016-06-09,46266.27,46308.05,45660.35,45662.71,242848000
2016-06-10,45655.94,45655.94,45163.45,45177.50,188095800
2016-06-13,45170.46,45180.64,44709.18,44930.25,166801300
2016-06-14,44935.03,44968.54,44389.24,44570.59,186815300
2016-06-15,44562.73,45107.05,44491.12,45011.22,207926700
2016-06-16,45017.45,45225.40,44580.70,45225.40,157370200
2016-06-17,45227.70,45394.88,45106.71,45306.22,281640500
2016-06-20,45306.36,45978.86,45306.36,45779.66,174117300
2016-06-21,45781.99,45843.07,45421.44,45705.42,174634600
2016-06-22,45706.19,45809.09,45612.42,45806.16,141267100
2016-06-23,45820.70,46145.92,45820.70,46145.92,154551700
2016-06-24,46119.92,46153.68,44501.00,44885.82,323558900
2016-06-27,44888.95,44888.95,43902.25,44282.03,277445800
2016-06-28,44297.59,44960.89,44297.59,44714.54,240293700
2016-06-29,44725.81,45584.79,44700.43,45466.37,217069200
2016-06-30,45466.37,45967.22,45419.73,45966.49,271556400
2016-07-01,45973.20,46251.81,45831.33,46213.27,134616100
2016-07-04,46213.27,46429.05,46135.09,46201.33,29013300
2016-07-05,46200.22,46341.24,45669.66,45819.60,198145900
2016-07-06,45819.62,45820.21,45104.87,45304.75,186619900
2016-07-07,45300.23,45655.76,45215.14,45394.37,207536400
2016-07-08,45393.28,45744.62,45344.02,45744.29,163032200
2016-07-11,45743.49,46218.51,45743.49,46177.61,176525200
2016-07-12,46183.78,46520.05,46183.78,46432.70,231131900
2016-07-13,46432.70,46614.19,46187.65,46271.97,190507900
2016-07-14,46273.60,46765.21,46273.60,46498.51,241847800
2016-07-15,46503.07,46767.31,46500.39,46713.43,198810600
2016-07-18,46711.94,47108.65,46611.56,46961.25,195195200
2016-07-19,46966.61,47134.27,46826.87,47060.57,188935000
2016-07-20,47054.67,47505.25,46936.51,47505.25,189237500
2016-07-21,47503.60,47648.41,47313.31,47364.81,166222500
2016-07-22,47363.08,47589.45,47359.53,47537.28,113132900
2016-07-25,47524.39,47785.29,46971.70,47130.41,156491900
2016-07-26,47129.48,47343.05,46921.40,46927.00,219741400
2016-07-27,46933.76,47575.26,46664.16,46812.07,344547900
2016-07-28,46818.86,46872.12,46402.51,46833.87,305668500
2016-07-29,46820.18,46824.74,46304.19,46660.67,347960700
2016-08-01,46654.50,46887.92,46638.44,46807.24,159960500
2016-08-02,46806.08,46806.08,46143.81,46558.36,214453300
2016-08-03,46556.22,46888.43,46311.28,46844.53,214305900
2016-08-04,46839.19,47102.21,46678.61,46941.46,149832400
2016-08-05,46940.23,47197.11,46931.25,47194.15,180708100
2016-08-08,47207.75,47539.22,47012.01,47368.65,176551200
2016-08-09,47375.59,47801.77,47363.26,47630.37,257905900
2016-08-10,47635.44,47902.82,47565.32,47797.70,220397200
2016-08-11,47833.88,48434.77,47713.84,48341.95,315230500
2016-08-12,48348.27,48570.99,48096.10,48363.89,233046100
2016-08-15,48366.89,48956.06,48361.00,48694.90,271663300
2016-08-16,48699.17,48800.24,48334.97,48351.96,204458300
2016-08-17,48351.16,48556.08,48100.14,48258.93,209872300
2016-08-18,48253.04,48492.85,47930.87,48437.10,185065000
2016-08-19,48432.05,48557.78,48167.92,48297.46,127776500
2016-08-22,48289.30,48367.05,47899.01,48293.46,146537800
2016-08-23,48290.09,48494.36,47665.94,47666.02,209827500
2016-08-24,47660.98,47925.51,47480.58,47743.61,163366300
2016-08-25,47741.55,47867.90,47642.25,47734.20,231256400
2016-08-26,47729.56,48002.46,47095.09,47369.57,286852200
2016-08-29,47357.79,47646.21,47310.13,47599.12,151480600
2016-08-30,47610.06,47832.40,47445.88,47650.57,155374200
2016-08-31,47649.69,47768.97,47341.90,47541.32,439097000
2016-09-01,47544.04,47655.61,47314.82,47563.34,193508900
2016-09-02,47551.11,48096.32,47204.06,47787.99,140465700
2016-09-05,47786.98,47968.16,47786.50,47842.23,19169100
2016-09-06,47839.90,47868.77,47304.83,47626.98,186221600
2016-09-07,47623.23,47676.60,47178.76,47398.70,177870300
2016-09-08,47397.89,47492.98,47250.03,47416.97,180546300
2016-09-09,47419.69,47421.14,46459.17,46459.17,256925800
2016-09-12,46456.88,46782.06,45934.02,46720.96,268039400
2016-09-13,46719.23,46719.23,46012.24,46154.20,270198400
2016-09-14,46137.74,46408.04,45700.70,45767.57,249860800
2016-09-15,45767.37,45975.78,45679.57,45922.91,477097000
2016-09-19,45927.49,46131.43,45737.43,45871.04,191987000
2016-09-20,45869.69,46421.68,45869.69,46341.33,156466200
2016-09-21,46345.38,46943.70,46344.04,46929.19,255440800
2016-09-22,46930.34,47975.56,46930.34,47975.05,258041400
2016-09-23,47967.17,47967.21,47435.82,47778.48,223268400
2016-09-26,47776.94,47776.94,47094.49,47252.54,232475400
2016-09-27,47257.30,47731.86,46971.64,47731.84,249363300
2016-09-28,47734.29,48175.27,47639.19,48046.56,203341900
2016-09-29,48045.21,48488.35,47511.48,47672.07,217104400
2016-09-30,47673.60,47961.39,47245.09,47245.80,210376900
2016-10-03,47250.55,47607.28,47080.02,47601.93,139095500
2016-10-04,47602.29,47986.29,47495.24,47909.27,178107800
2016-10-05,47909.17,48226.09,47904.94,48141.42,160516000
2016-10-06,48124.28,48132.63,47832.61,47944.77,143658400
2016-10-07,47946.30,47946.30,47460.34,47596.60,134403200
2016-10-10,47597.91,48413.66,47555.22,48264.96,193082400
2016-10-11,48265.56,48272.10,47990.79,48014.40,202811100
2016-10-12,48015.07,48069.91,47740.03,47915.12,145549600
2016-10-13,47913.77,47913.77,47429.17,47741.54,199956500
2016-10-14,47746.34,48041.05,47645.49,47701.45,249710700
2016-10-17,47699.75,47918.60,47637.43,47657.33,157917600
2016-10-18,47661.47,48129.95,47661.47,48106.12,253865900
2016-10-19,48107.66,48572.64,48006.09,48492.61,186797100
2016-10-20,48479.66,48563.62,48188.06,48274.25,133216400
2016-10-21,48273.85,48533.94,48123.91,48418.40,158116200
2016-10-24,48423.20,48619.44,48299.30,48431.25,132462100
2016-10-25,48423.07,48432.97,48057.04,48093.53,171587700
2016-10-26,48095.06,48122.67,47726.86,47805.44,186391500
2016-10-27,47804.63,48115.49,47770.58,48114.67,156791200
2016-10-28,48113.87,48371.51,47534.06,48007.20,416532800
2016-10-31,48002.21,48245.15,47818.34,48009.28,218268600
2016-11-01,48021.29,48157.13,47061.90,47303.31,244594200
2016-11-03,47286.16,47480.66,46683.80,46683.80,325313500
2016-11-04,46684.40,47369.78,46441.46,46694.81,291450100
2016-11-07,46695.01,48373.19,46695.01,48050.25,326662300
2016-11-08,48049.75,48672.94,48049.75,48470.99,262930600
2016-11-09,48450.38,48450.38,46354.69,47390.66,511336300
2016-11-10,47389.75,48124.51,45209.90,45224.38,603648700
2016-11-11,45229.18,45743.49,44737.97,44978.25,465050100
2016-11-14,44995.97,45956.25,44995.88,45306.48,320482300
2016-11-15,45305.97,46142.20,45023.65,45023.65,317715500
2016-11-16,45039.08,45406.21,44788.13,44901.57,363921900
2016-11-17,44901.67,45315.11,44843.56,44919.69,251604800
2016-11-18,44921.04,44940.89,43998.98,44364.17,290536200
2016-11-22,44367.05,44966.62,44367.05,44838.76,220572200
2016-11-23,44874.49,45197.32,44555.80,45184.08,238095600
2016-11-24,45250.40,45421.75,45201.57,45265.90,43678400
2016-11-25,45268.39,45509.94,45107.33,45357.85,118200300
2016-11-28,45360.07,45514.13,45127.71,45470.61,176602800
2016-11-29,45480.97,45504.71,45268.88,45372.19,209025300
2016-11-30,45373.53,45654.53,45027.07,45315.96,617292700
2016-12-01,45314.04,45567.44,44865.98,44884.86,238173300
2016-12-02,44885.75,45018.28,44471.84,44555.26,208623900
2016-12-05,44555.26,45085.28,44555.26,44937.30,245242600
2016-12-06,44938.10,45153.06,44850.87,45103.22,253429500
2016-12-07,45116.35,45644.43,45111.86,45609.90,210228800
2016-12-08,45611.05,46365.67,45532.41,46360.23,219310900
2016-12-09,46359.12,46955.51,46166.79,46913.47,242023400
2016-12-13,46916.19,47241.13,46370.03,46870.24,256757500
2016-12-14,46870.64,46901.53,45962.66,46220.54,246953200
2016-12-15,46220.24,46235.18,45863.97,45871.96,200804200
2016-12-16,45871.77,45937.11,45099.73,45121.39,377753600
2016-12-19,45121.19,45265.78,44875.68,44895.29,134561800
2016-12-20,44894.69,45266.42,44761.97,44930.27,194329900
2016-12-21,44936.79,45110.81,44817.30,44983.03,138917900
2016-12-22,44982.43,45041.42,44568.27,45008.08,130553400
2016-12-23,45016.65,45263.23,44922.28,45173.54,62035500
2016-12-26,45219.35,45219.35,44862.45,44989.58,11005500
2016-12-27,44989.58,45329.26,44938.74,45299.67,88289700
2016-12-28,45301.20,45619.84,45257.72,45563.18,85768300
2016-12-29,45564.52,46025.65,45549.39,45909.31,95022800
2016-12-30,45910.44,45986.29,45374.41,45642.90,81280000
2017-01-02,45642.80,45792.46,45593.26,45695.10,6765800
2017-01-03,45698.93,46444.72,45690.46,46123.36,164938800
2017-01-04,46123.36,46587.74,46068.83,46587.74,215385900
2017-01-05,46586.03,46767.37,46285.88,46719.99,237288300
2017-01-06,46721.70,46731.90,46027.10,46071.57,201371200
2017-01-09,46072.38,46153.03,45314.58,45553.51,166659200
2017-01-10,45585.49,45924.51,45531.04,45886.27,214548500
2017-01-11,45886.18,46085.78,45550.10,45933.65,171732400
2017-01-12,45935.55,46265.15,45805.50,46060.98,169284400
2017-01-13,46070.69,46438.80,46039.78,46182.43,191700300
2017-01-16,46184.13,46229.63,45714.59,45740.38,31053900
2017-01-17,45721.00,46159.01,45720.67,46002.56,232426300
2017-01-18,46006.60,46390.22,46006.60,46360.63,225709700
2017-01-19,46360.83,46423.59,46059.31,46265.26,156992500
2017-01-20,46262.54,46396.22,46021.58,46331.60,183672000
2017-01-23,46325.07,47141.00,46170.87,47116.24,152887800
2017-01-24,47121.18,48220.04,47118.15,48149.61,312544300
2017-01-25,48152.63,48632.51,47870.87,48275.83,216645400
2017-01-26,48280.47,48284.31,47372.48,47611.44,188538300
2017-01-27,47632.58,47695.48,47192.03,47421.12,144332700
2017-01-30,47611.44,47611.44,46761.50,47091.82,157388900
2017-01-31,47131.23,47243.07,46928.48,47001.06,215251100
2017-02-01,47001.97,47225.23,46780.03,47009.51,170788000
2017-02-02,47019.85,47111.78,46909.31,47095.07,205641600
2017-02-03,47097.51,47228.65,46801.77,47225.10,249033100
2017-02-07,47228.04,47258.29,46614.38,46728.95,301439900
2017-02-08,46767.22,46985.23,46639.21,46921.71,209949100
2017-02-09,46907.01,47461.60,46850.09,47232.17,221049300
2017-02-10,47222.94,48115.98,47123.03,47797.04,185209300
2017-02-13,47798.38,47904.73,47391.48,47661.69,174042300
2017-02-14,47650.24,47687.13,47279.43,47391.24,176260000
2017-02-15,47392.44,47467.14,47059.68,47161.74,191221800
2017-02-16,47165.68,47444.27,47121.18,47293.85,181649900
2017-02-17,47303.05,47386.17,47005.42,47164.71,134640300
2017-02-20,47159.16,47612.29,47046.40,47083.81,32289600
2017-02-21,47089.12,47638.52,47089.12,47614.99,207680600
2017-02-22,47614.69,47654.64,47194.58,47195.68,171101300
2017-02-23,47197.19,47482.61,46842.46,47206.36,231075800
2017-02-24,47215.56,47215.56,46587.93,47047.67,183014900
2017-02-27,47040.95,47464.25,46859.57,47349.20,181160700
2017-02-28,47352.45,47378.09,46692.47,46856.79,252313600
2017-03-01,46853.67,47564.35,46853.67,47467.95,103945000
2017-03-02,47458.69,47513.90,46960.25,47288.66,179056300
2017-03-03,47292.30,47574.47,47001.99,47414.57,117699900
2017-03-06,47407.29,47891.33,46995.61,47883.59,144357200
2017-03-07,47883.99,47886.24,47406.29,47419.16,170254200
2017-03-08,47410.19,47688.77,47298.72,47539.22,132044700
2017-03-09,47538.82,47563.37,47072.57,47263.92,158224100
2017-03-10,47262.91,47481.69,47026.37,47102.31,135301800
2017-03-13,47093.31,47288.75,46965.88,47101.14,131668800
2017-03-14,47095.78,47181.23,46597.58,47087.97,197609500
2017-03-15,47087.77,47583.60,46905.53,47470.31,177679600
2017-03-16,47496.00,48333.61,47333.79,48056.56,234060900
2017-03-17,48066.82,48626.12,47924.89,48593.44,462274100
2017-03-21,48593.64,49240.09,48422.84,48589.05,249738100
2017-03-22,48592.26,48612.61,48201.81,48487.30,185331900
2017-03-23,48481.15,48898.32,48437.00,48676.91,173728800
2017-03-24,48675.19,49105.31,48595.08,49083.85,179849100
2017-03-27,49082.89,49312.99,48743.81,49312.99,175804400
2017-03-28,49310.77,49523.94,49194.72,49339.24,162489000
2017-03-29,49335.81,49335.81,48941.48,49036.52,183677000
2017-03-30,49032.09,49068.48,48719.63,48863.30,141769700
2017-03-31,48863.13,48925.44,48541.56,48541.56,242628600
2017-04-03,48549.23,49008.81,48461.27,48819.07,109546900
2017-04-04,48799.09,49342.80,48791.43,49342.77,188628300
2017-04-05,49339.24,49560.90,49118.21,49207.61,214897000
2017-04-06,49207.77,49313.73,48838.85,49012.42,132479200
2017-04-07,49012.22,49393.25,48887.08,49343.64,116844000
2017-04-10,49339.65,49590.85,49163.31,49540.26,81926600
2017-04-11,49540.76,49753.57,49102.80,49637.93,112015500
2017-04-12,49607.29,49661.08,48871.89,48955.82,126062800
2017-04-17,48969.04,49222.96,48844.01,49011.56,112262300
2017-04-18,49010.22,49012.59,48335.98,48762.53,121096300
2017-04-19,48765.55,48975.44,48727.68,48873.84,163694400
2017-04-20,48882.27,49145.91,48741.05,49144.96,166674700
2017-04-21,49131.74,49131.74,48727.74,48967.83,106781600
2017-04-24,48969.69,49504.59,48969.69,49413.26,123272600
2017-04-25,49411.34,49821.47,49411.34,49808.05,226004300
2017-04-26,49807.85,50147.04,49130.50,49565.16,246934400
2017-04-27,49552.32,49649.47,49184.12,49440.96,235220900
2017-04-28,49444.98,49478.26,49151.90,49261.33,136204200
2017-05-02,49260.12,49646.61,49220.77,49588.84,182421900
2017-05-03,49540.30,49757.96,49070.31,49099.98,146088900
2017-05-04,49098.06,49312.07,48867.37,48998.11,157693300
2017-05-05,48994.68,49485.74,48963.88,49485.67,150140300
2017-05-08,49491.42,49582.49,49346.09,49505.86,108643700
2017-05-09,49503.04,50026.56,49503.04,49939.47,163963400
2017-05-10,49941.49,50154.33,49850.10,49930.54,177816000
2017-05-11,49930.73,49937.07,49458.06,49530.53,183473200
2017-05-12,49531.87,49566.95,49228.54,49426.08,156644800
2017-05-15,49433.95,49733.50,49338.73,49678.96,161443500
2017-05-16,49680.10,49817.31,49404.63,49459.62,224573600
2017-05-17,49457.90,49460.97,48731.54,48747.95,210945200
2017-05-18,48759.26,48759.26,48146.00,48322.24,182504900
2017-05-19,48322.24,49172.65,48274.62,49067.47,201004300
2017-05-22,49056.73,49415.89,48793.24,48943.46,160767200
2017-05-23,48945.98,49119.90,48771.77,49042.52,141986200
2017-05-24,49045.14,49581.99,49045.14,49494.40,153607000
2017-05-25,49502.26,49696.99,49319.91,49410.92,132232600
2017-05-26,49411.73,49741.81,49195.27,49688.27,136585500
2017-05-29,49676.03,49701.28,49332.55,49450.48,29819000
2017-05-30,49452.20,49634.11,49089.09,49277.95,100187200
2017-05-31,49275.63,49423.41,48749.96,48788.44,326841000
2017-06-01,48795.89,49224.46,48774.91,49101.64,153846600
2017-06-02,49100.82,49323.72,48979.59,49317.38,124812800
2017-06-05,49244.27,49627.76,49120.67,49592.49,127704500
2017-06-06,49566.33,49566.33,49177.54,49218.62,136711500
2017-06-07,49194.22,49352.78,49030.24,49274.97,164520000
2017-06-08,49302.66,49327.41,49018.96,49087.46,144318700
2017-06-09,49046.86,49277.32,48993.26,49081.73,151815100
2017-06-12,49073.66,49241.30,48952.75,49128.76,133197100
2017-06-13,49183.47,49203.36,48978.17,49026.83,131764600
2017-06-14,49121.20,49378.69,49022.54,49291.03,164855600
2017-06-15,49233.21,49233.85,48861.25,49139.70,133082700
2017-06-16,49134.10,49348.77,48870.10,49221.03,593987200
2017-06-19,49231.61,49473.67,48935.15,49169.57,191879900
2017-06-20,49209.62,49226.76,48937.66,49033.05,143138700
2017-06-21,48958.71,49203.64,48895.36,48983.45,166623100
2017-06-22,48933.08,49053.00,48827.56,49017.43,103695200
2017-06-23,48938.38,49139.06,48873.85,48980.78,143601700
2017-06-26,48806.04,49267.68,48770.98,49165.67,131662800
2017-06-27,49179.01,49207.87,48944.09,49087.74,145364500
2017-06-28,49129.56,49391.38,49067.78,49340.11,137700100
2017-06-29,49380.50,49428.55,49001.78,49198.12,120393200
2017-06-30,49255.08,49901.51,49204.76,49857.49,155618300
2017-07-03,49831.53,50312.02,49790.53,50109.16,0
2017-07-04,49999.07,50236.44,49925.31,50041.58,34976100
2017-07-05,50065.52,50339.63,50022.15,50300.81,145164100
2017-07-06,50268.95,50274.91,49884.18,50015.67,172669200
2017-07-07,50042.53,50141.18,49696.97,50059.02,146952700
2017-07-10,50058.70,50661.75,49975.73,50616.81,240466000
2017-07-11,50545.51,50869.10,50344.78,50510.23,235508600
2017-07-12,50847.95,51103.85,50440.70,50809.77,305419100
2017-07-13,50820.85,51014.14,50704.20,50968.76,251189500
2017-07-14,50966.87,51298.10,50824.13,51162.23,152130500
2017-07-17,51141.63,51364.19,50950.62,51332.29,133054500
2017-07-18,51228.36,51230.70,50990.67,51099.71,151362300
2017-07-19,51172.91,51363.99,50890.25,51086.93,167862000
2017-07-20,51163.21,51264.51,51082.68,51144.14,100472900
2017-07-21,51180.04,51641.38,51165.61,51564.62,149084000
2017-07-24,51526.39,51743.62,51205.54,51665.65,125005500
2017-07-25,51590.48,51772.37,51524.23,51713.38,143946000
2017-07-26,51537.30,51765.94,51476.45,51600.26,192256600
2017-07-27,51545.92,51660.78,51172.84,51257.36,153929200
2017-07-28,51228.42,51320.51,50895.54,51213.60,165951000
2017-07-31,51219.58,51335.99,50926.13,51011.87,213736100
2017-08-01,51282.19,51432.77,51141.27,51195.01,629598700
2017-08-02,51153.86,51484.77,51105.47,51200.13,179747000
2017-08-03,51198.14,51343.28,51088.97,51293.07,175285500
2017-08-04,51240.67,51415.61,51181.71,51328.29,155322100
2017-08-07,51300.22,51572.55,51300.22,51389.27,133153500
2017-08-08,51331.79,51722.06,51305.77,51328.76,146993500
2017-08-09,51263.01,51395.04,51081.06,51237.50,125019700
2017-08-10,51235.27,51248.01,50618.23,50906.84,179396000
2017-08-11,50895.92,50912.76,50605.88,50645.10,199106900
2017-08-14,50680.43,51231.33,50680.43,51167.47,139978700
2017-08-15,51225.54,51362.08,51151.87,51339.29,134147000
2017-08-16,51331.90,51431.91,50983.44,51156.67,198658100
2017-08-17,51176.66,51203.36,50889.50,50994.18,136171100
2017-08-18,50930.50,51254.29,50836.42,51075.46,135822600
2017-08-21,51131.55,51277.68,50985.51,51241.11,109529300
2017-08-22,51194.24,51448.64,51194.24,51332.98,152329200
2017-08-23,51276.14,51332.44,51160.92,51280.17,138524100
2017-08-24,51205.24,51558.56,51205.24,51470.06,180319600
2017-08-25,51521.18,51620.84,51331.44,51373.23,128086300
2017-08-28,51429.62,51588.72,51025.20,51266.72,122653200
2017-08-29,51200.62,51345.90,51054.57,51313.66,141063100
2017-08-30,51312.90,51350.08,51003.93,51193.52,199725700
2017-08-31,51155.59,51232.49,51034.27,51210.48,224059000
2017-09-01,51271.32,51370.82,51001.30,51080.85,118139900
2017-09-04,51015.91,51041.89,50771.58,50825.77,16093200
2017-09-05,50947.67,50969.74,50257.74,50301.39,149343800
2017-09-06,50341.86,50664.66,50232.91,50515.60,177044400
2017-09-07,50533.54,50700.97,50094.95,50249.12,149093400
2017-09-08,50192.73,50308.54,49865.79,50083.80,133848000
2017-09-11,50135.92,50443.47,50133.54,50359.32,127838400
2017-09-12,50385.80,50699.50,50385.50,50480.96,140528800
2017-09-13,50519.93,50542.45,50121.64,50164.88,194843900
2017-09-14,50094.90,50225.12,50017.37,50107.86,150641300
2017-09-15,50058.62,50134.44,49779.09,49921.84,499430300
2017-09-18,49953.14,50326.56,49953.14,50258.42,144074900
2017-09-19,50327.32,50364.83,50117.71,50265.46,99938300
2017-09-20,50312.79,50430.38,50173.52,50363.95,116644300
2017-09-21,50385.34,50636.33,50156.76,50545.75,134819900
2017-09-22,50487.93,50541.50,50282.19,50313.51,93499900
2017-09-25,50302.13,50436.07,50161.29,50368.17,120287900
2017-09-26,50462.58,50472.38,50261.27,50359.47,155382100
2017-09-27,50336.32,50549.79,49778.80,50169.13,167806500
2017-09-28,50063.83,50228.13,49920.21,50137.00,155395900
2017-09-29,50064.82,50605.60,50064.82,50346.06,149603900
2017-10-02,50499.17,50629.16,50350.87,50501.16,123720100
2017-10-03,50593.54,50741.49,50453.76,50615.29,123088100
2017-10-04,50653.53,50750.30,50511.04,50565.29,114875900
2017-10-05,50631.36,50909.48,50425.09,50480.92,144114000
2017-10-06,50513.17,50616.65,50257.55,50302.96,129524300
2017-10-09,50584.27,50584.27,49980.51,50071.94,132773400
2017-10-10,50141.12,50230.44,49888.40,49982.94,175413500
2017-10-11,50011.50,50257.65,49904.88,50139.68,207912300
2017-10-12,50148.62,50306.08,49858.26,49962.79,216997100
2017-10-13,50040.40,50224.98,49914.96,49981.94,212377900
2017-10-16,50029.82,50230.04,49673.22,49721.01,198365500
2017-10-17,49760.79,50208.42,49544.89,50140.52,301873400
2017-10-18,50112.50,50135.82,49887.18,49938.98,194501600
2017-10-19,49914.15,50057.01,49760.76,50000.25,157806100
2017-10-20,50207.87,50582.62,49896.63,49988.71,233690000
2017-10-23,50033.55,50109.71,49509.56,49548.13,144763200
2017-10-24,49612.85,50194.74,49612.85,50157.22,186209300
2017-10-25,50166.47,50166.47,48804.03,48876.46,278608900
2017-10-26,49004.30,49388.76,48954.30,48986.84,229442800
2017-10-27,49011.64,49327.32,48829.74,49209.58,208165100
2017-10-30,49250.79,49252.55,48779.04,48855.27,119903600
2017-10-31,48929.26,48958.84,48579.68,48625.53,164308100
2017-11-01,48700.16,48829.83,48261.08,48334.45,193082500
2017-11-03,48334.87,48584.22,47824.97,48534.84,222776400
2017-11-06,48623.41,49061.43,48281.12,48967.01,218478100
2017-11-07,48946.13,49276.47,48879.49,49004.52,202635000
2017-11-08,49001.94,49058.84,48806.56,48835.69,119182000
2017-11-09,48731.88,48927.45,48633.77,48713.51,178080300
2017-11-10,48659.33,48717.36,47972.79,48028.30,201937200
2017-11-13,48013.10,48103.08,47662.38,48002.43,236423700
2017-11-14,47999.61,48044.60,47659.14,47873.65,157546600
2017-11-15,47853.83,47958.12,47471.13,47690.80,167190500
2017-11-16,47736.59,48025.86,47711.52,47747.69,140725300
2017-11-17,47780.36,48107.72,47597.77,47857.14,145768900
2017-11-21,47831.62,48258.83,47750.73,48185.71,189565500
2017-11-22,48263.13,48453.19,47933.19,48196.89,174291000
2017-11-23,48208.92,48246.94,48036.39,48136.24,23136100
2017-11-24,48199.82,48210.96,47662.34,47941.88,63562100
2017-11-27,47874.70,47887.12,47221.47,47275.32,166142700
2017-11-28,47312.31,47494.20,47108.77,47229.16,191636500
2017-11-29,47298.31,47681.89,46960.89,47622.93,208686500
2017-11-30,47618.33,47639.88,47003.07,47092.44,361497100
2017-12-01,47098.36,47401.51,46936.60,47265.31,181459100
2017-12-04,47289.47,47514.91,46993.75,47161.32,144122800
2017-12-05,47228.10,47525.64,47014.11,47462.79,128582500
2017-12-06,47465.41,47465.41,46933.29,46973.30,190466400
2017-12-07,47016.28,47276.87,46949.80,46987.01,194477400
2017-12-08,47012.03,47632.96,47012.03,47572.86,174013700
2017-12-11,47407.73,47843.55,47407.73,47699.04,136680600
2017-12-13,47831.58,48316.97,47826.15,48276.72,324446200
2017-12-14,48297.30,48537.02,48091.40,48222.38,291390000
2017-12-15,48244.50,48360.42,47930.81,48081.55,465940300
2017-12-18,48082.82,48733.58,48071.02,48634.54,251441800
2017-12-19,48636.52,48792.24,48368.90,48403.03,227430800
2017-12-20,48449.24,48536.73,48191.28,48390.39,181091900
2017-12-21,48418.09,48767.24,48402.32,48503.31,128519800
2017-12-22,48429.97,48590.57,48232.84,48387.93,100387900
2017-12-26,48473.31,48801.28,48198.17,48451.33,67864400
2017-12-27,48470.87,48810.87,48425.71,48652.56,66501800
2017-12-28,48659.43,48999.50,48640.11,48861.94,65258400
2017-12-29,48880.39,49388.98,48874.16,49354.42,85909000
2018-01-02,49376.26,50083.02,49328.60,50033.95,103387800
2018-01-03,50093.31,50093.31,49735.91,49782.23,140912700
2018-01-04,49800.36,50128.47,49704.25,49744.62,177259000
2018-01-05,49929.52,50079.03,49712.54,49887.74,151467900
2018-01-08,49916.57,50233.62,49891.07,49995.57,145968200
2018-01-09,50002.03,50162.75,49543.21,49701.37,203050800
2018-01-10,49666.23,49741.02,48722.27,48785.25,173520200
2018-01-11,48840.16,49026.05,48408.75,48799.39,197594600
2018-01-12,48764.91,49429.03,48521.61,49135.91,170141300
2018-01-15,49183.59,49455.31,49121.85,49387.28,26871200
2018-01-16,49292.38,49612.22,49290.12,49491.72,156009100
2018-01-17,49499.23,49804.96,49450.85,49732.30,164355000
2018-01-18,49681.18,49958.33,49620.16,49911.97,128052800
2018-01-19,49883.64,49987.73,49660.01,49695.56,165177900
2018-01-22,49711.51,50034.50,49709.20,49974.48,155881700
2018-01-23,50030.56,50306.88,49884.91,50260.25,164040100
2018-01-24,50178.18,50879.61,50145.41,50746.93,203081600
2018-01-25,50821.83,51100.03,50625.56,50777.90,211170500
2018-01-26,50772.37,51107.51,50340.13,51065.49,201663100
2018-01-29,51081.47,51121.23,50520.28,50636.32,153099700
2018-01-30,50461.54,50556.41,49928.62,50382.86,131191800
2018-01-31,50385.95,50566.66,50127.01,50456.17,193869800
2018-02-01,50425.84,50926.96,50420.76,50591.15,173045000
2018-02-02,50388.00,50513.31,49900.47,50395.83,137153500
2018-02-06,49023.33,49709.92,48681.96,49304.94,241970300
2018-02-07,49247.64,49504.98,48853.69,48976.45,185614500
2018-02-08,49054.75,49054.75,47726.13,47862.10,253048900
2018-02-09,47998.80,48139.85,46985.81,47799.09,181847500
2018-02-12,47950.63,48234.74,47504.60,47830.49,136157700
2018-02-13,47892.47,47995.86,47675.48,47926.73,132844000
2018-02-14,47871.59,48560.26,47758.96,48400.75,151998500
2018-02-15,48547.85,48984.22,48378.02,48808.39,190985100
2018-02-16,48831.25,49378.25,48621.12,48882.78,131791700
2018-02-19,48886.97,49198.14,48820.53,48928.48,16629600
2018-02-20,48913.12,48955.16,48492.19,48685.19,140908500
2018-02-21,48749.05,48930.70,48431.97,48535.59,148051100
2018-02-22,48552.29,49086.63,48538.90,48969.64,174797900
2018-02-23,49176.31,49176.31,48488.18,48643.43,118771200
2018-02-26,48662.29,48713.99,48240.32,48463.44,142142400
2018-02-27,48481.90,48532.55,47886.36,47970.19,162311300
2018-02-28,48055.39,48062.13,47231.79,47437.93,268429100
2018-03-01,47470.67,47800.56,47157.11,47599.42,180647800
2018-03-02,47513.44,47683.49,47034.82,47548.10,135948400
2018-03-05,47628.81,47827.40,47217.98,47720.91,148487500
2018-03-06,47825.47,48233.35,47617.75,47884.63,170956000
2018-03-07,47815.70,47831.92,47529.77,47662.12,167836000
2018-03-08,47710.21,48285.77,47696.32,48240.00,161788800
2018-03-09,48242.62,48809.32,48208.75,48556.45,157745200
2018-03-12,48592.85,48983.93,48521.98,48671.29,155969600
2018-03-13,48652.99,48896.67,48471.26,48557.01,181292600
2018-03-14,48572.49,48608.30,48096.81,48156.44,130466800
2018-03-15,48107.86,48508.26,47778.92,47817.05,144253200
2018-03-16,47833.39,47920.38,47365.20,47477.58,626242600
2018-03-20,47342.38,47360.51,46987.31,47076.51,204182100
2018-03-21,47078.86,47606.38,46896.78,47521.84,243628900
2018-03-22,47457.93,47566.49,47152.46,47361.04,174611400
2018-03-23,47510.59,47638.50,46450.68,46515.93,219398300
2018-03-26,46621.05,46938.93,45895.10,46858.46,147884800
2018-03-27,46876.47,47045.19,46727.22,46793.58,136838600
2018-03-28,46860.84,46876.61,46041.39,46124.85,222370200
2018-04-02,46124.85,46589.63,45785.41,45826.64,123635900
2018-04-03,45940.64,46753.39,45868.04,46684.06,179119300
2018-04-04,46541.10,47521.73,46320.05,47457.46,204725400
2018-04-05,47438.26,48172.94,47418.45,47951.75,171675100
2018-04-06,47863.60,48091.20,47655.43,47926.11,141523700
2018-04-09,48008.90,48307.36,48000.92,48058.96,163936300
2018-04-10,48099.88,48490.79,48099.33,48331.51,197041800
2018-04-11,48253.84,48571.41,48186.52,48532.14,158662900
2018-04-12,48550.01,48828.05,48335.53,48782.56,153658600
2018-04-13,48817.17,48828.90,48560.26,48768.30,135504800
2018-04-16,48750.49,48840.35,48378.35,48434.39,135388400
2018-04-17,48420.51,48965.94,48340.04,48933.61,191182900
2018-04-18,49032.92,49187.56,48964.33,49090.74,185636800
2018-04-19,48881.68,49193.05,48574.25,48745.28,186815800
2018-04-20,48815.33,48958.39,48209.54,48431.58,145440100
2018-04-23,48366.08,48995.80,48350.40,48442.22,154739600
2018-04-24,48458.52,48597.31,47915.94,48046.80,138630000
2018-04-25,48028.86,48252.92,47884.64,48058.21,148755800
2018-04-26,48012.68,48407.82,47907.55,48297.71,199167500
2018-04-27,48222.04,48466.01,48140.56,48284.61,181149200
2018-04-30,48275.64,48504.44,48236.65,48358.16,158828400
2018-05-02,48318.03,48496.09,47781.04,47809.98,224921700
2018-05-03,47833.24,47833.24,47030.86,47094.13,227437900
2018-05-04,47090.76,47164.87,46741.72,46992.17,143106300
2018-05-07,47013.55,47078.93,46424.26,46474.70,130076500
2018-05-08,46458.00,46747.82,46311.49,46719.51,151576700
2018-05-09,46747.83,46815.26,46162.23,46294.43,149268500
2018-05-10,46280.05,46931.49,46280.05,46551.55,162391500
2018-05-11,46634.70,46876.96,46255.19,46728.92,112927100
2018-05-14,46724.69,46842.52,46488.72,46519.29,147800800
2018-05-15,46463.86,46537.52,45959.12,46258.96,209492200
2018-05-16,46267.02,46507.21,46197.32,46419.77,130694200
2018-05-17,46422.35,46433.14,45746.90,45787.90,141663500
2018-05-18,45731.63,45810.88,45364.91,45666.77,261968200
2018-05-21,45707.31,45999.59,45289.41,45305.02,139278500
2018-05-22,45384.84,45640.29,45104.81,45600.87,145395600
2018-05-23,45530.27,45985.83,45226.57,45776.69,137643600
2018-05-24,45743.15,45799.05,45363.98,45433.09,113011500
2018-05-25,45503.46,45775.08,45055.92,45091.99,154111900
2018-05-28,45071.15,45322.49,44795.36,44851.05,33191800
2018-05-29,44866.20,45157.15,44582.94,44647.37,169415800
2018-05-30,44635.28,44956.38,44436.14,44715.88,195730500
2018-05-31,44666.91,44843.41,44429.36,44662.55,696609200
2018-06-01,44692.79,45155.62,44531.80,45013.12,115933300
2018-06-04,45024.96,45344.16,45016.32,45243.98,136759300
2018-06-05,45206.78,45555.52,45073.71,45130.70,174165900
2018-06-06,45192.49,45295.98,45115.54,45181.82,132366900
2018-06-07,45095.45,45508.44,44977.83,45476.57,155293500
2018-06-08,45479.95,45990.15,45281.08,45939.54,110956600
2018-06-11,45903.89,46402.41,45888.24,46301.14,159921600
2018-06-12,46385.89,46838.25,46274.20,46660.75,157456500
2018-06-13,46579.73,47170.58,46579.73,46760.58,185514000
2018-06-14,46620.45,47282.85,46601.35,47197.24,195121600
2018-06-15,47139.27,47202.36,46584.45,46938.82,611452000
2018-06-18,46917.48,46917.48,46267.75,46660.87,123654900
2018-06-19,46389.41,46601.46,46238.77,46488.38,149355700
2018-06-20,46518.29,46883.85,46515.87,46759.41,164021300
2018-06-21,46627.76,46753.19,46419.39,46456.91,157877500
2018-06-22,46472.63,46777.66,46285.04,46737.64,126571900
2018-06-25,46832.59,47059.92,46501.24,46747.85,143640500
2018-06-26,46818.90,46961.47,46569.01,46908.94,145397600
2018-06-27,46874.35,47026.36,46690.39,46874.43,155250800
2018-06-28,46849.80,47250.55,46649.93,47031.27,164828300
2018-06-29,47025.70,47705.57,47021.71,47663.20,186005000
2018-07-02,47684.43,47695.64,46566.29,46653.52,130376900
2018-07-03,46732.81,47248.73,46652.82,47053.89,123660200
2018-07-04,46904.84,47384.71,46877.33,47318.52,27786300
2018-07-05,47319.71,48617.25,47008.00,48562.65,195996000
2018-07-06,48539.57,49277.79,48398.06,48981.41,186006200
2018-07-09,49036.57,49477.31,48848.97,49235.81,110589400
2018-07-10,49277.01,49427.53,48747.33,48990.92,199193400
2018-07-11,48890.49,49058.25,48689.11,49025.15,153113200
2018-07-12,49081.38,49081.38,48663.63,48696.30,167303600
2018-07-13,48692.86,48700.77,48327.32,48406.01,157090100
2018-07-16,48187.58,48555.26,48052.88,48454.21,104742500
2018-07-17,48459.24,48744.67,48264.85,48704.63,136881700
2018-07-18,48710.90,49119.67,48659.79,49002.77,119118000
2018-07-19,48893.12,49028.49,48607.54,48747.79,125988900
2018-07-20,48826.10,48945.99,48397.25,48908.24,133637800
2018-07-23,48909.49,49023.71,48691.25,48850.93,93642900
2018-07-24,48905.01,49576.88,48896.53,49462.77,160356400
2018-07-25,49621.81,49993.69,49305.25,49603.65,152352300
2018-07-26,49637.30,50037.44,49322.87,49438.24,209954900
2018-07-27,49475.57,49825.37,49281.83,49643.94,145631700
2018-07-30,49635.85,49954.86,49542.91,49705.28,141630900
2018-07-31,49732.24,50080.80,49582.46,49698.01,162236700
2018-08-01,49742.06,49786.72,49394.66,49449.44,118712500
2018-08-02,49364.14,49364.14,48880.21,49056.04,116198200
2018-08-03,49237.27,49439.71,49183.74,49302.57,139429600
2018-08-06,49373.65,49403.59,49072.43,49320.21,75684900
2018-08-07,49411.38,50071.99,49411.38,49963.87,167824600
2018-08-08,49979.45,49987.17,49670.49,49894.56,107393100
2018-08-09,49931.52,49957.00,49218.85,49244.40,126922900
2018-08-10,49193.35,49240.19,48109.04,48383.59,178191700
2018-08-13,48383.73,48902.13,48365.05,48767.02,96122300
2018-08-14,48815.71,49267.67,48789.86,49096.13,131514600
2018-08-15,49033.17,49054.24,48468.53,48556.69,112472600
2018-08-16,48666.80,48681.69,47970.07,48059.06,142089600
2018-08-17,48065.22,48308.98,47879.08,48264.63,128370700
2018-08-20,48277.94,48875.40,48245.84,48785.48,77718200
2018-08-21,48791.84,49430.03,48731.38,49344.05,138129900
2018-08-22,49282.86,49910.87,49142.54,49880.34,146164100
2018-08-23,49895.31,50093.36,49636.91,49749.56,101141300
2018-08-24,49719.88,50088.67,49519.97,49633.77,59196300
2018-08-27,49789.19,50485.51,49789.19,50416.27,114161400
2018-08-28,50518.28,50603.39,49810.00,50023.98,134515200
2018-08-29,50048.84,50238.09,49927.90,50187.48,119419000
2018-08-30,50178.57,50199.30,49280.91,49653.14,112498700
2018-08-31,49540.09,49900.15,49297.56,49547.68,161152700
2018-09-03,49574.12,49727.21,49421.06,49488.48,14746800
2018-09-04,49491.41,49541.30,48805.16,48884.17,129616800
2018-09-05,48757.87,48944.65,48478.30,48595.37,138797600
2018-09-06,48631.30,48904.71,48553.06,48711.85,113931800
2018-09-07,48602.27,48999.97,48198.74,48971.14,112060300
2018-09-10,49027.40,49044.81,48571.70,48848.74,79593200
2018-09-11,48739.76,48918.31,48483.67,48895.80,114311200
2018-09-12,48886.88,49347.36,48687.80,49254.98,165457100
2018-09-13,49219.45,49761.89,49133.37,49693.21,187567300
2018-09-14,49460.31,49841.57,49342.47,49611.93,136086200
2018-09-17,49553.88,49810.05,49373.54,49398.57,75804000
2018-09-18,49412.00,49843.59,49395.51,49661.83,104226700
2018-09-19,49623.98,49887.79,49536.32,49590.79,129421200
2018-09-20,49590.98,49812.14,49315.39,49510.78,94879400
2018-09-21,49483.04,49732.35,49296.57,49344.29,543954900
2018-09-24,49304.88,49486.72,49032.77,49417.22,93047500
2018-09-25,49447.98,49721.20,49447.98,49651.55,88477300
2018-09-26,49675.71,49944.29,49555.13,49606.07,97265900
2018-09-27,49641.67,49964.97,49492.69,49646.91,105511000
2018-09-28,49542.51,49644.24,49347.52,49504.16,133890700
2018-10-01,49547.85,50041.60,49547.85,49841.47,92809700
2018-10-02,49821.57,49924.62,49290.42,49376.50,95809500
2018-10-03,49442.99,49487.54,48926.41,49005.35,172821200
2018-10-04,49001.40,49001.40,48461.22,48683.26,139178200
2018-10-05,48717.80,48735.11,48004.92,48052.85,128342300
2018-10-08,48018.35,48183.28,47869.24,48093.10,145536700
2018-10-09,48040.88,48552.08,47673.38,48505.22,115835800
2018-10-10,48506.96,48525.11,48025.27,48136.18,147682600
2018-10-11,48123.59,48205.01,47478.59,47558.23,183060400
2018-10-12,47656.86,48078.44,47071.24,47444.05,151846700
2018-10-15,47447.60,47963.49,47204.89,47739.09,107365800
2018-10-16,47830.81,48299.23,47794.31,48191.57,120949800
2018-10-17,48221.01,48221.01,47778.83,47887.95,130687000
2018-10-18,47823.34,48026.19,46929.42,47024.46,158751900
2018-10-19,47151.30,47568.88,47103.46,47437.45,174772800
2018-10-22,47485.74,47672.92,46657.82,46962.74,126751100
2018-10-23,46771.46,46843.83,46279.39,46449.03,159801500
2018-10-24,46537.18,46640.17,45898.38,45959.04,177518200
2018-10-25,46102.15,46626.08,46019.26,46275.71,160539500
2018-10-26,46107.97,46118.46,45677.27,45803.33,210198000
2018-10-29,45763.09,45823.45,43779.50,43879.13,283226200
2018-10-30,43849.52,43932.88,43407.49,43538.12,265281800
2018-10-31,43626.60,44300.66,43604.78,43942.55,350723200
2018-11-01,43993.35,45585.01,43964.83,45446.83,251785000
2018-11-05,45449.05,46865.74,45432.99,46817.36,263564600
2018-11-06,46797.87,46975.18,46120.49,46328.35,198618300
2018-11-07,46423.80,46957.61,46423.80,46917.40,207466200
2018-11-08,46808.52,46815.62,44019.79,44190.25,266730400
2018-11-09,44277.30,44539.87,42816.75,44263.74,293645100
2018-11-12,44098.93,44253.11,43172.16,43310.01,175353100
2018-11-13,43212.70,43308.77,42396.62,42421.33,210180300
2018-11-14,42474.82,43220.58,42141.94,42343.96,243201200
2018-11-15,42323.82,42457.68,41284.04,41450.65,163402200
2018-11-16,41368.59,42460.86,41368.59,42319.27,220705500
2018-11-20,41885.62,42505.14,41705.72,41797.37,196342700
2018-11-21,41893.44,42216.04,41456.66,41499.93,199105900
2018-11-22,41520.25,41542.72,41055.81,41271.12,61405500
2018-11-23,41342.37,41557.21,41084.44,41144.33,101392600
2018-11-26,41275.82,41463.35,39271.56,39427.28,278486700
2018-11-27,39557.90,40150.00,39470.00,39807.28,230570200
2018-11-28,39939.80,41040.59,39901.73,40989.48,296334900
2018-11-29,41038.85,41973.80,40985.26,41913.45,236661100
2018-11-30,41976.34,41984.58,41416.15,41732.78,407747600
2018-12-03,41976.61,42947.20,41844.06,42081.78,241424900
2018-12-04,42127.34,42267.66,41713.29,41865.07,245386100
2018-12-05,41929.94,41992.36,41748.42,41895.27,55449000
2018-12-06,41641.24,42035.99,41175.96,41987.00,210015100
2018-12-07,42031.54,42315.84,41781.60,41870.13,145493500
2018-12-10,41892.68,41934.54,41194.58,41356.04,161393200
2018-12-11,41512.11,41665.18,40799.32,40897.85,163015000
2018-12-13,41118.63,41841.65,41118.63,41512.51,207793600
2018-12-14,41539.55,41744.74,41243.79,41312.17,136776200
2018-12-17,41307.52,41596.05,40278.16,40340.51,136795100
2018-12-18,40480.75,41148.40,40419.20,40917.57,185471300
2018-12-19,40950.32,42032.26,40950.32,41388.28,222583500
2018-12-20,41562.24,41751.90,41309.40,41683.27,161386700
2018-12-21,41676.14,41799.39,41135.14,41468.56,432960100
2018-12-24,41421.56,41698.25,41182.61,41380.11,33657800
2018-12-26,41364.16,41702.86,41177.80,41573.61,79376300
2018-12-27,41444.24,41584.64,40978.92,41417.85,91005300
2018-12-28,41422.48,41621.38,41216.03,41459.15,68151300
2018-12-31,41461.69,41723.69,41421.07,41640.27,65622100
2019-01-02,41550.75,42328.55,41436.49,42271.14,68115200
2019-01-03,42172.26,42292.39,41699.78,42044.32,113098700
2019-01-04,42024.77,42661.84,42024.77,42455.13,110987200
2019-01-07,42489.05,42896.11,42313.06,42834.20,142739600
2019-01-08,43264.19,43582.19,43024.52,43542.87,174362500
2019-01-09,43563.72,44046.77,43552.61,43648.07,222062800
2019-01-10,43669.03,43792.18,43481.84,43668.95,189110700
2019-01-11,43707.27,43761.19,43372.60,43556.11,157125500
2019-01-14,43548.56,43681.33,43171.02,43397.98,118296200
2019-01-15,43387.75,43747.99,43387.75,43603.62,180731700
2019-01-16,43640.61,43984.60,43602.94,43819.53,181390300
2019-01-17,43845.46,44070.84,43843.07,43932.08,222954400
2019-01-18,44024.91,44507.40,43995.48,44241.54,191426300
2019-01-21,44273.36,44541.41,43797.10,44028.96,51613300
2019-01-22,44066.30,44073.24,43602.83,43768.08,180533500
2019-01-23,43831.79,44104.57,43382.35,43679.67,226028900
2019-01-24,43738.64,43856.29,43420.38,43566.11,167624100
2019-01-25,43603.12,44051.76,43436.95,43638.62,165295800
2019-01-28,43590.30,43959.87,43468.17,43626.15,213910000
2019-01-29,43671.47,43902.08,43607.14,43700.10,216394800
2019-01-30,43734.33,43915.15,43084.45,43631.36,175070700
2019-01-31,43668.54,44190.28,43600.01,43987.94,184179100
2019-02-01,44095.44,44226.17,43679.30,43738.27,145312800
2019-02-05,43898.11,44491.75,43830.47,44337.10,143140100
2019-02-06,44391.71,44495.02,43808.83,43855.79,184307300
2019-02-07,43808.78,44090.49,43586.87,43624.55,156102100
2019-02-08,43576.70,43620.29,43116.56,43180.45,111612400
2019-02-11,43126.04,43471.87,43108.50,43285.17,100496900
2019-02-12,43328.48,43616.03,42970.12,43113.79,169619700
2019-02-13,43138.51,43194.25,42202.96,42284.06,195295700
2019-02-14,42364.99,42780.89,42066.08,42725.22,184916300
2019-02-15,42810.13,43035.53,42677.39,42988.72,132320000
2019-02-18,43022.66,43119.57,42856.23,42981.31,24585100
2019-02-19,43003.41,43320.52,42803.88,42949.50,129307600
2019-02-20,42997.04,43345.86,42997.04,43178.00,170892600
2019-02-21,43161.04,43633.48,43003.39,43577.64,152692500
2019-02-22,43583.28,44001.22,43571.77,43738.66,137297100
2019-02-25,43805.27,44070.13,43634.64,43664.33,152162100
2019-02-26,43647.42,43724.34,43445.91,43623.33,175194100
2019-02-27,43662.12,43662.12,43184.86,43311.18,157917600
2019-02-28,43267.74,43355.39,42550.09,42823.81,294808900
2019-03-01,42947.71,43021.91,42291.94,42619.23,125346700
2019-03-04,42598.19,42648.70,42197.87,42418.49,110675000
2019-03-05,42367.92,42425.09,42099.86,42128.91,126793500
2019-03-06,42134.46,42419.23,41859.22,41908.15,146751000
2019-03-07,41911.53,42008.47,41523.92,41641.84,143660500
2019-03-08,41583.93,41674.73,41140.32,41586.70,140494000
2019-03-11,41631.19,41985.09,41490.62,41876.17,101281000
2019-03-12,41878.37,42174.26,41558.16,41740.62,128527300
2019-03-13,41836.31,42026.64,41795.01,41932.56,150059300
2019-03-14,41935.91,41982.02,41469.92,41777.81,133351200
2019-03-15,41810.09,42309.97,41798.95,42210.46,571444500
2019-03-19,42431.76,42745.49,42217.09,42378.61,208786400
2019-03-20,42389.60,43250.61,42231.19,43156.21,214931900
2019-03-21,43121.90,43362.91,42851.91,43251.19,150021700
2019-03-22,43052.28,43076.12,42132.30,42259.12,148439300
2019-03-25,42292.69,42757.79,42276.04,42703.38,142967200
2019-03-26,42695.75,43013.82,42679.42,42826.16,147062600
2019-03-27,42893.38,43116.50,42809.77,42947.55,166516700
2019-03-28,42982.98,43069.93,42539.44,42942.23,155395000
2019-03-29,43046.92,43316.67,42960.15,43281.28,201679200
2019-04-01,43302.45,43838.19,43302.45,43672.06,130210300
2019-04-02,43672.06,43672.06,43168.06,43324.59,115672300
2019-04-03,43391.93,43658.96,43298.20,43339.75,139044600
2019-04-04,43341.19,43990.18,43252.28,43937.39,130329800
2019-04-05,44007.73,45023.54,44007.73,44989.86,217740400
2019-04-08,44970.18,45513.90,44725.22,45436.28,162478900
2019-04-09,45346.83,45346.83,44854.53,45151.63,191575000
2019-04-10,45204.75,45219.41,44850.11,44909.14,145314900
2019-04-11,44872.53,44966.50,44373.49,44580.06,109090000
2019-04-12,44767.67,44888.70,44534.38,44686.06,143662400
2019-04-15,44649.74,44900.93,44347.53,44625.78,108627100
2019-04-16,44665.29,45061.79,44644.06,45009.36,136771900
2019-04-17,45038.35,45599.57,44922.60,45525.29,110086300
2019-04-22,45507.78,45590.44,45321.22,45381.22,86717900
2019-04-23,45355.93,45424.42,44948.69,45148.32,132582400
2019-04-24,45112.13,45186.27,44666.25,45045.33,131485100
2019-04-25,45005.04,45064.93,44712.30,45026.68,125639200
2019-04-26,45074.70,45208.37,44769.35,44974.97,109775400
2019-04-29,44987.05,45211.15,44686.53,44956.73,99063800
2019-04-30,44900.02,44904.05,44338.52,44597.32,182198500
2019-05-02,44513.05,44577.00,44236.36,44312.43,152299700
2019-05-03,44207.36,44517.61,44187.47,44277.24,131697100
2019-05-06,44083.67,44175.94,43733.51,44116.70,112770300
2019-05-07,44041.78,44047.71,43408.97,43583.60,124978400
2019-05-08,43550.73,43629.98,43265.59,43410.74,137524600
2019-05-09,43249.81,43292.32,42634.85,43193.36,213444900
2019-05-10,43082.88,43496.53,42591.93,43382.35,176698300
2019-05-13,43172.29,43210.14,42524.21,43142.46,158579700
2019-05-14,43115.83,43555.61,43065.06,43431.53,178927100
2019-05-15,43235.36,43389.54,42976.45,43338.82,168554600
2019-05-16,43357.08,43696.33,43259.37,43442.49,224795700
2019-05-17,43355.29,43612.89,43289.29,43445.62,145460800
2019-05-20,43513.64,43802.25,43240.01,43519.22,128816700
2019-05-21,43559.13,43657.82,42951.12,43190.10,158536500
2019-05-22,43145.11,43151.24,42716.51,42942.23,112411600
2019-05-23,42834.26,42863.41,42505.33,42812.57,130074300
2019-05-24,42878.93,42957.68,42299.23,42617.60,109779100
2019-05-27,42605.79,42613.87,42454.19,42491.43,55464400
2019-05-28,42497.48,42601.99,42103.10,42207.71,517663300
2019-05-29,42108.98,42889.56,42050.42,42854.75,160494600
2019-05-30,42861.40,43464.24,42818.18,43345.82,147956400
2019-05-31,42693.11,42867.10,42304.93,42749.16,237096200
2019-06-03,42857.79,43319.16,42748.74,43108.42,206974600
2019-06-04,43220.28,43583.99,43058.00,43241.82,148735300
2019-06-05,43171.73,43466.29,43011.47,43420.38,130411000
2019-06-06,43417.96,43485.11,42850.11,43147.83,118390100
2019-06-07,43174.93,43496.70,43080.28,43291.33,78236900
2019-06-10,43431.89,43892.48,43337.82,43609.17,179083300
2019-06-11,43758.87,43884.03,43569.84,43713.66,146543700
2019-06-12,43770.90,43958.40,43593.25,43800.16,150009000
2019-06-13,43772.05,43848.39,43326.58,43483.20,149333100
2019-06-14,43496.78,43503.16,42971.76,43130.65,92577500
2019-06-17,43088.23,43529.87,42908.79,42964.71,95463400
2019-06-18,42990.86,43495.54,42987.47,43161.05,122872600
2019-06-19,43215.54,43479.26,43208.17,43375.67,100286700
2019-06-20,43552.48,43920.79,43470.19,43645.11,127724600
2019-06-21,43623.29,43828.07,43347.66,43526.73,476630200
2019-06-24,43568.22,43790.28,43546.65,43743.72,98815300
2019-06-25,43637.45,43926.43,43623.02,43792.17,142482300
2019-06-26,43813.38,43899.23,43682.22,43792.08,103345700
2019-06-27,43872.27,43872.27,43278.56,43316.56,118861200
2019-06-28,43371.00,43416.60,43009.85,43161.17,154407100
2019-07-01,43218.10,43557.28,43019.73,43438.24,104560400
2019-07-02,43503.00,43713.43,43361.96,43441.80,102358600
2019-07-03,43501.29,43567.87,43305.23,43483.23,74914400
2019-07-04,43487.35,43551.98,43412.48,43461.48,19660500
2019-07-05,43453.63,43521.08,43137.96,43405.32,66632400
2019-07-08,43494.40,43763.99,43324.01,43589.08,87785200
2019-07-09,43508.14,43628.93,42730.84,42818.66,134545100
2019-07-10,42977.43,43193.20,42668.93,42805.61,168529100
2019-07-11,42816.51,43017.17,42617.49,42882.02,109282800
2019-07-12,42870.17,42872.35,42452.95,42647.31,103417900
2019-07-15,42698.09,43144.73,42526.92,43063.95,93360700
2019-07-16,43078.52,43167.08,42700.97,42984.97,96273000
2019-07-17,43070.43,43093.59,42496.06,42551.54,157485100
2019-07-18,42534.85,42541.54,41429.12,41618.11,174501700
2019-07-19,41684.33,41960.55,41558.42,41606.54,135676500
2019-07-22,41722.21,41768.54,41165.00,41209.32,96897500
2019-07-23,41210.01,41325.69,40727.00,40935.34,199768300
2019-07-24,40957.97,41302.87,40917.94,41167.74,143648100
2019-07-25,41126.83,41163.73,40785.92,40933.43,157339600
2019-07-26,40932.41,41150.34,40625.56,40673.78,140916800
2019-07-29,40644.99,41394.44,40644.99,41276.67,121563600
2019-07-30,41238.10,41248.56,40862.93,41159.27,103670700
2019-07-31,41085.86,41098.25,40540.97,40863.09,224795200
2019-08-01,40816.98,40978.66,40302.91,40346.80,175951000
2019-08-02,40199.34,40199.34,39630.66,39977.52,175313900
2019-08-05,39807.02,39820.62,39279.52,39496.36,211684500
2019-08-06,39538.47,39974.92,39525.44,39785.63,194936300
2019-08-07,39578.03,40471.74,39479.47,40432.36,208346600
2019-08-08,40496.07,40699.85,40390.04,40439.42,168753700
2019-08-09,40463.75,40501.70,40110.92,40421.28,117642000
2019-08-12,40311.12,40347.38,39810.14,39851.21,138796900
2019-08-13,39786.27,40010.87,39430.80,39476.50,162811500
2019-08-14,39345.57,39351.24,38562.13,38650.09,295728800
2019-08-15,38622.44,38858.29,38265.51,38574.18,172249400
2019-08-16,38636.22,39374.71,38611.06,39339.55,245976900
2019-08-19,39396.50,39830.30,39352.39,39556.32,203666400
2019-08-20,39551.57,39842.95,39435.67,39700.05,203216500
2019-08-21,39780.30,40122.45,39697.10,40076.04,269006000
2019-08-22,40072.37,40378.73,40023.68,40144.24,180439600
2019-08-23,40000.89,40226.65,39782.73,39862.07,146431200
2019-08-26,39915.57,40144.82,39887.62,40081.72,134615300
2019-08-27,40105.19,40721.36,40105.19,40648.97,561318900
2019-08-28,40654.39,41065.42,40580.96,40941.96,168519400
2019-08-29,41030.13,42005.34,41030.13,41831.30,221653700
2019-08-30,42000.89,42680.23,41898.67,42622.50,334492800
2019-09-02,42621.87,42621.87,41988.01,42108.23,43877100
2019-09-03,42222.28,42237.40,41724.23,41826.55,227203800
2019-09-04,41934.43,42359.89,41901.98,42324.47,330571700
2019-09-05,42495.98,42768.62,42475.50,42731.48,156447400
2019-09-06,42873.60,43037.26,42615.31,42707.66,122346300
2019-09-09,42808.23,43231.52,42555.82,42662.47,105424500
2019-09-10,42607.99,42860.29,42402.65,42588.10,151218400
2019-09-11,42607.67,42809.05,42483.10,42749.17,134325300
2019-09-12,42798.13,43030.27,42589.13,42670.41,138966200
2019-09-13,42716.87,42995.33,42675.88,42841.46,106896800
2019-09-17,42823.51,43486.62,42743.26,43448.94,213641200
2019-09-18,43396.19,43456.86,42902.37,43070.34,148961100
2019-09-19,43102.81,43139.03,42937.06,43017.46,113237000
2019-09-20,43084.34,43665.94,43014.52,43559.45,836150600
2019-09-23,43436.22,43531.72,43401.57,43507.95,103045100
2019-09-24,43497.67,43560.05,43051.22,43099.33,142811800
2019-09-25,43099.01,43099.01,42563.07,43014.08,184974700
2019-09-26,43051.01,43220.84,42835.32,42984.75,147086300
2019-09-27,43042.45,43042.45,42750.16,42857.58,103303400
2019-09-30,42782.07,43230.65,42776.42,43011.27,185049400
2019-10-01,43006.12,43110.30,42863.49,42937.16,117491300
2019-10-02,42787.54,42804.46,42128.97,42222.90,123038000
2019-10-03,42202.66,42504.09,42107.01,42443.31,96559200
2019-10-04,42457.55,43448.64,42426.83,43416.90,125587800
2019-10-07,43402.16,43403.94,42903.38,42952.29,101995800
2019-10-08,42914.80,42940.68,42489.40,42535.14,156602300
2019-10-09,42591.98,42807.21,42445.94,42501.92,136161300
2019-10-10,42544.16,43010.22,42480.10,42929.76,222833900
2019-10-11,43073.90,43496.47,43038.53,43214.60,141784500
2019-10-14,43110.56,43389.27,43110.56,43299.53,95999200
2019-10-15,43335.01,43462.03,43214.16,43244.63,148645300
2019-10-16,43312.19,43563.96,43203.76,43538.49,188703900
2019-10-17,43574.15,43687.45,43292.75,43479.98,169230700
2019-10-18,43189.45,43559.61,43094.03,43178.63,206626300
2019-10-21,43239.19,43456.49,43203.04,43405.43,123775600
2019-10-22,43435.19,43624.23,43249.45,43363.54,176146000
2019-10-23,43388.03,43575.29,43279.69,43546.48,139689000
2019-10-24,43552.59,43816.47,43424.68,43776.60,205826300
2019-10-25,43786.75,43833.39,43359.53,43389.16,156139100
2019-10-28,43382.94,43804.02,43371.40,43765.49,148316000
2019-10-29,43709.20,43979.29,43649.58,43851.06,159045400
2019-10-30,43907.27,43913.39,43638.29,43741.62,151170600
2019-10-31,43753.02,43768.75,43304.86,43337.28,197290500
2019-11-01,43337.12,43850.39,43325.95,43814.55,138787800
2019-11-04,43814.55,44233.03,43786.86,43815.76,134995900
2019-11-05,43824.69,43844.59,43401.30,43611.84,204832200
2019-11-06,43650.89,43849.22,43332.18,43818.51,121802200
2019-11-07,43846.62,44261.34,43797.50,44119.90,160371000
2019-11-08,44027.10,44128.13,43632.82,43702.23,78350900
2019-11-11,43538.09,43699.98,43513.15,43595.60,97112500
2019-11-12,43537.41,43564.29,43038.12,43100.77,152670200
2019-11-13,43037.31,43182.74,43028.64,43098.66,110378400
2019-11-14,43128.77,43284.92,43021.30,43188.69,117855500
2019-11-15,43219.58,43434.24,43195.83,43392.36,95431600
2019-11-19,43367.08,43662.79,43367.08,43602.25,172645900
2019-11-20,43623.10,43814.50,43421.16,43604.70,109208100
2019-11-21,43633.84,43633.84,43101.90,43255.43,120388800
2019-11-22,43249.80,43557.64,43249.80,43521.86,105097300
2019-11-25,43483.33,43727.97,43467.42,43535.11,113976800
2019-11-26,43465.95,43466.35,42785.09,42852.36,602710500
2019-11-27,42924.85,43065.63,42849.63,43036.16,109035600
2019-11-28,43062.81,43171.89,42921.33,43100.12,14564700
2019-11-29,43122.19,43122.66,42755.99,42820.18,84595100
2019-12-02,42863.35,42903.78,42508.10,42544.14,140656700
2019-12-03,42417.57,42508.67,42255.72,42294.52,107724200
2019-12-04,42354.90,42496.33,42159.29,42191.92,131988300
2019-12-05,42216.30,42513.25,42171.99,42216.03,118806100
2019-12-06,42307.99,42343.80,41894.75,41938.69,119341700
2019-12-09,41938.69,42370.15,41924.21,41951.59,90508700
2019-12-10,42037.54,42649.63,41986.28,42633.43,124122600
2019-12-11,42639.59,43237.25,42592.02,43195.19,160648600
2019-12-13,43415.22,44401.01,43415.22,44254.43,163260800
2019-12-16,44343.18,44495.49,44136.64,44356.22,117209400
2019-12-17,44400.58,44434.19,44118.06,44401.16,194926900
2019-12-18,44384.05,45160.10,44366.36,45106.29,279772100
2019-12-19,45189.12,45189.83,44615.43,44649.43,130327800
2019-12-20,44694.45,44804.44,44424.46,44505.64,473714200
2019-12-23,44571.26,44590.93,44189.24,44276.85,92129000
2019-12-24,44275.79,44298.94,44108.45,44157.97,13691800
2019-12-26,44149.97,44360.62,44057.49,44300.17,32194100
2019-12-27,44312.57,44510.78,44156.86,44261.51,59475000
2019-12-30,44318.90,44347.74,43451.49,43657.48,81802900
2019-12-31,43668.71,43705.36,43439.68,43541.02,46721800
2020-01-02,43739.52,44521.52,43716.49,44437.23,95180400
2020-01-03,44355.21,44742.98,44177.91,44624.85,103484500
2020-01-06,44489.97,44571.74,44287.13,44495.30,86928400
2020-01-07,44522.36,44588.27,44018.06,44157.81,137546300
2020-01-08,44160.55,44515.99,44078.41,44470.91,144629400
2020-01-09,44452.74,44621.58,44378.78,44572.17,173852300
2020-01-10,44593.89,44909.44,44529.51,44660.33,135840900
2020-01-13,44720.35,44944.25,44584.66,44847.47,149580500
2020-01-14,44804.55,44818.93,44379.38,44773.24,171978900
2020-01-15,44726.72,44848.07,44412.61,44453.33,179445600
2020-01-16,44530.69,45354.53,44513.47,45303.08,190177600
2020-01-17,45311.73,45885.44,45256.31,45817.76,173859200
2020-01-20,45811.16,45955.41,45755.93,45902.68,32099800
2020-01-21,45807.23,45831.29,45380.99,45637.32,135382200
2020-01-22,45658.66,45902.26,45562.29,45604.44,158784400
2020-01-23,45502.34,45516.78,45145.98,45476.43,198093000
2020-01-24,45493.97,45528.68,45091.65,45141.62,142721200
2020-01-27,44802.73,44807.83,44039.11,44134.39,126493100
2020-01-28,44206.68,44811.52,44206.68,44717.94,126852800
2020-01-29,44858.38,45198.71,44683.59,45132.60,166379800
2020-01-30,45088.10,45088.10,44635.92,44862.76,160392700
2020-01-31,44759.90,44829.92,44079.39,44108.31,312755900
2020-02-04,44330.97,45136.82,44330.97,45047.07,230415400
2020-02-05,45252.61,45489.25,44686.96,44782.86,160083000
2020-02-06,44870.06,44966.37,44417.10,44493.15,140863100
2020-02-07,44407.16,44466.30,44010.71,44399.33,109892200
2020-02-10,44390.36,44421.42,43996.80,44290.53,127396100
2020-02-11,44379.18,45222.90,44307.47,45027.41,151710800
2020-02-12,45193.58,45645.93,45143.69,45338.37,271163000
2020-02-13,45338.37,45338.37,44784.21,45005.12,177633700
2020-02-14,45122.58,45150.35,44850.51,44999.68,131042300
2020-02-17,44996.42,45059.67,44873.48,45016.96,32139500
2020-02-18,44991.01,45183.58,44901.04,44974.11,133300100
2020-02-19,45046.02,45166.03,44716.31,44901.50,174543900
2020-02-20,44956.46,45050.62,44580.69,44774.54,182720500
2020-02-21,44810.63,45020.44,44600.99,44802.54,146648800
2020-02-24,43988.77,44115.83,43523.22,43818.07,163769200
2020-02-25,43939.81,43943.73,42981.84,43045.68,177163100
2020-02-26,43148.38,43376.89,42684.36,42737.28,236279700
2020-02-27,42512.40,42512.40,41522.93,41607.42,221635400
2020-02-28,41183.75,41577.55,39838.04,41324.31,380959200
2020-03-02,41391.09,42347.46,41373.87,42167.24,267176100
2020-03-03,42209.29,43113.81,42110.16,42472.25,241737100
2020-03-04,42711.71,43462.27,42711.71,43404.76,157320300
2020-03-05,43263.75,43279.57,42136.08,42344.86,142960000
2020-03-06,42134.15,42134.15,41201.67,41388.78,167489000
2020-03-09,40101.87,40265.37,38646.37,38730.56,206509000
2020-03-10,39502.23,39759.97,38883.08,39565.44,260716900
2020-03-11,39248.49,39248.49,38409.56,38678.55,246658100
2020-03-12,38371.15,38371.15,35003.49,36636.70,338781100
2020-03-13,37487.68,38258.90,37248.02,38085.05,281966000
2020-03-17,36660.13,37070.57,34775.23,36862.84,495328300
2020-03-18,36096.76,37180.56,35439.94,35532.74,293107400
2020-03-19,35566.42,35576.91,34213.28,35143.63,232076100
2020-03-20,35284.70,35456.48,33894.97,34269.51,703945600
2020-03-23,34481.30,34721.68,32646.96,32964.22,186601700
2020-03-24,33338.38,35148.09,33338.38,34371.53,246843900
2020-03-25,34547.58,36493.90,34369.48,35536.70,211798800
2020-03-26,35517.91,36655.23,35493.95,35706.57,223230700
2020-03-27,34951.31,35043.40,33720.15,33799.49,270719300
2020-03-30,33978.74,34334.44,33978.74,34199.97,164060600
2020-03-31,34239.11,35208.02,34074.58,34554.53,377848300
2020-04-01,34098.86,34118.00,33443.52,33691.88,209106900
2020-04-02,33686.09,34330.38,33372.43,33590.62,186445500
2020-04-03,33708.52,33896.28,32503.25,33075.41,170642000
2020-04-06,33641.07,34750.17,33641.07,34381.56,182677600
2020-04-07,34688.32,35162.47,34361.30,34526.31,209742300
2020-04-08,34625.07,34804.15,34284.52,34567.78,173301800
2020-04-13,34694.03,34833.56,34414.69,34613.67,162653800
2020-04-14,34765.51,35227.60,34562.90,34746.39,183031600
2020-04-15,34593.58,34618.40,33805.20,33855.24,216587900
2020-04-16,33935.45,34099.10,33303.44,33759.75,251591100
2020-04-17,34190.02,34923.76,34190.02,34743.10,162231800
2020-04-20,34567.18,34594.97,34140.75,34477.06,153774600
2020-04-21,34281.14,34321.20,33826.92,33892.28,122731100
2020-04-22,34183.39,34463.13,34105.48,34223.85,200294400
2020-04-23,34308.41,34494.98,34165.32,34240.60,197079500
2020-04-24,34361.02,34773.14,34113.32,34586.82,281220800
2020-04-27,34704.84,35058.41,34488.41,34968.09,198687100
2020-04-28,35065.76,35888.47,35065.76,35830.81,344904800
2020-04-29,36095.72,36976.65,36095.72,36870.09,196287600
2020-04-30,36923.50,36923.50,36096.86,36470.11,246830000
2020-05-04,36266.73,36440.82,35645.40,36370.43,233337100
2020-05-05,36357.40,36852.59,36356.85,36616.06,148214100
2020-05-06,36672.82,37029.16,36532.26,36986.20,150916000
2020-05-07,37136.92,37321.30,36662.82,36792.41,142846100
2020-05-08,36867.26,37846.27,36865.57,37623.68,152768500
2020-05-11,37614.80,37819.67,37235.85,37631.89,140379000
2020-05-12,37675.27,38015.94,37352.13,37462.89,161125000
2020-05-13,37403.21,37403.21,36344.92,36394.59,271439000
2020-05-14,36266.69,36310.94,35690.70,36094.14,157261400
2020-05-15,36036.22,36158.91,35652.42,35691.39,131211300
2020-05-18,35845.58,37175.97,35836.46,37112.46,179950200
2020-05-19,36935.18,36991.48,35749.67,35862.04,217403100
2020-05-20,36023.77,36115.08,35553.93,36026.98,203045100
2020-05-21,35854.83,36060.93,35454.52,35560.76,162494600
2020-05-22,35525.49,35825.21,35277.54,35784.42,119075400
2020-05-25,35813.27,36003.37,35770.14,35832.77,37538300
2020-05-26,35953.94,36576.70,35897.54,36206.86,197668600
2020-05-27,36317.54,36973.30,36241.02,36889.96,176207000
2020-05-28,36979.08,36994.16,36400.11,36508.14,173561300
2020-05-29,36471.82,36471.82,35555.75,36122.73,743778600
2020-06-01,36115.13,37131.91,35979.22,36980.85,127693300
2020-06-02,37012.64,37826.17,36906.36,37460.44,229177200
2020-06-03,37540.62,38317.90,37540.62,38290.77,286723500
2020-06-04,38247.45,38310.05,37665.64,37872.89,243657600
2020-06-05,38226.57,39164.28,38220.65,38948.08,211569100
2020-06-08,39105.39,40030.95,38997.59,39954.01,224210300
2020-06-09,39795.15,39804.16,38902.73,39185.66,218346100
2020-06-10,39167.12,39174.01,38212.30,38266.19,188244800
2020-06-11,37731.99,37803.27,36622.10,36827.36,201982200
2020-06-12,37243.83,37772.04,37084.34,37679.24,180935200
2020-06-15,37453.53,37691.06,37087.16,37416.74,158208000
2020-06-16,37924.52,38193.42,37512.91,37894.05,183397800
2020-06-17,37980.54,38134.88,37820.19,37897.24,146231900
2020-06-18,37909.37,37909.37,37536.63,37632.89,145116400
2020-06-19,37839.54,38592.25,37782.98,38404.63,926578300
2020-06-22,38372.17,38372.17,37851.19,38123.56,139646300
2020-06-23,38451.01,38643.42,38157.62,38217.68,157345400
2020-06-24,38011.67,38037.37,37738.60,37908.38,149757900
2020-06-25,37857.73,37917.12,37651.90,37734.52,100428600
2020-06-26,37794.67,37794.67,37273.51,37431.95,111590600
2020-06-29,37629.80,37824.88,37446.52,37769.19,102336800
2020-06-30,37707.72,37874.47,37425.84,37716.43,187916800
2020-07-01,37636.23,37935.14,37532.28,37619.77,168620900
2020-07-02,37883.97,38416.96,37741.50,37894.08,163134900
2020-07-03,37877.13,37995.54,37710.41,37950.00,19679300
2020-07-06,38088.65,38190.87,37800.59,37884.76,127711300
2020-07-07,37843.96,38042.71,37696.67,37837.39,139887800
2020-07-08,38111.15,38112.42,37292.98,37483.88,176346300
2020-07-09,37500.19,37500.19,36740.43,36795.95,133280000
2020-07-10,36777.77,36777.77,36263.97,36465.46,105150800
2020-07-13,36602.77,36939.69,36321.59,36389.39,150410600
2020-07-14,36365.77,36365.77,35883.47,36190.91,166784200
2020-07-15,36427.84,36717.53,36427.84,36590.26,194173400
2020-07-16,36517.26,36533.56,36193.72,36465.67,163886500
2020-07-17,36553.71,36589.06,36172.99,36327.84,120832100
2020-07-20,36316.60,36398.27,36195.63,36323.69,104592000
2020-07-21,36378.78,37027.67,36378.78,36881.67,159575200
2020-07-22,36872.23,37498.33,36867.29,37447.10,111884900
2020-07-23,37564.96,37625.47,37244.49,37433.30,111327700
2020-07-24,37454.02,37455.84,37045.33,37357.46,107838600
2020-07-27,37390.23,37801.41,37191.97,37742.14,160802900
2020-07-28,37685.51,37852.54,37573.58,37771.21,143410900
2020-07-29,37794.70,37807.34,37381.65,37720.84,159535500
2020-07-30,37573.48,37636.79,36975.78,37136.78,101237700
2020-07-31,37255.80,37256.77,36667.50,37019.68,274994400
2020-08-03,37359.03,37735.87,37196.79,37546.72,154914300
2020-08-04,37611.64,37746.41,37374.36,37466.95,181950200
2020-08-05,37433.47,38339.18,37433.47,37901.96,146010800
2020-08-06,37982.06,38197.65,37722.19,37998.34,122767000
2020-08-07,38031.00,38104.03,37770.90,38005.00,87930700
2020-08-10,38098.12,38432.00,38043.91,38289.76,92165000
2020-08-11,38442.43,38947.32,38400.92,38703.59,135385000
2020-08-12,38901.13,38955.34,38603.45,38634.10,99486700
2020-08-13,38660.29,38758.74,38368.56,38615.62,103940600
2020-08-14,38629.49,39047.12,38452.68,38949.88,118697000
2020-08-17,38955.68,39317.24,38848.38,39285.85,128684900
2020-08-18,39337.65,39349.38,38875.96,39087.35,179124200
2020-08-19,39078.23,39212.40,38945.86,39021.92,123913300
2020-08-20,39019.21,39019.21,38534.83,38707.24,113789400
2020-08-21,38692.80,38692.80,38053.63,38095.88,95386100
2020-08-24,38189.67,38344.09,37971.66,38029.62,111110400
2020-08-25,37883.31,38321.32,37803.46,38249.90,153501200
2020-08-26,38229.45,38231.07,37706.19,37753.04,152144900
2020-08-27,37844.04,37917.14,37453.60,37647.19,122956700
2020-08-28,37590.68,37905.43,37555.98,37794.25,95345300
2020-08-31,37773.28,37805.24,36788.67,36840.73,399817100
2020-09-01,36893.82,37532.96,36744.78,37487.99,187147300
2020-09-02,37656.04,37656.04,36973.76,37053.77,147051300
2020-09-03,36984.44,37007.75,36384.69,36429.66,157137000
2020-09-04,36366.55,36576.82,35853.58,36448.50,136693200
2020-09-07,36492.20,36725.31,36466.45,36637.45,14432100
2020-09-08,36597.53,36597.55,35748.04,36071.43,124202100
2020-09-09,36115.24,36405.38,35915.42,36157.96,138264900
2020-09-10,36173.24,36372.97,35908.99,36180.74,174185900
2020-09-11,36258.07,36390.02,36110.65,36334.89,280229300
2020-09-14,36780.44,37030.82,36595.12,36881.99,150019800
2020-09-15,36983.20,37032.33,36691.87,36729.15,184597500
2020-09-17,36628.18,36628.18,36052.39,36130.92,232987200
2020-09-18,36255.88,36275.15,35972.03,36017.35,486905600
2020-09-21,35978.36,35978.36,35354.03,35517.77,110138500
2020-09-22,35537.43,35918.02,35428.86,35853.58,126610200
2020-09-23,35981.99,36119.32,35669.50,35829.58,135746900
2020-09-24,35780.33,36425.74,35772.02,36217.49,190696500
2020-09-25,36280.01,36626.64,35910.97,36583.71,184842700
2020-09-28,36904.89,37329.58,36825.35,37231.50,204799200
2020-09-29,37268.02,37268.02,36973.20,37134.92,134150700
2020-09-30,37145.91,37688.51,37098.34,37458.69,198611000
2020-10-01,37435.73,37440.34,36582.11,36626.11,123598600
2020-10-02,36434.61,36716.17,36313.74,36642.38,115541800
2020-10-05,36728.77,36952.00,36631.62,36740.33,131829300
2020-10-06,36777.28,37103.97,36684.45,36947.87,102728300
2020-10-07,37077.64,37457.78,36993.08,37418.79,122449600
2020-10-08,37440.66,38446.44,37380.15,38404.05,175750800
2020-10-09,38369.28,38718.43,38162.07,38478.58,59366600
2020-10-12,38574.89,38670.00,38287.45,38342.09,165643500
2020-10-13,38298.84,38315.94,38087.00,38131.78,119511500
2020-10-14,38139.98,38271.52,37915.33,38025.72,175342100
2020-10-15,37893.85,38111.95,37656.48,38059.23,161152700
2020-10-16,38030.81,38292.18,37834.00,37876.49,145696100
2020-10-19,37891.93,37993.83,37557.54,37685.74,123400600
2020-10-20,37726.46,38303.19,37694.19,38201.81,169743200
2020-10-21,38366.05,38830.60,38281.81,38669.25,226033900
2020-10-22,38693.15,38755.82,38392.48,38652.19,218160200
2020-10-23,38728.77,38989.03,38559.43,38707.72,135919800
2020-10-26,38718.84,38718.84,38125.30,38245.86,88901800
2020-10-27,38208.79,38244.31,37923.63,38001.31,153207500
2020-10-28,37811.91,37871.54,36984.28,37393.71,166811700
2020-10-29,37404.69,37409.39,36706.33,36801.37,124235400
2020-10-30,36691.01,37062.77,36662.12,36987.86,266462300
2020-11-03,37123.17,37632.03,36885.81,37466.09,168988500
2020-11-04,37582.15,37920.84,37408.50,37475.76,116323000
2020-11-05,37621.78,38426.33,37503.48,38399.07,175333100
2020-11-06,38401.60,38734.66,38356.13,38530.50,160753700
2020-11-09,39085.67,40228.73,39085.67,39652.52,261910500
2020-11-10,39731.88,40499.33,39705.18,40404.58,248709500
2020-11-11,40502.16,40980.29,40502.16,40858.95,218303100
2020-11-12,40780.08,40927.69,40241.44,40335.95,133961100
2020-11-13,40464.64,40848.77,40179.48,40791.81,130010200
2020-11-17,40944.30,42027.38,40944.30,41948.79,283566600
2020-11-18,42040.81,42661.50,41744.06,42252.61,212897900
2020-11-19,42235.78,42235.78,41607.87,41868.82,199706900
2020-11-20,41934.13,42153.14,41775.99,41905.06,119931900
2020-11-23,41978.63,42391.73,41871.66,42267.20,124783600
2020-11-24,42386.60,42918.47,42347.45,42736.48,220161700
2020-11-25,42755.07,42755.07,42157.88,42200.59,165257500
2020-11-26,42121.62,42493.46,41904.33,42412.47,102061300
2020-11-27,42527.34,42546.47,41594.81,41674.30,91401900
2020-11-30,41693.81,41846.83,41439.36,41778.87,800216100
2020-12-01,41987.43,43204.10,41902.77,42895.63,224469600
2020-12-02,43010.48,43730.96,42956.73,43674.83,174294200
2020-12-03,43512.27,44013.11,43477.66,43934.21,175436600
2020-12-04,44060.31,44606.31,43586.42,43646.03,181383000
2020-12-07,43695.89,43745.18,43058.45,43255.25,138348100
2020-12-08,43221.65,43625.96,42890.95,43098.64,195805600
2020-12-09,43134.95,43160.42,42651.59,42736.96,150237200
2020-12-10,42931.81,43686.73,42853.75,43518.71,179638100
2020-12-11,43576.03,43793.17,43256.47,43612.31,184977700
2020-12-14,43735.64,43806.83,43243.52,43569.84,233288900
2020-12-15,43619.98,44020.74,43496.06,43543.35,214805000
2020-12-16,43618.35,43917.85,43583.83,43790.42,286997500
2020-12-17,43798.06,44581.23,43761.57,44326.05,313831200
2020-12-18,44428.35,44741.24,43343.92,43873.81,666074900
2020-12-21,43587.59,43660.28,43136.42,43246.24,126314800
2020-12-22,43317.30,43373.84,42576.42,42601.71,100170800
2020-12-23,42687.26,43697.38,42620.33,43597.30,119034900
2020-12-24,43628.84,43643.07,43304.27,43372.20,45207600
2020-12-28,43509.00,43958.60,43509.00,43883.41,55446300
2020-12-29,43917.19,44739.99,43870.36,44693.99,95876700
2020-12-30,44792.05,45364.57,44573.67,44693.96,82856500
2020-12-31,44642.29,44650.92,44016.59,44066.88,55365200
2021-01-04,44200.04,45299.01,44186.96,44703.00,87067500
2021-01-05,44751.77,44947.54,44485.67,44908.12,164420500
2021-01-06,45204.56,46251.05,45158.98,45587.16,240344800
2021-01-07,45877.45,46271.99,45797.30,46188.66,221127900
2021-01-08,46236.57,46925.06,46179.25,46729.30,346659500
2021-01-11,46661.83,46664.66,46038.40,46395.32,180062200
2021-01-12,46448.72,46658.55,45854.86,45951.77,201068500
2021-01-13,46048.01,46085.53,45491.76,45740.15,180414700
2021-01-14,45821.24,46251.39,45609.34,46070.91,194114500
2021-01-15,46093.99,46093.99,45686.25,45892.28,153123700
2021-01-18,45878.38,46532.16,45878.36,46458.02,49419000
2021-01-19,46581.96,46599.62,45415.33,45495.41,211311800
2021-01-20,45726.99,45726.99,44875.26,45125.71,222455000
2021-01-21,45330.99,45428.71,44727.32,44810.21,204102900
2021-01-22,44756.63,44811.69,44119.58,44683.55,153347700
2021-01-25,44850.13,45203.79,44028.85,45126.51,168987800
2021-01-26,45066.40,45114.38,44483.90,45053.56,224492100
2021-01-27,44733.82,44759.71,43922.99,44262.01,247130000
2021-01-28,44365.29,44578.61,43914.89,44280.73,192065600
2021-01-29,44122.60,44211.37,42900.96,42985.73,401821000
2021-02-02,43152.31,44435.69,43152.31,43848.92,378546500
2021-02-03,43954.71,44122.22,43521.27,43957.07,818164800
2021-02-04,44012.79,44334.95,43936.19,44167.58,233341500
2021-02-05,44239.13,44636.82,44081.71,44145.70,124370000
2021-02-08,44199.38,44440.73,44015.70,44197.51,167093800
2021-02-09,44225.26,45103.31,44214.54,45020.96,176810900
2021-02-10,45180.67,45235.53,44651.88,44718.23,155706400
2021-02-11,44750.23,45074.47,43968.87,44060.09,182011300
2021-02-12,44088.50,44239.79,43923.87,44202.52,119778500
2021-02-15,44228.11,44303.97,44073.48,44157.49,18282500
2021-02-16,44325.32,44836.86,44325.32,44698.59,140771100
2021-02-17,44667.05,45175.32,44533.47,45061.95,217832900
2021-02-18,44968.18,44991.22,44430.96,44507.95,272232300
2021-02-19,44686.79,45116.11,44633.39,44900.08,172848900
2021-02-22,44988.40,45233.32,44743.36,44946.60,243609100
2021-02-23,44794.80,45599.01,44397.00,45268.33,196669900
2021-02-24,45278.05,45445.57,44972.20,45151.38,200388200
2021-02-25,45306.39,45738.15,44232.42,44310.27,270064300
2021-02-26,44305.20,44670.68,44089.32,44592.91,396111700
2021-03-01,44787.66,45243.34,44614.68,44784.58,150723600
2021-03-02,44766.78,45818.95,44750.85,45682.19,178031600
2021-03-03,45873.71,46480.73,45706.94,46377.47,225885700
2021-03-04,46366.49,46689.46,45932.82,46004.19,228834000
2021-03-05,46265.85,46708.78,45994.44,46342.54,207373600
2021-03-08,46365.95,47297.33,46295.53,47075.41,211292600
2021-03-09,47169.80,47396.34,46904.85,47103.60,216279500
2021-03-10,47169.71,47619.16,46943.20,47549.67,168621800
2021-03-11,47567.18,47900.42,47543.86,47673.82,166637900
2021-03-12,47574.50,47987.23,47478.43,47769.87,168348900
2021-03-16,47778.71,48251.73,47427.71,48203.95,2152200
2021-03-17,48204.03,48314.24,47627.41,47679.49,1431500
2021-03-18,47799.15,47928.70,47535.92,47572.39,131592500
2021-03-19,47422.25,47654.13,46932.67,47028.04,704660100
2021-03-22,47123.11,47567.62,47009.60,47225.44,122860600
2021-03-23,47309.24,47309.24,46603.52,46659.18,151281300
2021-03-24,46755.87,46928.46,46559.37,46703.14,148714600
2021-03-25,46524.56,47062.64,46372.90,47012.37,178236100
2021-03-26,47354.22,47490.08,46628.02,47379.19,149907400
2021-03-29,47430.78,47790.12,47141.57,47747.36,161957000
2021-03-30,47736.99,47936.57,47327.23,47905.00,141892600
2021-03-31,47838.29,47865.05,47030.76,47246.26,258737600
2021-04-05,47575.61,48335.52,47487.52,48245.85,120250200
2021-04-06,48238.67,48238.67,47876.09,47985.43,106725000
2021-04-07,47571.55,48053.16,47478.62,47897.84,166002400
2021-04-08,47853.56,48315.32,47756.98,48188.15,148442300
2021-04-09,48185.08,48253.12,47588.93,47627.67,138001200
2021-04-12,47576.32,47754.52,47253.46,47352.18,116556700
2021-04-13,47356.84,47544.19,47138.34,47503.71,171055700
2021-04-14,47949.15,48380.75,47848.66,48329.84,148201400
2021-04-15,48322.98,48685.44,48195.31,48514.10,160703400
2021-04-16,48513.34,48947.19,48412.44,48726.98,129972900
2021-04-19,48712.02,48759.76,48029.71,48072.62,114200400
2021-04-20,48073.44,48559.17,47877.71,48528.97,150164800
2021-04-21,48476.61,49021.63,48476.61,48867.62,144621700
2021-04-22,48961.05,49161.19,48663.53,49092.31,187482600
2021-04-23,49087.04,49226.26,48760.21,49091.09,155930600
2021-04-26,49188.00,49313.32,48862.42,48923.93,125390100
2021-04-27,49115.08,49399.62,48744.87,48812.17,157373800
2021-04-28,48840.92,48988.18,48432.57,48487.94,115918500
2021-04-29,48799.87,49364.38,48714.07,48897.79,171030900
2021-04-30,48671.27,48911.90,47924.10,48009.72,238308000
2021-05-03,48191.68,48585.49,48191.68,48498.64,91968600
2021-05-04,48498.72,48528.39,48089.57,48328.20,141953800
2021-05-05,48366.27,48723.80,48341.37,48399.80,114072200
2021-05-06,48570.64,49006.27,48456.38,48934.91,241871300
2021-05-07,48988.67,49440.88,48894.83,49249.02,123993500
2021-05-10,49295.96,50124.60,49295.96,49867.15,118903200
2021-05-11,49542.78,49704.62,49226.23,49655.29,118784100
2021-05-12,49675.58,49675.58,48707.58,48748.41,122382500
2021-05-13,48906.10,49179.10,48704.24,48829.31,123511700
2021-05-14,48829.59,49365.62,48829.59,49219.26,91084600
2021-05-17,49223.36,49401.57,49049.83,49371.98,107674600
2021-05-18,49500.19,49973.83,49486.91,49789.31,150170300
2021-05-19,49563.59,49563.59,48906.32,49382.25,141399100
2021-05-20,49604.97,49980.46,49160.06,49907.36,281425100
2021-05-21,49975.96,49997.82,49376.53,49778.81,89459300
2021-05-24,49847.30,49853.77,49352.07,49457.93,70692000
2021-05-25,49450.20,49515.17,48781.83,48826.95,113002700
2021-05-26,48931.69,49254.61,48907.68,49103.50,142775700
2021-05-27,49188.02,49727.80,49148.06,49627.95,487953200
2021-05-28,49784.99,50111.66,49411.04,50040.74,125683000
2021-05-31,50023.39,51066.86,49952.80,50885.95,56300100
2021-06-01,50943.24,51037.42,50603.26,50722.35,155835500
2021-06-02,50762.46,51077.29,50666.96,50749.64,166555600
2021-06-03,50716.02,50768.30,50249.11,50628.77,150542500
2021-06-04,50629.32,50683.46,50222.91,50484.35,115113400
2021-06-07,50500.96,51705.23,50493.74,51427.64,155900000
2021-06-08,51391.52,51391.52,50703.96,50865.21,144818900
2021-06-09,50853.20,50975.58,50670.32,50823.30,121780500
2021-06-10,50938.64,51194.84,50782.62,50886.33,97691100
2021-06-11,51052.90,51434.75,50948.89,51286.46,105546200
2021-06-14,51293.62,51322.62,50982.52,51029.54,84788000
2021-06-15,51092.74,51097.20,50807.59,50908.18,145221100
2021-06-16,50944.13,50951.77,50419.10,50579.10,143164200
2021-06-17,50599.94,50952.32,49995.08,50202.80,178430900
2021-06-18,50121.09,50522.11,49848.05,50319.57,420633700
2021-06-21,50320.13,50447.32,50107.06,50315.69,89256100
2021-06-22,50391.18,50437.75,49832.11,50129.88,99972900
2021-06-23,50164.08,50531.76,50044.39,50170.78,141137000
2021-06-24,50316.67,50682.13,50040.74,50558.32,162838200
2021-06-25,50496.86,50690.12,50434.54,50549.86,116876100
2021-06-28,50568.34,50677.57,50103.75,50351.21,86499200
2021-06-29,50326.00,50444.62,50156.13,50337.36,154947000
2021-06-30,50350.65,50469.99,50020.23,50289.75,147098800
2021-07-01,50244.02,50541.85,50118.81,50376.89,108643200
2021-07-02,50351.27,50360.46,50162.72,50223.01,88286200
2021-07-05,50239.28,50609.40,50239.28,50552.80,20040000
2021-07-06,50598.76,50598.76,49643.96,50048.89,121858900
2021-07-07,50129.01,50219.46,49757.94,50052.91,124804600
2021-07-08,49791.51,49791.51,49355.13,49570.87,144305200
2021-07-09,49524.89,49994.50,49524.89,49768.35,81984500
2021-07-12,49743.45,49878.44,49516.40,49789.12,76648400
2021-07-13,49848.76,49892.27,49074.73,49274.97,91260500
2021-07-14,49424.11,49520.42,49177.01,49435.88,164546700
2021-07-15,49527.18,50429.90,49494.90,50274.85,131898000
2021-07-16,50226.67,50243.80,49780.32,50148.13,102484000
2021-07-19,49960.78,49960.78,48598.09,49096.47,132901500
2021-07-20,49208.44,49546.30,49136.65,49256.97,96872600
2021-07-21,49249.50,50113.99,49249.50,50035.17,93416700
2021-07-22,50081.46,50340.15,49861.69,50240.51,108111900
2021-07-23,50324.57,50397.11,50098.56,50268.45,59065400
2021-07-26,50317.57,51140.35,50290.84,50897.79,104723700
2021-07-27,50926.17,51041.12,50606.13,50910.53,144956000
2021-07-28,50949.97,51366.97,50890.45,51344.11,118638300
2021-07-29,51393.26,51856.68,51282.66,51634.60,176416800
2021-07-30,51516.66,51516.66,50783.45,50868.32,195832800
2021-08-02,50983.80,51306.35,50795.90,50869.48,121946900
2021-08-03,50872.26,51695.23,50669.77,51633.91,175698100
2021-08-04,51611.28,51612.53,50982.29,51195.43,128723600
2021-08-05,51224.17,51441.55,50977.63,51134.93,126826300
2021-08-06,51028.76,51392.71,51018.84,51113.85,118829900
2021-08-09,51085.95,51131.20,50806.24,50900.46,117862700
2021-08-10,50988.27,51263.49,50817.79,51114.16,109661500
2021-08-11,51192.91,51399.80,51068.03,51311.60,122163000
2021-08-12,51292.84,51293.05,51000.12,51049.69,126606700
2021-08-13,51103.57,51529.07,51022.77,51490.94,100725100
2021-08-16,51380.05,51563.67,51094.73,51384.91,88687600
2021-08-17,51413.63,51634.48,51177.56,51576.58,208406000
2021-08-18,51592.38,52082.54,51350.17,51986.08,194605400
2021-08-19,51809.99,51809.99,50776.99,51099.36,155079600
2021-08-20,51256.25,51593.34,50985.80,51414.32,127164900
2021-08-23,51429.90,52227.91,51429.90,52054.64,112278800
2021-08-24,52022.73,52360.99,51895.28,51985.00,136483500
2021-08-25,52193.72,52381.39,51946.51,52345.39,123767400
2021-08-26,52284.26,52420.06,51944.50,52290.69,154050900
2021-08-27,52492.13,52492.13,52188.92,52425.64,124318800
2021-08-30,52431.05,52680.50,52127.32,52602.07,107082500
2021-08-31,52631.33,53375.89,52618.47,53304.74,329112800
2021-09-01,53400.27,53400.27,52131.20,52215.54,147255900
2021-09-02,52196.98,52261.41,51939.15,52087.47,115079200
2021-09-03,52172.94,52205.95,51738.85,51835.09,97441400
2021-09-06,51829.95,52367.52,51769.53,52283.11,20470300
2021-09-07,52289.73,52289.81,51791.64,51950.45,115536800
2021-09-08,51865.48,51865.48,51378.67,51469.72,131633000
2021-09-09,51461.26,51508.73,51193.67,51395.06,132670200
2021-09-10,51511.20,51786.72,51441.00,51521.80,100823300
2021-09-13,51556.83,52047.35,51428.82,51496.71,108932900
2021-09-14,51507.76,51951.76,51297.20,51815.17,166224100
2021-09-15,51793.58,52238.50,51782.90,52192.33,174574100
2021-09-17,52195.21,52195.21,51266.34,51307.71,598584300
2021-09-20,51264.30,51264.30,50402.92,50557.65,150617700
2021-09-21,50687.46,50950.38,50491.29,50828.13,143968300
2021-09-22,50879.63,51577.56,50852.03,51338.34,134806300
2021-09-23,51342.13,51590.70,51306.94,51464.27,180099100
2021-09-24,51378.92,51426.34,51036.46,51105.71,111610200
2021-09-27,51124.42,51690.95,51047.94,51598.53,132819900
2021-09-28,51609.54,51616.93,50877.22,50925.52,169423900
2021-09-29,50994.36,51287.88,50782.30,51084.61,199580000
2021-09-30,51189.91,51409.39,50963.83,51385.55,196392600
2021-10-01,51376.69,51387.25,50850.65,51060.05,128083100
2021-10-04,51066.24,51401.89,50757.86,50862.94,95816200
2021-10-05,50904.96,51078.85,50810.83,51056.94,144501500
2021-10-06,50994.42,51020.01,50558.16,50974.49,152504600
2021-10-07,51085.86,51453.54,50838.97,50876.98,217620300
2021-10-08,50899.34,51398.45,50852.65,51136.62,124815100
2021-10-11,51134.60,51801.47,51134.60,51646.75,98687800
2021-10-12,51755.23,52068.86,51690.48,51835.88,124395700
2021-10-13,51917.71,51991.07,51518.21,51812.87,179795700
2021-10-14,51929.75,52302.08,51929.75,52140.24,169512300
2021-10-15,52240.94,52849.88,52240.94,52798.38,172591700
2021-10-18,52834.71,52942.26,52538.12,52686.03,127994100
2021-10-19,52672.46,52733.61,52242.73,52402.73,127364900
2021-10-20,52336.63,52688.22,52234.78,52298.20,130915600
2021-10-21,52236.10,52252.39,51521.94,52020.05,170061400
2021-10-22,51970.58,52250.55,51737.39,51889.66,142807500
2021-10-25,51892.32,52144.97,51655.96,51833.80,123948700
2021-10-26,52051.63,52244.72,51885.63,52206.59,138935500
2021-10-27,52189.61,52194.23,51648.86,51714.60,118290800
2021-10-28,51762.00,51767.42,51200.40,51248.84,151378500
2021-10-29,51193.84,51503.58,50997.11,51309.84,145758900
2021-11-01,51353.61,51880.02,51353.61,51653.26,91186600
2021-11-03,51648.84,51965.52,51503.13,51876.81,203221300
2021-11-04,51838.63,51967.41,51338.69,51873.46,182211500
2021-11-05,51907.27,52220.40,51779.24,51977.96,197701000
2021-11-08,52000.21,52577.33,51979.51,52251.49,201344200
2021-11-09,52250.49,52340.00,51778.03,52114.12,183571400
2021-11-10,52153.94,52171.25,51590.52,51704.40,127670700
2021-11-11,51767.80,51815.51,51514.88,51707.01,134926600
2021-11-12,51739.88,51937.37,51350.36,51432.54,184078600
2021-11-16,51422.13,51585.64,51000.91,51161.50,211551200
2021-11-17,51197.98,51210.84,50678.34,51045.10,134527900
2021-11-18,51134.91,51243.97,50552.45,50831.95,162724400
2021-11-19,50724.29,50891.39,50535.11,50811.30,143936400
2021-11-22,50864.01,50945.89,50407.28,50497.08,136095800
2021-11-23,50447.83,51182.78,50437.77,51116.32,150734000
2021-11-24,51157.06,51236.58,50639.43,50848.03,181050100
2021-11-25,50838.21,50887.88,50580.49,50625.00,52596300
2021-11-26,50480.50,50480.50,49064.67,49492.52,170088800
2021-11-29,49520.30,49875.69,49268.77,49796.30,242967200
2021-11-30,49623.40,49873.86,49116.94,49698.72,840279400
2021-12-01,49879.76,50752.12,49869.01,50007.16,223344700
2021-12-02,50032.22,50956.15,49900.80,50927.38,159026600
2021-12-03,50870.66,51413.06,50528.90,50597.29,181641200
2021-12-06,50590.86,50842.35,50445.25,50605.56,125368500
2021-12-07,50690.15,51009.75,50501.19,50918.28,181685300
2021-12-08,50929.26,51121.00,50722.39,51056.27,143869000
2021-12-09,51060.82,51305.44,50785.20,51238.02,147693500
2021-12-10,51194.23,51240.19,50935.65,51213.48,121603300
2021-12-13,51214.61,51218.97,50327.08,50419.17,246013200
2021-12-14,50401.22,51481.70,50291.02,51241.47,238023800
2021-12-15,51141.39,51291.03,50728.99,51163.66,182077000
2021-12-16,51264.56,51899.87,51147.28,51384.06,142780800
2021-12-17,51296.06,52477.83,51227.20,52379.37,510546300
2021-12-20,52333.26,52333.26,51319.55,51623.86,121895900
2021-12-21,51916.02,52188.41,51593.92,52085.28,144351900
2021-12-22,52146.01,52450.85,51956.99,52403.05,113832100
2021-12-23,52413.56,52872.74,52355.35,52650.91,96501500
2021-12-24,52615.28,52901.72,52548.59,52853.38,5240400
2021-12-27,52853.66,53309.51,52558.85,53259.56,60916800
2021-12-28,53201.69,53630.53,53106.40,53238.48,84095500
2021-12-29,53223.76,53500.32,52668.34,52748.93,57322300
2021-12-30,52809.78,53253.62,52752.73,53175.25,83757300
2021-12-31,53099.77,53387.22,53011.07,53272.44,48616100
2022-01-03,53278.11,53603.83,52901.71,52941.01,56603700
2022-01-04,53073.08,53334.00,52888.73,53016.78,105053500
2022-01-05,52927.53,53253.07,52909.79,53024.15,110514300
2022-01-06,52964.67,53145.81,52768.81,53055.31,145921900
2022-01-07,53020.13,53244.91,52896.25,53202.11,104193500
2022-01-10,53202.84,53301.94,52809.11,52835.76,116966800
2022-01-11,52841.05,53121.47,52740.35,53061.92,167682100
2022-01-12,53068.12,53991.33,53068.12,53951.14,161608700
2022-01-13,53981.55,54102.49,53793.75,53930.45,172794800
2022-01-14,53824.77,53861.71,53476.91,53744.92,135837800
2022-01-17,53742.37,54219.14,53742.37,53973.27,34731100
2022-01-18,53985.46,53987.63,53187.46,53232.20,141857000
2022-01-19,53239.99,53402.44,52679.18,52823.23,159266300
2022-01-20,52826.23,53017.39,52424.70,52508.35,144882400
2022-01-21,52432.07,52432.07,51386.68,51599.38,192929500
2022-01-24,51578.42,51578.42,49673.64,50890.59,212713200
2022-01-25,50792.00,51285.48,50006.65,51104.39,220721800
2022-01-26,51314.27,51507.88,50871.68,51037.05,199201500
2022-01-27,51208.23,51282.03,50408.58,50466.02,203835100
2022-01-28,50522.00,50919.38,50101.93,50661.86,214808200
2022-01-31,50670.28,51569.26,50631.62,51330.85,229565500
2022-02-01,51511.27,51856.28,51290.79,51782.67,138327000
2022-02-02,51849.76,52120.64,51766.16,52023.27,98044700
2022-02-03,51846.45,51885.37,51099.89,51145.11,147091600
2022-02-04,51101.23,51436.94,50850.32,51255.31,122401900
2022-02-08,51281.26,52340.03,51011.87,52294.58,175285900
2022-02-09,52470.74,52816.79,52314.05,52761.91,178162400
2022-02-10,52679.94,52903.15,52371.93,52599.58,256316700
2022-02-11,52512.06,53630.05,52468.03,53229.26,188380600
2022-02-14,53232.26,53232.26,52161.67,52334.73,218800100
2022-02-15,52430.35,53520.23,52410.29,53210.94,189081300
2022-02-16,53188.90,53901.91,53051.61,53680.86,171986900
2022-02-17,53613.54,53680.29,52606.96,52712.06,147050500
2022-02-18,52723.49,52828.52,52218.31,52281.53,126987300
2022-02-21,52281.53,52302.42,51762.05,52025.18,39446100
2022-02-22,52075.83,52664.38,51928.28,52600.45,186724800
2022-02-23,52610.63,52610.63,51252.65,51362.95,259407900
2022-02-24,50727.93,51589.97,50003.09,51454.05,240722300
2022-02-25,51488.58,52600.05,51439.65,52555.60,201522500
2022-02-28,52528.71,53600.12,51990.91,53400.61,951227400
2022-03-01,53403.89,53855.46,52880.98,53168.82,182506700
2022-03-02,53292.95,53610.07,53059.01,53300.66,198225700
2022-03-03,53297.79,54095.65,53235.57,53528.01,216851700
2022-03-04,53450.50,53450.50,52691.76,53322.05,226441200
2022-03-07,53354.94,53354.94,51884.08,52312.61,239255300
2022-03-08,52393.46,53555.91,52096.01,53288.23,266746200
2022-03-09,53202.30,54000.03,53202.30,53911.76,221895300
2022-03-10,53802.95,54019.43,53316.02,53387.62,189252400
2022-03-11,53514.82,53806.21,53181.68,53300.70,152584900
2022-03-14,53300.70,53300.70,52427.58,52807.62,242372000
2022-03-15,52735.69,53121.39,52437.05,53010.01,324397600
2022-03-16,52997.11,53939.88,52997.11,53411.88,239444000
2022-03-17,53456.48,54447.04,53277.42,54364.51,186804900
2022-03-18,54413.91,55788.87,53815.43,55467.06,770890800
2022-03-22,55468.11,55902.28,55205.64,55722.48,244986500
2022-03-23,55634.96,55712.82,55026.42,55154.68,155675600
2022-03-24,55198.54,55907.49,54990.07,55829.86,163274100
2022-03-25,55833.15,55850.83,55004.38,55436.05,145206600
2022-03-28,55436.45,55779.73,55335.86,55685.14,122106400
2022-03-29,55590.47,56276.39,55517.32,56111.21,244298600
2022-03-30,56129.47,56174.56,55526.97,55814.99,214854100
2022-03-31,55811.40,56730.53,55811.40,56536.68,226310800
2022-04-01,56530.56,57064.16,56274.78,56609.54,184368800
2022-04-04,56610.03,56783.68,56181.34,56313.21,102837400
2022-04-05,56218.23,56296.12,55395.01,55547.29,179414900
2022-04-06,55562.97,55851.26,55323.00,55438.73,188733200
2022-04-07,55494.70,55646.29,55195.51,55280.59,241694700
2022-04-08,55338.64,55350.06,54591.73,54687.25,117204900
2022-04-11,54678.05,54678.05,54279.65,54463.83,115515000
2022-04-12,54624.30,54809.11,53750.83,53907.25,186074800
2022-04-13,53976.82,54414.12,53697.42,54172.62,102401200
2022-04-18,54172.62,54582.79,54063.78,54139.69,101327700
2022-04-19,54219.61,54718.34,54175.48,54633.76,154399600
2022-04-20,54676.06,54695.19,53771.49,53831.04,185718700
2022-04-21,53997.67,54329.32,53077.99,53267.31,154712000
2022-04-22,53258.32,53641.01,53027.20,53191.78,143319000
2022-04-25,53183.12,53183.12,52509.45,52640.83,183382500
2022-04-26,52699.18,52894.05,52324.66,52512.71,185412800
2022-04-27,52627.18,52807.09,52212.64,52351.21,160228000
2022-04-28,52792.52,52793.87,51658.11,52614.17,231710500
2022-04-29,52502.50,52809.38,51315.04,51417.97,214867600
2022-05-02,51426.27,51922.71,51125.72,51887.47,128409600
2022-05-03,51896.17,51896.85,50954.99,51066.56,161134800
2022-05-04,51032.24,51565.60,50588.92,51432.63,149755900
2022-05-05,51264.61,51264.61,50357.55,50529.95,202483000
2022-05-06,50435.61,50435.61,49451.28,49541.81,163382400
2022-05-09,49419.02,49419.02,48669.21,49057.46,161518100
2022-05-10,49149.19,49435.54,49005.01,49115.86,257006900
2022-05-11,49087.26,49618.35,49005.89,49276.23,234792100
2022-05-12,49061.12,49732.05,48701.25,49309.32,249591800
2022-05-13,49486.11,49726.52,49127.29,49579.90,212868300
2022-05-16,49604.95,50823.04,49472.51,50563.98,177674700
2022-05-17,50781.79,51634.19,50739.66,51464.03,204554800
2022-05-18,51390.52,51390.52,49990.49,50394.03,304797400
2022-05-19,50212.98,51590.33,50050.46,51289.91,238825200
2022-05-20,51512.45,51868.44,51326.93,51518.30,202798600
2022-05-23,51621.72,51989.02,51341.19,51376.89,139723000
2022-05-24,51149.47,51374.40,50866.15,51304.04,241737800
2022-05-25,51243.95,52082.47,51216.99,51717.07,281231100
2022-05-26,52203.69,52295.32,52058.32,52143.00,183854400
2022-05-27,52154.25,52617.31,51871.92,52463.55,172807100
2022-05-30,52438.79,52745.98,51922.47,52162.08,83107700
2022-05-31,52116.37,52290.18,51269.52,51752.53,1347137000
2022-06-01,51739.87,51820.68,51309.59,51506.15,173881500
2022-06-02,51522.18,51545.52,50641.78,50971.38,193382200
2022-06-03,50874.17,50919.38,50482.85,50689.05,154569900
2022-06-06,50723.91,51029.28,50014.67,50060.53,116109400
2022-06-07,49840.72,50183.82,49409.73,50139.20,138432800
2022-06-08,50088.94,50192.36,49629.03,49819.30,165133200
2022-06-09,49854.73,50012.62,49229.81,49290.22,154551700
2022-06-10,49147.20,49147.20,48398.78,48471.52,137514100
2022-06-13,48408.20,48717.67,47775.84,48445.30,251393900
2022-06-14,48557.47,48677.11,48083.16,48164.47,191851500
2022-06-15,48388.15,48610.30,48137.65,48344.97,175223100
2022-06-16,48202.45,48202.45,47323.36,47558.51,212049600
2022-06-17,47682.91,48156.71,47488.30,48016.23,732174800
2022-06-20,47996.72,48007.22,47680.15,47780.72,40474000
2022-06-21,47761.48,48321.17,47732.42,48104.38,131257800
2022-06-22,47878.14,47878.14,47076.27,47144.36,146701200
2022-06-23,47175.68,47222.62,46547.21,46657.88,157675800
2022-06-24,46642.41,47852.91,46344.94,47741.50,175537000
2022-06-27,47781.35,48390.86,47696.42,48294.83,124213200
2022-06-28,48363.79,48796.23,48049.90,48435.45,181975500
2022-06-29,48446.29,48532.68,47916.85,48061.61,170560000
2022-06-30,47918.63,47918.63,47188.28,47524.45,228806100
2022-07-01,47543.35,47910.68,47135.18,47743.15,94921000
2022-07-04,47740.32,48584.14,47705.27,48036.38,39309500
2022-07-05,47987.59,47987.59,46940.92,47503.22,140760700
2022-07-06,47572.94,47778.95,47292.09,47722.29,139454100
2022-07-07,47828.34,48056.93,47311.98,47374.38,200398800
2022-07-08,47214.71,47624.09,46927.07,47582.11,120673200
2022-07-11,47541.46,47572.59,47182.90,47369.89,88214700
2022-07-12,47310.80,47800.36,47310.80,47651.52,159926100
2022-07-13,47448.31,47706.14,46882.15,47461.35,196275800
2022-07-14,47325.54,47357.11,46581.32,46741.31,149203900
2022-07-15,46819.38,47121.12,46691.76,47075.87,83235300
2022-07-18,47198.01,47482.75,46855.21,46923.20,84307500
2022-07-19,47090.23,47511.15,46805.89,47259.23,123132600
2022-07-20,47213.02,47348.42,46964.39,47132.49,109174900
2022-07-21,47223.10,47488.28,46767.74,47416.37,118342500
2022-07-22,47477.69,47595.79,47165.38,47264.86,110077800
2022-07-25,47254.55,47577.44,47154.22,47202.64,97196700
2022-07-26,47217.38,47265.86,46485.58,46674.30,146328800
2022-07-27,46794.69,46919.56,46164.27,46842.92,171553400
2022-07-28,46846.39,48174.27,46846.39,48112.27,155700600
2022-07-29,48057.79,48338.90,48017.06,48144.33,231038800
2022-08-01,48094.47,48417.03,47321.53,47384.56,140579600
2022-08-02,47378.35,47429.04,46639.11,46902.69,170767900
2022-08-03,46997.33,47218.05,46742.94,46989.61,177168600
2022-08-04,47063.01,47870.48,46528.00,46916.17,183020000
2022-08-05,46688.19,47023.76,46283.75,46723.43,137289900
2022-08-08,46787.91,47422.37,46787.91,47354.86,162831900
2022-08-09,47148.13,47349.44,47050.18,47241.81,141712900
2022-08-10,47349.57,48311.92,47349.57,47808.21,182307700
2022-08-11,47876.66,48536.66,47691.08,48460.55,203934500
2022-08-12,48546.99,48909.17,48429.69,48853.37,119225000
2022-08-15,48770.31,48896.10,48595.13,48638.36,92224300
2022-08-16,48624.95,48944.49,48537.38,48801.68,156297900
2022-08-17,48786.30,48828.89,48406.44,48734.04,128935100
2022-08-18,48796.89,48796.89,48270.23,48729.80,104554100
2022-08-19,48677.98,48698.03,48386.43,48463.26,92410900
2022-08-22,48366.14,48464.22,47842.62,48016.61,123130500
2022-08-23,48062.07,48180.98,47738.86,47974.03,135145100
2022-08-24,47936.38,48133.72,47393.08,47449.73,109536100
2022-08-25,47449.68,47830.59,47320.51,47724.24,109286200
2022-08-26,47711.02,47754.32,46992.75,47272.11,87461400
2022-08-29,47105.90,47105.90,46247.28,46322.10,137708400
2022-08-30,46336.97,46398.47,45671.21,45922.05,121982300
2022-08-31,45909.89,46055.17,44844.18,44919.22,508029500
2022-09-01,44851.23,45701.47,44518.73,45383.85,176982700
2022-09-02,45811.16,46166.54,45543.79,45888.63,135191700
2022-09-05,45905.86,46087.31,45535.63,46026.08,19206900
2022-09-06,46084.84,46196.99,45645.76,45902.89,133687400
2022-09-07,45870.98,46169.46,45482.77,46056.97,153894000
2022-09-08,46170.07,46381.12,45834.35,46283.34,127710900
2022-09-09,46435.40,47072.99,46412.05,47042.94,97818900
2022-09-12,47168.11,47944.60,47124.62,47860.48,117725700
2022-09-13,47671.99,47826.64,46981.97,47039.74,180099200
2022-09-14,47063.07,47236.42,46709.58,46745.15,167995700
2022-09-15,46742.11,47027.50,46545.13,46769.78,784062000
2022-09-19,46712.13,46863.53,46098.86,46793.59,201318000
2022-09-20,46983.03,47284.14,46613.25,47068.53,220064400
2022-09-21,47111.33,47432.52,46906.31,46992.51,198285100
2022-09-22,46957.63,46957.63,46154.87,46324.92,139049400
2022-09-23,46149.09,46151.67,45069.02,45395.94,150708000
2022-09-26,45410.86,45514.50,44740.05,44808.56,123142600
2022-09-27,44886.45,45309.87,44811.65,45006.11,130316900
2022-09-28,45045.04,45826.95,44841.51,45442.21,197478500
2022-09-29,45293.90,45626.60,44764.27,45102.55,154766900
2022-09-30,45094.68,45300.29,44558.81,44626.80,200732700
2022-10-03,44779.20,45501.00,44686.64,45429.75,197701400
2022-10-04,45644.03,46139.18,45553.29,46046.58,178324500
2022-10-05,45957.37,45957.37,45553.56,45845.83,163777800
2022-10-06,45853.68,46654.91,45787.32,46326.68,185451400
2022-10-07,46176.52,46176.52,45630.07,45728.87,152493900
2022-10-10,45688.15,46077.09,45388.60,45457.12,98822100
2022-10-11,45418.56,46245.02,45026.43,45792.99,177457300
2022-10-12,45759.29,46114.28,45501.73,45679.84,182445600
2022-10-13,45467.43,46074.40,45040.42,45766.94,211616800
2022-10-14,45859.01,46062.59,45380.18,45443.35,161594500
2022-10-17,45633.30,46437.80,45616.00,46220.72,182073800
2022-10-18,46395.20,46699.46,46116.39,46309.23,218525800
2022-10-19,46306.32,46439.01,46010.76,46217.44,180149200
2022-10-20,46299.81,46517.34,45914.58,46315.41,300035500
2022-10-21,46351.04,47172.33,46306.71,47120.08,185022300
2022-10-24,47088.17,47967.14,47065.42,47765.24,187700900
2022-10-25,47707.60,48682.06,47558.73,48641.27,257303800
2022-10-26,48596.48,49408.27,48501.55,49327.11,309657400
2022-10-27,49293.77,49361.58,48805.41,48892.56,228084700
2022-10-28,48896.36,49131.39,48482.90,49086.30,130269800
2022-10-31,49110.67,49990.94,48873.17,49922.30,188740200
2022-11-01,50004.42,50905.67,50004.42,50864.85,184332800
2022-11-03,50653.87,50653.87,49431.48,50215.87,256662200
2022-11-04,50565.16,51319.88,50530.20,51173.75,145797800
2022-11-07,51166.86,51547.48,50540.03,50760.17,174276800
2022-11-08,50773.96,51093.05,50510.84,50888.47,198409900
2022-11-09,50822.64,51232.91,50333.12,50545.76,180419300
2022-11-10,50953.17,51541.63,50839.37,51031.71,173193500
2022-11-11,51086.48,52126.90,51086.48,51959.20,194494200
2022-11-14,51915.63,52016.44,51565.35,51785.13,187694100
2022-11-15,51985.34,52457.14,51369.31,51655.68,151830700
2022-11-16,51526.39,51710.64,51362.58,51544.94,174857500
2022-11-17,51377.05,51559.41,51057.38,51360.87,145243200
2022-11-18,51468.58,52040.03,51326.89,51569.72,266751800
2022-11-22,51614.16,52371.02,51579.28,51760.54,221256400
2022-11-23,51710.02,52258.73,51710.02,51993.95,161114500
2022-11-24,51990.61,52245.08,51714.18,51979.01,28413500
2022-11-25,51968.32,51968.32,51289.91,51668.64,74038400
2022-11-28,51619.81,52120.23,51030.90,51081.33,132152000
2022-11-29,51044.43,51237.91,50111.49,50174.06,164540000
2022-11-30,50200.93,51800.36,50125.81,51684.86,741512300
2022-12-01,51649.60,51811.17,51027.58,51457.55,185457400
2022-12-02,51407.96,51647.85,51030.43,51234.37,153348400
2022-12-05,51197.73,51298.01,50715.01,50799.46,105068700
2022-12-06,50683.10,51481.81,50494.63,51020.65,149912000
2022-12-07,51044.03,51311.40,50645.19,50725.96,141194800
2022-12-08,50721.50,51298.86,50721.50,51078.70,123034000
2022-12-09,51170.62,51170.89,50423.74,50466.25,121540600
2022-12-13,50638.82,51084.44,50240.45,50333.10,284653100
2022-12-14,50430.94,50452.64,49781.72,50047.70,170810200
2022-12-15,49972.95,49976.49,49281.23,49342.34,278214000
2022-12-16,49361.51,49686.79,49113.71,49630.15,377277200
2022-12-19,49694.69,50058.30,49534.65,49946.10,96795700
2022-12-20,49978.45,50406.57,49978.45,50139.42,101775700
2022-12-21,50182.33,50791.38,50034.85,50426.26,96007300
2022-12-22,50455.89,50518.00,49648.11,50097.22,84251200
2022-12-23,50052.48,50759.66,49864.65,50578.09,74942400
2022-12-26,50530.63,50712.39,50211.37,50273.89,11411000
2022-12-27,50305.70,50838.65,50277.12,50440.02,54768700
2022-12-28,50432.78,50491.09,49605.38,49648.21,73263800
2022-12-29,49708.67,50209.79,49461.52,49517.86,63993800
2022-12-30,49524.33,49619.34,48383.20,48463.86,119821400
2023-01-02,48506.04,49136.94,48478.94,48993.24,10617600
2023-01-03,48970.55,49180.19,48881.99,49050.46,64955500
2023-01-04,49013.31,50388.61,48966.12,50161.27,113054700
2023-01-05,50150.77,50971.66,50077.72,50805.21,139834800
2023-01-06,50800.84,52004.83,50618.31,51730.50,109031000
2023-01-09,51770.10,52460.48,51744.84,52280.05,126915200
2023-01-10,52297.71,52564.11,52180.85,52344.02,131270700
2023-01-11,52348.45,53508.75,52348.45,53209.00,155651700
2023-01-12,53228.45,53859.00,53215.51,53593.86,173800900
2023-01-13,53564.93,53903.90,53371.65,53576.72,128172400
2023-01-16,53591.88,53720.86,53336.34,53631.89,46998100
2023-01-17,53580.00,53580.00,52936.91,53128.97,132114900
2023-01-18,53256.25,53590.43,53150.78,53218.83,133000900
2023-01-19,53215.41,53783.61,53070.78,53382.65,154775500
2023-01-20,53430.21,54112.36,53201.68,53947.04,121184400
2023-01-23,53965.28,54810.95,53943.00,54341.25,115614600
2023-01-24,54392.66,55071.58,54392.66,54870.50,142789100
2023-01-25,54878.50,54972.18,54474.63,54871.36,148445100
2023-01-26,54885.72,55309.62,54866.20,55164.01,131941600
2023-01-27,55188.85,55309.97,54650.61,54774.91,142811800
2023-01-30,54767.41,54795.91,54400.79,54521.43,121761800
2023-01-31,54480.52,54683.83,54244.72,54564.27,248463200
2023-02-01,54555.91,55072.23,54410.37,55018.91,148364300
2023-02-02,55040.19,55173.58,53733.70,53874.91,160007000
2023-02-03,53833.73,54186.10,53737.61,54049.05,183416400
2023-02-07,54001.56,54079.49,53238.14,53335.51,195440800
2023-02-08,53276.79,53566.65,52578.03,53125.01,165032900
2023-02-09,53229.60,53460.90,52684.64,52801.43,134110600
2023-02-10,52850.49,52880.67,52141.14,52482.02,156046900
2023-02-13,52476.29,53286.84,52473.68,53050.83,145585400
2023-02-14,53225.20,53395.80,52466.08,52663.12,226066600
2023-02-15,52577.90,53486.51,52463.89,53422.24,202987100
2023-02-16,53536.63,54143.61,53327.04,54015.82,159906900
2023-02-17,53927.03,53993.51,53483.74,53789.64,151560000
2023-02-20,53832.19,54006.77,53823.34,53908.55,22508100
2023-02-21,53882.39,54087.19,52960.32,53239.95,175824900
2023-02-22,53266.93,53448.44,52820.50,53180.99,187947000
2023-02-23,53274.14,53345.59,52789.08,53085.71,184956000
2023-02-24,53055.68,53055.68,52420.64,52686.24,141885800
2023-02-27,52739.42,53195.56,52599.36,53013.62,129313000
2023-02-28,52964.67,53048.09,52495.86,52758.06,557285900
2023-03-01,52720.40,53717.14,52658.56,53473.46,160010700
2023-03-02,53503.59,53583.43,53014.74,53329.53,168720500
2023-03-03,53381.22,54409.37,53347.60,54182.27,179820700
2023-03-06,54146.10,54326.11,53889.69,53924.19,133175400
2023-03-07,53892.02,53902.62,53006.44,53068.73,191127900
2023-03-08,53099.64,53440.50,53067.40,53388.66,128080500
2023-03-09,53390.05,53740.89,53287.50,53426.77,185544000
2023-03-10,53478.18,53507.14,52716.96,52794.53,159728500
2023-03-13,52788.29,53615.08,52227.17,53012.25,185734500
2023-03-14,53065.68,53486.71,52644.24,52691.66,176792200
2023-03-15,52547.32,52689.40,51860.33,52085.60,158520400
2023-03-16,52156.19,52876.44,52113.64,52505.70,152652700
2023-03-17,52505.61,52656.41,51814.68,51925.61,786817800
2023-03-21,52282.98,52786.68,52131.38,52652.65,156817200
2023-03-22,52670.64,53019.21,52485.37,52550.40,174005300
2023-03-23,52589.98,53089.11,52556.18,52827.93,148945100
2023-03-24,52691.03,52938.25,52415.19,52771.12,144755400
2023-03-27,52792.75,53080.54,52740.78,52851.42,154251700
2023-03-28,52894.39,53705.38,52807.48,53209.10,168610900
2023-03-29,53259.38,53942.95,53202.53,53882.95,179199200
2023-03-30,53878.24,54468.57,53874.98,54198.94,186356800
2023-03-31,54233.25,54604.07,53828.56,53904.00,242075000
2023-04-03,54037.67,54040.48,53611.27,53896.35,84719200
2023-04-04,53913.10,54532.08,53810.93,54176.01,97863900
2023-04-05,54171.16,54230.66,53308.07,53498.39,73152200
2023-04-10,53473.71,54310.08,53446.67,54246.53,0
2023-04-11,53964.24,54775.81,53964.24,54604.63,162207200
2023-04-12,54527.03,54815.91,54072.69,54333.12,152655400
2023-04-13,54359.31,54908.53,54336.31,54695.78,220218800
2023-04-14,54748.53,54862.54,54200.32,54460.06,170784200
2023-04-17,54444.68,54858.73,54406.09,54778.93,199028600
2023-04-18,54747.59,54924.75,54293.76,54385.52,153784700
2023-04-19,54300.96,54637.41,54155.46,54308.09,191532900
2023-04-20,54311.00,54674.48,54227.31,54293.71,138852000
2023-04-21,54451.71,54468.61,53662.91,54175.28,172005600
2023-04-24,54203.80,54745.58,54089.33,54713.70,136716300
2023-04-25,54569.69,54734.13,54301.75,54371.09,134099200
2023-04-26,54356.36,54633.97,53902.05,54023.32,196553700
2023-04-27,54079.54,54501.26,54020.61,54442.17,159097300
2023-04-28,54453.54,55178.62,54436.52,55121.22,241583200
2023-05-02,55059.26,55229.38,54689.36,55179.43,248185000
2023-05-03,55216.13,55323.65,54919.79,54947.01,172724800
2023-05-04,54971.43,55264.60,54593.06,54667.21,158878300
2023-05-05,54747.84,55047.85,54699.59,54937.39,206689500
2023-05-08,54989.64,55265.40,54843.22,55033.12,140876800
2023-05-09,54959.83,55497.83,54899.36,55452.73,170680700
2023-05-10,55378.41,55626.51,55303.84,55534.68,187111800
2023-05-11,55472.21,55518.79,54852.29,55014.16,195598400
2023-05-12,55009.36,55290.41,54724.18,54948.34,165219800
2023-05-15,54993.48,55375.92,54890.63,55261.42,174056800
2023-05-16,55246.17,55589.72,55136.10,55180.97,183963200
2023-05-17,55309.02,55441.67,55005.06,55067.37,172672200
2023-05-18,55107.64,55290.71,54961.92,55263.11,175582500
2023-05-19,55197.55,55534.32,54244.79,54296.05,168179000
2023-05-22,54305.68,54746.26,53352.36,53466.32,182836400
2023-05-23,53463.42,53722.75,52997.32,53123.22,183641600
2023-05-24,53483.15,53609.38,53146.14,53393.40,212096500
2023-05-25,53356.76,53883.38,53159.36,53744.68,214652400
2023-05-26,53801.53,54233.57,53288.15,54025.45,202093800
2023-05-29,54002.65,54347.85,53911.57,54212.67,156707500
2023-05-30,54232.29,54232.29,53105.31,53341.85,530814200
2023-05-31,53268.59,53499.70,52575.14,52736.26,1385522200
2023-06-01,52803.58,53134.86,52687.43,52724.03,236517300
2023-06-02,52791.89,53401.26,52777.43,53232.71,223672700
2023-06-05,53262.27,53649.58,53238.63,53536.05,137805700
2023-06-06,53596.45,54486.19,53578.23,54432.19,247761200
2023-06-07,54487.20,54712.09,54248.50,54291.44,261542000
2023-06-08,54064.00,54407.89,53851.74,54338.18,226338000
2023-06-09,54331.64,54796.94,54295.53,54512.14,211648900
2023-06-12,54475.19,54547.88,54187.07,54278.12,140883900
2023-06-13,54347.28,54611.96,54149.90,54574.75,194688500
2023-06-14,54629.33,55182.31,54557.17,55145.43,316957900
2023-06-15,55130.41,55407.72,54977.08,55344.25,213576400
2023-06-16,55172.65,55337.69,54783.25,54842.51,642615800
2023-06-19,54953.82,55074.79,54887.33,54931.06,29019400
2023-06-20,54965.90,54975.88,54286.63,54365.68,233328700
2023-06-21,54334.17,54353.00,53810.85,54063.91,174711000
2023-06-22,53998.81,54031.84,53438.85,53563.31,143284400
2023-06-23,53690.06,53690.36,53127.22,53341.91,136728100
2023-06-26,53354.29,53506.08,53262.75,53335.74,160594700
2023-06-27,53295.62,54008.03,53212.73,53926.91,206317300
2023-06-28,53914.17,53991.35,53293.21,53460.06,186447500
2023-06-29,53411.71,53733.85,53370.90,53585.22,157071300
2023-06-30,53667.97,53778.99,53344.77,53526.10,222472200
2023-07-03,53536.94,54476.66,53483.69,54399.10,88059600
2023-07-04,54408.08,54501.58,53863.86,53930.86,23253000
2023-07-05,53945.50,54099.86,53710.39,54039.66,183541100
2023-07-06,54053.82,54053.82,53117.59,53407.70,213520400
2023-07-07,53409.32,54128.64,53266.69,53904.29,168034000
2023-07-10,53991.75,53991.75,53562.24,53655.35,133520600
2023-07-11,53636.96,54189.51,53339.38,54138.14,173358400
2023-07-12,54168.17,54222.80,53855.41,53956.71,237858800
2023-07-13,54036.03,54605.50,53972.95,54244.01,190638300
2023-07-14,54264.91,54264.91,53704.55,53770.80,152709100
2023-07-17,53652.12,53934.89,53409.86,53623.27,98350000
2023-07-18,53641.75,54183.35,53479.44,54036.27,166021400
2023-07-19,54060.44,54333.02,53681.91,53740.16,206091900
2023-07-20,53654.67,53793.30,53436.10,53561.37,127340300
2023-07-21,53336.24,53782.72,53336.24,53702.16,138248100
2023-07-24,53701.46,53724.10,53329.97,53518.91,247229800
2023-07-25,53599.23,54097.24,53570.03,54013.58,296826400
2023-07-26,54077.37,54544.15,53750.02,54502.09,217661200
2023-07-27,54576.89,54895.25,54324.72,54753.39,269781500
2023-07-28,54707.08,55169.49,54593.16,54945.27,200942200
2023-07-31,54998.42,55244.82,54717.55,54819.05,202298400
2023-08-01,54791.48,54901.90,54154.79,54210.62,185015800
2023-08-02,54185.83,54185.83,53206.27,53283.56,223695000
2023-08-03,53245.82,53543.39,53019.22,53445.09,231549400
2023-08-04,53492.31,54056.81,53397.17,53991.42,178687600
2023-08-07,54014.74,54151.28,53761.71,54032.83,202503600
2023-08-08,53914.19,54063.14,53341.72,53663.02,219128700
2023-08-09,53685.54,54251.76,53633.74,54220.74,271649000
2023-08-10,54212.79,54435.43,53709.08,53889.03,179073400
2023-08-11,53888.62,53938.09,53171.02,53242.16,293772900
2023-08-14,53244.42,53474.70,52818.88,53291.44,231353200
2023-08-15,53222.15,53732.41,53116.60,53585.07,236881000
2023-08-16,53520.42,53953.35,53488.85,53827.71,334271000
2023-08-17,53891.72,53968.96,53173.11,53201.44,290456200
2023-08-18,53134.69,53291.81,52610.14,53194.39,160170800
2023-08-21,53286.21,53302.69,52681.11,53109.76,186731100
2023-08-22,53163.62,53205.41,52935.42,53127.93,208217800
2023-08-23,53136.60,53784.29,53099.35,53635.34,217799800
2023-08-24,53617.67,53700.38,52881.72,53109.83,218952200
2023-08-25,52995.65,53472.77,52881.68,53191.53,185115900
2023-08-28,53193.85,53773.50,53193.85,53442.64,169203400
2023-08-29,53472.63,54324.80,53342.20,54261.33,217468200
2023-08-30,54262.82,54604.19,54158.93,54390.74,310295900
2023-08-31,54375.84,54375.84,52875.80,53020.98,2341620200
2023-09-01,53233.15,53661.62,53011.17,53145.36,129619300
2023-09-04,53161.61,53317.40,52984.18,53030.52,48500000
2023-09-05,53057.61,53227.81,52816.93,52932.50,212425500
2023-09-06,52930.21,53112.35,52710.32,52971.19,220562100
2023-09-07,53100.47,53100.47,52454.45,52482.97,169522600
2023-09-08,52442.41,52604.76,52211.02,52505.11,204695700
2023-09-11,52549.58,52748.51,52236.25,52267.49,166610600
2023-09-12,52227.06,52310.13,51814.24,51860.45,220832600
2023-09-13,51832.63,51867.30,51349.56,51522.18,267093600
2023-09-14,51519.91,51873.24,51519.38,51755.68,205584200
2023-09-15,51737.62,51737.62,51108.09,51351.60,998189100
2023-09-18,51452.59,51729.71,50961.14,51685.31,150526800
2023-09-19,51692.24,52327.88,51507.85,52219.76,210624500
2023-09-20,52226.77,52904.07,52123.49,52507.23,233178000
2023-09-21,52429.38,52429.38,51886.19,51954.01,194911500
2023-09-22,51946.17,52036.28,51637.45,51677.48,172807800
2023-09-25,51684.61,51852.12,51329.65,51367.46,240424600
2023-09-26,51410.42,51422.45,51068.90,51107.80,213724500
2023-09-27,51180.98,51577.20,51180.75,51427.27,237887300
2023-09-28,51386.23,51743.87,51360.24,51554.95,204512600
2023-09-29,51575.24,51658.01,50783.07,50874.98,226957200
2023-10-02,51001.79,51281.34,50488.35,51260.37,152597800
2023-10-03,51210.63,51305.93,50256.86,50366.39,242148700
2023-10-04,50407.93,50776.97,50158.38,50732.69,234531400
2023-10-05,50444.75,50444.75,48484.91,49454.59,273435300
2023-10-06,49472.95,49821.55,48775.95,49666.50,182618600
2023-10-09,49658.39,49658.39,49020.25,49297.15,158324400
2023-10-10,49301.65,50427.12,49301.65,50289.86,200850400
2023-10-11,50293.37,50416.72,50109.02,50344.74,229695000
2023-10-12,50156.92,50161.78,49503.63,49745.16,231171900
2023-10-13,49769.89,49819.97,49185.77,49379.58,211550100
2023-10-16,49402.33,50004.83,49377.83,49823.08,131151500
2023-10-17,49733.54,49874.24,49507.61,49666.01,192510900
2023-10-18,49543.90,49670.65,49011.38,49274.78,339281500
2023-10-19,49257.05,49314.96,48756.97,48804.61,254330700
2023-10-20,48809.12,48886.99,48226.48,48275.91,214755400
2023-10-23,48290.33,48367.76,47765.06,48197.88,160983200
2023-10-24,48304.40,48563.07,48204.81,48278.80,158358600
2023-10-25,48252.47,48816.55,48228.96,48766.33,181752700
2023-10-26,48735.82,49323.54,48626.77,49182.37,195448300
2023-10-27,49156.50,49609.33,48887.62,48973.85,231123500
2023-10-30,48963.47,49465.89,48963.47,49277.36,190856700
2023-10-31,49259.00,49262.18,48807.35,49061.88,302061900
2023-11-01,49051.92,49899.42,48976.86,49787.84,164928200
2023-11-03,50654.11,51926.51,50249.03,51266.73,235378400
2023-11-06,51127.32,52181.65,51127.32,51633.63,233795300
2023-11-07,51487.69,51710.26,50941.05,51209.85,244230200
2023-11-08,51279.78,51531.83,50874.21,51016.30,144881600
2023-11-09,50977.92,51241.35,50812.14,51071.03,200702400
2023-11-10,51013.69,51329.47,50977.23,51258.24,163797100
2023-11-13,51216.27,51336.50,51046.70,51090.91,169830400
2023-11-14,51149.16,52571.86,51149.16,52511.37,216405300
2023-11-15,52454.44,52916.83,52454.44,52796.47,243861900
2023-11-16,52686.94,52720.85,52310.06,52469.36,184817600
2023-11-17,52471.74,52832.02,52452.46,52685.10,141131300
2023-11-21,52467.00,52701.13,51986.84,52504.29,184119600
2023-11-22,52560.13,52862.57,52526.48,52670.01,147618900
2023-11-23,52803.29,53108.76,52738.19,53059.54,37636200
2023-11-24,52967.48,53180.46,52568.54,52938.42,96360900
2023-11-27,52919.82,52919.82,52132.41,52220.49,199742200
2023-11-28,52184.12,52623.42,52172.56,52359.00,197156600
2023-11-29,52284.33,52879.43,52253.59,52792.81,198421400
2023-11-30,52830.94,54165.81,52683.38,54060.01,793435900
2023-12-01,53955.79,54088.84,53652.56,53901.43,183696900
2023-12-04,53924.38,54223.02,53764.28,54053.63,227438800
2023-12-05,54094.32,54163.83,53400.76,54120.91,250335400
2023-12-06,54106.43,54446.88,54017.06,54100.37,227010400
2023-12-07,54012.81,54509.40,53970.45,54456.78,208628600
2023-12-08,54340.09,54574.11,54042.48,54393.01,192868500
2023-12-11,54438.22,54604.08,54143.75,54439.12,191407600
2023-12-13,54266.63,55250.08,53933.30,55167.86,258658100
2023-12-14,55346.47,57077.52,55346.47,57036.42,313194800
2023-12-15,57065.25,57502.12,56723.24,57130.08,601094400
2023-12-18,57074.21,57910.55,56772.14,57732.81,183221200
2023-12-19,57737.41,58338.32,57374.39,57694.34,218941700
2023-12-20,57689.35,57826.89,56811.44,56909.37,206219900
2023-12-21,56998.77,57599.91,56998.77,57487.70,109613500
2023-12-22,57603.17,57694.85,57225.17,57313.47,93654100
2023-12-26,57356.31,57974.92,57335.70,57745.79,51390900
2023-12-27,57647.50,57914.05,57480.79,57554.47,76005000
2023-12-28,57577.84,57806.42,57218.58,57464.42,56304100
2023-12-29,57475.39,57522.95,57178.47,57386.25,66550500
2024-01-02,57456.81,57456.81,56593.51,56980.44,70724900
2024-01-03,56996.27,56996.27,55634.01,55726.64,98424800
2024-01-04,55732.95,55893.29,55203.99,55406.96,98384300
2024-01-05,55420.10,56246.22,55388.72,56192.78,117230100
2024-01-08,56227.93,56301.52,55908.18,56175.67,129022300
2024-01-09,56233.15,56233.15,55073.35,55105.58,179710800
2024-01-10,55104.84,55535.15,55029.48,55318.67,199388700
2024-01-11,55313.93,55612.30,55155.84,55438.75,169535700
2024-01-12,55463.32,55898.44,55461.23,55607.07,168914200
2024-01-15,55654.39,55671.98,55435.75,55501.11,17535400
2024-01-16,55504.07,55641.71,55073.84,55124.58,222231500
2024-01-17,55147.94,55147.94,54367.17,54711.69,265467800
2024-01-18,54690.58,54823.04,54346.58,54707.89,206055900
2024-01-19,54728.14,55488.80,54499.43,55452.10,213233300
2024-01-22,55418.10,55434.15,54629.19,54667.61,185280700
2024-01-23,54751.66,55578.55,54751.66,55502.90,172481500
2024-01-24,55564.10,55908.15,55273.77,55419.55,241517100
2024-01-25,55408.32,56391.46,54968.56,56160.07,292610000
2024-01-26,56321.38,57164.08,56178.71,56855.88,209368000
2024-01-29,56813.73,57229.32,56806.23,57175.73,214253500
2024-01-30,57151.18,57612.01,56711.94,57537.14,265265700
2024-01-31,57449.59,57829.01,57051.88,57372.76,232735200
2024-02-01,57367.28,58221.17,57367.28,57828.08,178933700
2024-02-02,58012.88,58273.17,57744.34,58226.77,166980800
2024-02-06,58271.75,59015.40,57782.70,58645.42,266012200
2024-02-07,58625.93,59020.55,58382.76,58711.87,182573800
2024-02-08,58856.23,58856.23,57700.60,57762.44,251848900
2024-02-09,57832.43,57908.34,57287.34,57327.50,130498900
2024-02-12,57339.97,57802.24,57294.72,57418.55,173539100
2024-02-13,57277.79,57382.48,56812.64,56906.99,168142700
2024-02-14,56872.38,57318.62,56872.38,57248.47,202355300
2024-02-15,57216.58,57612.70,57160.60,57251.89,212858400
2024-02-16,57224.21,57421.97,56987.42,57132.11,158971900
2024-02-19,57205.06,57567.39,56804.67,57490.05,34690500
2024-02-20,57250.20,57602.21,57119.36,57227.67,233605200
2024-02-21,57257.08,57269.13,56782.81,57021.03,197674400
2024-02-22,57024.26,57407.39,56773.55,57148.73,207938900
2024-02-23,57187.20,57205.83,56432.61,56659.80,216265500
2024-02-26,56649.42,56649.42,56035.75,56194.72,214213000
2024-02-27,56192.97,56399.07,55915.87,56241.03,217701900
2024-02-28,56233.83,56268.98,55085.80,55350.61,208760600
2024-02-29,55375.19,55719.90,55111.00,55414.00,506671300
2024-03-01,55396.30,55984.87,55184.85,55536.32,152945900
2024-03-04,55451.05,55852.78,55411.09,55462.49,147751600
2024-03-05,55450.03,55647.31,55104.62,55476.25,177401700
2024-03-06,55464.05,55757.23,55217.91,55284.51,163414700
2024-03-07,55305.71,55494.12,54978.64,55049.49,168372600
2024-03-08,55134.63,55313.86,54890.26,54935.99,134726600
2024-03-11,54876.61,55373.86,54752.41,55076.12,190194700
2024-03-12,55145.29,55199.60,54713.48,54898.95,203210800
2024-03-13,54902.31,55881.67,54853.52,55848.72,205029200
2024-03-14,55838.32,56427.43,55838.32,56059.26,226717800
2024-03-15,56163.26,56575.51,55855.16,56228.40,935202200
2024-03-19,56137.15,56137.15,55494.10,55548.07,194973900
2024-03-20,55543.70,56921.96,55416.19,56618.01,172304700
2024-03-21,56715.25,57015.82,56544.05,56657.44,197838300
2024-03-22,56676.82,56805.66,56517.40,56610.54,170059500
2024-03-25,56565.11,56820.30,56311.99,56552.54,89283000
2024-03-26,56634.85,57422.25,56435.27,57209.70,125010900
2024-03-27,57182.86,57599.08,57007.55,57369.01,114250800
2024-04-01,57423.51,57726.82,57291.95,57653.23,165028800
2024-04-02,57593.62,57830.88,57235.59,57581.81,180753600
2024-04-03,57547.19,58086.42,57300.11,57503.39,189285300
2024-04-04,57539.47,58219.50,57514.18,57882.76,184739700
2024-04-05,57805.19,58227.84,57678.61,58092.44,212252300
2024-04-08,58021.66,58192.32,57749.44,57989.94,154641800
2024-04-09,58010.37,58298.77,57492.06,57571.15,202213300
2024-04-10,57541.86,57541.86,56374.63,56636.54,210376200
2024-04-11,56696.32,56876.65,56485.96,56830.32,200968500
2024-04-12,56918.48,57272.70,56497.88,56565.92,147838800
2024-04-15,56536.47,56709.12,55924.10,55984.00,170645700
2024-04-16,56009.73,56148.00,55626.75,55797.25,225862900
2024-04-17,55788.74,56090.32,55383.25,55415.69,244258900
2024-04-18,55597.79,55941.62,55585.82,55739.43,208671900
2024-04-19,55811.19,56036.72,55579.69,55862.85,138617600
2024-04-22,55852.28,56615.88,55771.55,56551.90,183161700
2024-04-23,56564.58,56906.80,56300.36,56633.75,204292000
2024-04-24,56622.16,56827.02,56188.89,56463.99,254687400
2024-04-25,56619.09,57282.33,56207.45,57071.78,264895300
2024-04-26,57072.96,58002.17,56870.17,57833.85,156980900
2024-04-29,57890.49,58110.37,57512.60,57827.86,222976800
2024-04-30,57835.50,57835.50,56670.53,56727.98,307132500
2024-05-02,56766.40,57021.78,56607.30,56677.05,249952200
2024-05-03,56706.23,57258.41,56668.74,57135.26,175056100
2024-05-06,57204.53,57559.09,57127.03,57282.95,174095400
2024-05-07,57376.07,57445.99,56844.03,57108.32,297798000
2024-05-08,57055.52,57249.77,56661.76,57081.00,263546300
2024-05-09,57118.14,58063.08,57001.53,57846.08,188272300
2024-05-10,57836.59,58090.25,57627.96,57718.04,215416700
2024-05-13,57735.01,58169.69,57664.13,57731.12,121761200
2024-05-14,57890.03,57896.18,57127.46,57231.74,225449200
2024-05-15,57284.92,58135.03,57283.06,57454.65,174206100
2024-05-16,57388.21,57721.48,57232.31,57462.17,188203100
2024-05-17,57506.49,57847.38,57385.25,57583.08,109270500
2024-05-20,57604.25,57725.82,57270.53,57393.28,137307600
2024-05-21,57286.59,57286.59,56638.15,56760.72,175206900
2024-05-22,56653.09,56656.63,56148.63,56432.03,156403600
2024-05-23,56342.20,56407.03,55857.91,55918.38,154664100
2024-05-24,55860.95,55908.65,55368.21,55413.12,148845700
2024-05-27,55428.24,55551.24,55120.48,55452.88,30726500
2024-05-28,55452.80,55526.26,55078.44,55184.95,153188600
2024-05-29,55120.56,55458.43,54352.15,55212.64,247658800
2024-05-30,55169.90,55683.57,54768.40,55352.56,232591600
2024-05-31,55253.50,55588.20,54839.26,55179.24,755398300
2024-06-03,54967.91,55197.11,51358.97,51807.55,299888100
2024-06-04,51894.32,53683.23,51894.32,53485.62,339298300
2024-06-05,53467.37,54536.16,53306.80,54410.51,298596000
2024-06-06,54427.75,55730.31,54038.61,54477.25,300812400
2024-06-07,54477.62,54788.32,52887.25,52977.32,281301700
2024-06-10,52989.20,53652.32,52989.20,53122.58,209603900
2024-06-11,53184.54,53567.24,52624.87,53134.06,241229900
2024-06-12,53220.09,53767.39,52928.94,52975.89,257816700
2024-06-13,52978.19,53072.21,52209.61,52275.65,212337200
2024-06-14,52218.93,52482.81,51872.13,52222.94,268209500
2024-06-17,52247.33,52438.78,52000.77,52397.20,170039700
2024-06-18,52341.32,53547.49,52271.75,53191.25,183424000
2024-06-19,53220.38,53389.80,53190.56,53323.37,32765100
2024-06-20,53202.65,53414.15,52819.54,53333.03,204979100
2024-06-21,53370.23,53405.11,52698.68,52788.50,1105858400
2024-06-24,52741.54,53136.73,52388.42,52512.91,218204500
2024-06-25,52472.32,52690.10,51847.71,52604.05,273486500
2024-06-26,52630.45,52779.66,51993.92,52468.01,298607100
2024-06-27,52284.12,52470.77,52082.76,52310.96,273035000
2024-06-28,52455.93,52780.32,51980.72,52440.02,243725000
2024-07-01,52452.44,53159.30,52452.44,52883.97,197511800
2024-07-02,52842.66,53126.97,51802.50,51947.89,264359400
2024-07-03,52057.26,53054.17,52036.02,52796.26,139483800
2024-07-04,52817.56,52974.24,52572.78,52654.85,20477300
2024-07-05,52703.12,52770.47,52216.90,52333.16,167390100
2024-07-08,52227.48,53020.03,52214.51,52907.69,217413400
2024-07-09,52886.07,53405.57,52838.63,53331.81,204901100
2024-07-10,53409.82,54342.27,53349.35,54279.88,248590500
2024-07-11,54328.38,54629.55,54281.10,54422.59,176982900
2024-07-12,54398.61,55078.15,54205.11,54953.11,206531300
2024-07-15,54894.92,55120.42,54243.09,54311.99,177278000
2024-07-16,54337.22,54594.69,54068.81,54378.19,208004700
2024-07-17,54346.14,54448.48,53507.42,53744.78,237669200
2024-07-18,53803.60,54045.73,52919.18,53043.00,233238400
2024-07-19,53048.38,53793.10,52889.88,53678.52,131925200
2024-07-22,53656.17,54161.08,53575.13,54006.92,280362400
2024-07-23,53726.81,54063.01,53539.34,53707.74,267716500
2024-07-24,53651.36,53941.54,53051.26,53168.41,227583200
2024-07-25,53085.11,53300.48,52692.76,52931.87,336606200
2024-07-26,52959.76,53157.34,52559.26,52819.58,301551800
2024-07-29,52837.30,53235.57,52438.45,52515.78,302616800
2024-07-30,52574.96,52973.39,52228.12,52325.42,292415800
2024-07-31,52279.65,53313.56,52279.65,53136.84,64213700
2024-08-01,53138.53,53138.53,52302.71,52417.48,315067500
2024-08-02,52379.62,52379.62,51734.41,52242.38,230931200
2024-08-05,52047.16,52124.55,51259.73,51776.48,167685900
2024-08-06,51890.43,52494.20,51834.23,52399.63,209484300
2024-08-07,52419.12,52935.55,52415.47,52680.90,221599200
2024-08-08,52748.47,53116.73,52615.14,52876.55,182699900
2024-08-09,52872.71,53118.01,52771.59,53051.54,145598100
2024-08-12,53085.63,53165.09,52626.94,53040.35,156078100
2024-08-13,53185.16,53730.80,53185.16,53674.20,174800800
2024-08-14,53659.64,53787.78,53399.19,53718.95,208928500
2024-08-15,53678.80,54311.71,53678.80,54264.92,186810600
2024-08-16,54262.27,54343.28,54005.98,54083.78,163832600
2024-08-19,54026.93,54293.12,54026.93,54104.68,132430500
2024-08-20,54130.42,54302.27,53820.87,53991.06,178585400
2024-08-21,53979.31,54144.86,53620.96,53864.73,221702300
2024-08-22,53811.87,54136.93,53273.12,53316.20,303743700
2024-08-23,53368.18,53807.37,53341.53,53490.92,245775900
2024-08-26,53436.98,53733.69,53107.86,53171.31,211433800
2024-08-27,53122.58,53403.01,52457.73,52474.31,200486300
2024-08-28,52500.07,52972.61,52388.48,52439.87,239110300
2024-08-29,52511.05,53302.31,52476.85,53138.96,216583800
2024-08-30,52945.72,53102.09,52744.52,52913.50,464816500
2024-09-02,52133.89,52737.12,52091.59,52493.38,31027700
2024-09-03,52421.70,52462.74,51507.48,51589.42,200061900
2024-09-04,51571.67,52232.51,51466.16,51811.37,178945500
2024-09-05,51791.82,52149.44,51597.65,51661.48,194167800
2024-09-06,51727.46,51924.52,50912.97,51083.44,147262100
2024-09-09,51044.56,51578.67,51020.33,51136.05,153374100
2024-09-10,51099.70,51283.87,50790.24,50973.11,241346500
2024-09-11,50990.32,51318.33,50782.11,51195.76,238237900
2024-09-12,51158.21,52137.38,51158.21,51999.73,229945500
2024-09-13,52005.65,52431.65,51877.41,52016.85,141368600
2024-09-17,51978.63,52796.49,51978.63,52273.53,203046700
2024-09-18,52350.40,52783.81,52193.85,52582.89,144912400
2024-09-19,52735.25,53114.01,52636.70,52918.04,204810500
2024-09-20,52913.12,52913.12,52082.45,52190.48,899081100
2024-09-23,52231.93,52547.38,51895.92,52422.24,202239000
2024-09-24,52529.94,53711.58,52529.94,53653.95,279229500
2024-09-25,53496.74,53597.83,53100.25,53190.93,221523300
2024-09-26,53052.69,54201.46,53052.69,53590.52,241227200
2024-09-27,53540.23,53846.37,52722.22,52778.17,234650300
2024-09-30,52854.82,52865.08,52368.51,52477.30,246167800
2024-10-02,52324.65,52771.20,51654.61,52199.66,312648600
2024-10-03,52183.99,52183.99,51507.52,51674.54,261782100
2024-10-04,51763.54,52984.36,51731.62,52609.87,208825900
2024-10-07,52587.77,53067.02,51943.00,52039.87,178648000
2024-10-08,52085.07,52095.76,51567.96,51764.64,242914100
2024-10-09,51799.49,52409.57,51699.27,51869.14,198227500
2024-10-10,51875.63,52475.60,51741.71,52391.29,230013700
2024-10-11,52485.19,52529.26,52213.62,52395.66,154454300
2024-10-14,52375.54,52377.01,51864.78,52000.59,199140900
2024-10-15,52010.75,52410.31,51922.15,52377.78,251831300
2024-10-16,52281.28,52601.45,52212.02,52483.62,249953300
2024-10-17,52392.22,52680.08,52287.59,52463.66,153665700
2024-10-18,52510.92,53076.69,52354.14,53027.42,178429600
2024-10-21,53054.25,53141.54,52538.99,52814.82,144294000
2024-10-22,52753.32,52753.32,51877.40,52368.69,248595200
2024-10-23,52183.12,52506.68,51878.57,52142.13,206239900
2024-10-24,52175.86,52421.65,51543.17,51795.56,221584000
2024-10-25,51822.28,52221.66,51743.29,51784.33,201308500
2024-10-28,51744.79,51890.22,51457.53,51816.30,206401300
2024-10-29,51760.37,51911.31,51127.88,51166.29,210440700
2024-10-30,51172.13,51227.75,50803.54,50877.24,207690000
2024-10-31,50821.74,50942.30,50520.96,50661.05,250299800
2024-11-01,50688.27,50886.77,50542.70,50622.39,151375500
2024-11-04,50595.33,51193.34,50446.34,50882.54,140020400
2024-11-05,50639.43,50934.65,50253.88,50831.51,179682400
2024-11-06,50625.60,51812.71,49486.17,51732.46,247299800
2024-11-07,51800.52,52594.22,51580.85,52311.08,254701500
2024-11-08,51937.38,52028.21,51370.36,51845.17,163291100
2024-11-11,51765.41,51907.05,51410.29,51449.43,156138300
2024-11-12,51492.63,51514.40,50984.01,51096.64,170233500
2024-11-13,51074.86,51134.84,50706.11,50747.63,179935900
2024-11-14,50790.59,50905.00,50380.00,50553.31,198739000
2024-11-15,50321.77,50860.10,50321.77,50469.40,153069300
2024-11-19,50493.48,50759.37,50165.78,50222.40,194469200
2024-11-20,50276.58,50368.18,49976.47,50168.88,221524100
2024-11-21,50099.45,50593.90,50064.85,50174.64,234439800
2024-11-22,50149.27,50499.64,49921.78,50430.02,208581600
2024-11-25,50366.75,50931.28,50136.56,50207.18,773789900
2024-11-26,50135.86,50298.85,49562.99,49721.85,200052600
2024-11-27,49690.49,50098.08,49600.03,49787.82,218921000
2024-11-28,49812.09,50102.83,49756.48,49941.27,40831100
2024-11-29,49748.65,50406.66,49458.79,49812.64,159873700
2024-12-02,49954.98,50610.82,49954.98,50414.17,216614800
2024-12-03,50565.98,51050.98,50400.10,50828.06,226628600
2024-12-04,50828.47,51370.12,50745.56,51249.80,208061300
2024-12-05,51143.51,51912.21,51087.58,51756.84,209957600
2024-12-06,51644.52,51819.76,51263.92,51348.80,178103100
2024-12-09,51417.93,52291.89,51370.39,52190.68,192663100
2024-12-10,52207.76,52207.76,51343.14,51377.28,184825200
2024-12-11,51285.29,51433.08,50975.49,51284.21,202300900
2024-12-13,51265.18,51717.64,51043.68,51619.75,263266300
2024-12-16,51626.66,51639.95,50784.56,50849.43,240713500
2024-12-17,50718.05,50928.81,50371.27,50500.34,276368200
2024-12-18,50414.44,50636.90,49896.07,49968.44,208794600
2024-12-19,49919.59,50657.93,49200.60,49254.47,176312900
2024-12-20,49263.04,49819.56,49174.44,49586.21,830185700
2024-12-23,49530.78,49738.28,49031.88,49450.89,81066100
2024-12-24,49449.23,49668.79,49225.23,49316.62,30757200
2024-12-26,49303.29,49622.57,49184.30,49535.58,65869500
2024-12-27,49527.99,50209.70,49225.60,49290.58,94708800
2024-12-30,49298.89,49309.95,48769.88,48837.72,115169800
2024-12-31,48835.61,49663.63,48835.61,49513.27,80718100
2025-01-02,49606.88,50023.97,49606.88,49765.20,87535300
2025-01-03,49760.24,49847.31,48878.40,48957.24,112782300
2025-01-06,49187.91,50131.35,49093.64,49493.56,139872100
2025-01-07,49567.77,50259.11,49567.77,50085.50,142173400
2025-01-08,50114.79,50114.79,49492.28,49634.26,154747700
2025-01-09,49639.52,50609.89,49639.52,49807.96,63313100
2025-01-10,49734.97,49953.79,49435.16,49596.70,160536300
2025-01-13,49609.82,49917.77,49320.01,49829.97,169265000
2025-01-14,49833.97,50183.61,49754.07,49844.00,187154900
2025-01-15,49931.01,50323.00,49905.52,50242.84,201696100
2025-01-16,50314.90,50379.28,49888.58,49948.15,199200100
2025-01-17,49963.64,50434.73,49907.31,49940.89,145650700
2025-01-20,49923.78,50317.41,49895.97,50201.32,48486800
2025-01-21,50205.45,50664.13,50104.32,50450.26,152784600
2025-01-22,50517.08,51374.49,50214.78,50944.58,246763600
2025-01-23,50989.19,51324.75,50358.80,51054.91,201852500
2025-01-24,51059.40,51455.54,50999.04,51357.31,188988000
2025-01-27,51173.41,51874.65,51125.91,51687.45,141375900
2025-01-28,51696.31,51846.19,51393.07,51535.96,194650000
2025-01-29,51487.56,51650.10,51022.67,51555.78,176057000
2025-01-30,51619.54,52375.65,51589.63,52050.25,174076600
2025-01-31,52025.43,52313.96,51080.87,51209.53,227881200
2025-02-04,51407.23,52074.56,51200.40,51889.75,255089100
2025-02-05,51853.36,52696.53,51425.08,51570.19,239296000
2025-02-06,51579.29,52773.03,51579.29,52674.79,260554400
2025-02-07,52666.51,52955.76,52603.65,52817.75,174281200
2025-02-10,52883.23,53378.04,52870.40,52928.12,202338600
2025-02-11,52901.19,53579.94,52572.94,53451.64,204640300
2025-02-12,53340.29,54234.65,53003.05,54065.72,242024100
2025-02-13,54046.34,54440.37,53883.13,54160.11,205219300
2025-02-14,54137.44,54325.21,53948.50,54077.94,289621500
2025-02-17,54068.05,54349.95,53762.36,54291.64,25452300
2025-02-18,54294.83,54670.85,53972.18,54476.74,170281000
2025-02-19,54426.58,54477.09,53977.42,54096.51,163857100
2025-02-20,54118.46,54506.94,53824.12,54303.93,136034500
2025-02-21,54310.00,54382.21,53462.90,53738.75,92877500
2025-02-24,53784.45,53980.45,53250.30,53704.45,153016300
2025-02-25,53771.52,53771.52,52888.85,53050.33,225733300
2025-02-26,53090.25,53475.74,52830.83,53296.71,237113000
2025-02-27,53434.32,53446.35,52333.76,52607.61,239110200
2025-02-28,52665.44,52893.30,52235.22,52325.73,484856000
2025-03-03,52259.49,53372.92,52010.74,52081.59,177885000
2025-03-04,51938.91,52690.73,50964.73,52384.72,262433700
2025-03-05,52421.39,52748.85,52276.75,52709.40,200899400
2025-03-06,52709.20,53372.67,52392.54,52816.43,245438200
2025-03-07,52758.92,52901.23,51839.15,52839.63,190650400
2025-03-10,52858.46,52858.46,51389.67,51726.88,194675000
2025-03-11,51756.50,51855.25,51159.40,51510.68,215530600
2025-03-12,51526.88,52122.22,51305.14,52041.01,232437300
2025-03-13,52021.10,52268.98,51798.70,51877.12,179916700
2025-03-14,51988.67,52626.95,51983.04,52484.28,226977800
2025-03-18,52665.89,53180.10,52598.49,52773.32,200231400
2025-03-19,52747.05,53339.99,52677.03,53060.76,213695800
2025-03-20,53093.80,53163.81,52837.85,53100.83,193186400
2025-03-21,53156.44,53167.69,52525.64,52672.42,699295600
2025-03-24,52780.79,52994.03,52599.94,52674.84,153630100
2025-03-25,52670.06,53283.35,52670.06,53203.26,186158900
2025-03-26,53258.40,53270.67,52729.12,52806.89,179878100
2025-03-27,52782.85,53539.86,52691.22,53477.74,210148600
2025-03-28,53351.34,53573.31,52716.22,53172.97,168304100
2025-03-31,53068.68,53068.68,52149.50,52484.43,195253200
2025-04-01,52546.87,53417.50,52284.65,53337.90,208022000
2025-04-02,53235.80,53853.48,53005.41,53800.93,173365200
2025-04-03,53438.41,54874.93,53001.11,54089.28,259297600
2025-04-04,53818.02,53818.02,51175.01,51452.73,168655800
2025-04-07,51313.70,51867.05,49799.28,50458.32,464057500
2025-04-08,50675.25,51460.75,50174.08,50316.59,338824800
2025-04-09,50362.85,52721.89,49874.04,52527.67,373032500
2025-04-10,52531.27,52531.27,51386.73,51514.82,266889500
2025-04-11,51550.16,52138.64,51437.42,51498.90,219863200
2025-04-14,51553.56,52814.69,51553.56,52391.35,173187400
2025-04-15,52328.79,52909.78,52259.43,52643.04,177897600
2025-04-16,52699.68,53459.57,52590.76,53018.57,168232900
2025-04-21,53117.82,53878.36,53117.44,53758.75,166886500
2025-04-22,53665.03,54833.67,53665.03,54777.84,249716500
2025-04-23,54846.48,56240.95,54846.48,55766.58,239655200
2025-04-24,55774.46,56730.63,55603.72,56382.00,249950000
2025-04-25,56377.39,56842.66,56058.22,56720.12,217532100
2025-04-28,56804.88,57415.86,56644.37,56980.13,193000200
2025-04-29,56940.57,57098.48,55505.21,55613.43,240938000
2025-04-30,55602.80,56336.46,55241.51,56259.28,226957400
2025-05-02,56302.80,56314.16,55468.19,55811.99,187308500
2025-05-05,55754.22,56013.16,55405.87,55835.99,111481900
2025-05-06,55767.59,57456.01,55619.08,57349.83,166331300
2025-05-07,57270.38,58077.77,57062.94,57954.39,236411100
2025-05-08,57949.35,58392.60,56751.29,56866.76,204755600
2025-05-09,56771.00,57268.89,56456.24,56551.18,178391500
2025-05-12,56985.19,57215.87,55872.66,56765.58,157919700
2025-05-13,56773.03,57782.86,56541.29,57357.54,192326600
2025-05-14,57421.57,57710.06,57133.85,57644.94,186765600
2025-05-15,57579.73,58113.53,57179.20,57959.72,166967600
2025-05-16,57970.88,58223.94,57685.82,57987.14,126627200
2025-05-19,58016.74,58857.61,57764.24,58493.39,174052700
2025-05-20,58413.01,58791.65,58250.99,58311.15,199140300
2025-05-21,58276.04,58632.23,58071.10,58568.01,172971700
2025-05-22,58397.59,58561.77,57795.68,57894.82,185193000
2025-05-23,57707.60,58492.09,57234.38,58410.37,166225100
2025-05-26,58337.47,58536.52,58225.86,58459.16,30513200
2025-05-27,58449.16,59735.43,58324.50,58593.83,233318900
2025-05-28,58502.42,58992.18,58409.80,58735.86,217764500
2025-05-29,58699.36,59079.32,58565.87,58614.41,168519600
2025-05-30,58562.80,58578.91,57796.14,57841.69,544076100
2025-06-02,57973.40,58600.78,57609.72,57705.48,193378900
2025-06-03,57696.61,57866.95,57443.59,57639.07,183189600
2025-06-04,57568.13,57941.05,57415.51,57484.52,198018300
2025-06-05,57487.81,57981.46,57487.81,57777.49,161668600
2025-06-06,57704.13,58157.29,57145.56,58061.41,154880900
2025-06-09,58147.59,58325.75,57748.99,57813.38,106858800
2025-06-10,57686.74,58173.96,57608.43,58098.51,162634800
2025-06-11,58064.58,58431.08,57728.03,57767.33,212579900
2025-06-12,57766.57,58098.59,57488.53,57829.74,206129500
2025-06-13,57726.42,57726.42,57156.48,57438.57,169109300
2025-06-16,57495.71,57834.53,56980.58,57046.85,189202000
2025-06-17,56963.94,57119.28,56539.27,56676.82,166601700
2025-06-18,56635.27,56945.12,56423.65,56729.57,169049100
2025-06-19,56745.72,56823.60,56018.56,56068.16,32711700
2025-06-20,56122.21,56427.34,55920.25,56264.69,1128789100
2025-06-23,56104.74,56192.76,55603.77,56080.06,141476100
2025-06-24,56060.46,56807.92,56054.53,56743.28,155703300
2025-06-25,56630.50,57076.08,56630.50,56933.19,198069800
2025-06-26,56926.37,57620.72,56681.96,57474.19,139118600
2025-06-27,57489.81,57901.22,57318.07,57391.51,145717800
2025-06-30,57336.04,57886.68,57334.55,57450.88,171950600
2025-07-01,57446.31,57870.11,57244.85,57813.82,154918300
2025-07-02,57806.25,58452.08,57806.25,58346.72,233051600
2025-07-03,58313.65,58680.87,57785.63,57890.99,153607400
2025-07-04,57930.10,58078.49,57852.88,57977.76,18755700
2025-07-07,58005.61,58062.86,57342.87,57423.40,129960800
2025-07-08,57338.27,57434.29,56821.70,57183.32,135810100
2025-07-09,57159.72,57232.98,56617.77,56687.54,177519600
2025-07-10,56660.34,56809.71,56370.49,56739.90,164963200
2025-07-11,56618.12,56779.35,56100.69,56593.65,145037400
2025-07-14,56567.29,56655.94,56085.24,56362.67,146742700
2025-07-15,56405.55,56716.56,56186.50,56482.91,185149100
2025-07-16,56448.47,56714.09,56368.19,56503.04,176679300
2025-07-17,56413.50,56864.03,56358.34,56714.92,214690600
2025-07-18,56724.73,56798.08,56190.61,56273.45,169999000
2025-07-21,56325.89,56425.09,55738.83,55841.30,208490000
2025-07-22,55945.11,56020.86,55287.90,55517.81,249620700
2025-07-23,55718.87,56556.77,55689.65,56478.90,312979800
2025-07-24,56713.08,57091.24,56511.44,57035.90,224596700
2025-07-25,56960.37,57358.08,56772.59,57323.14,147271700
2025-07-28,57369.62,57369.62,56608.03,57083.56,187572600
2025-07-29,57052.10,57961.29,56566.25,57820.78,162399600
2025-07-30,57787.85,57959.60,57207.90,57395.85,187189000
2025-07-31,57280.59,57693.45,57091.15,57397.93,194415200
2025-08-01,57485.57,57485.57,56721.55,56900.07,142620500
2025-08-04,56851.90,56934.81,56486.86,56650.26,168528200
2025-08-05,56545.68,57156.10,56545.68,57071.56,132849500
2025-08-06,57021.38,57692.37,57021.38,57154.22,151734500
2025-08-07,57102.21,58301.71,57102.21,58260.88,169427900
2025-08-08,58264.08,58496.40,58028.49,58070.17,110022800
2025-08-11,58034.36,58441.18,58021.36,58342.87,135637600
2025-08-12,58303.44,58828.47,58233.17,58675.04,162638000
2025-08-13,58661.47,58847.21,58341.02,58477.57,163130300
2025-08-14,58334.00,58405.91,57922.42,58167.27,100882500
2025-08-15,58117.00,58541.33,58117.00,58320.48,91076800
2025-08-18,58378.87,58486.28,58028.56,58319.70,131255300
2025-08-19,58224.28,58534.63,58209.41,58462.79,138750100
2025-08-20,58436.45,58565.59,58124.25,58221.47,114319600
2025-08-21,58169.86,58838.82,58169.86,58663.97,210627500
2025-08-22,58598.15,59399.72,58564.05,59225.48,278168900
2025-08-25,59242.39,59250.21,58400.13,58492.13,130126700
2025-08-26,58504.22,58623.46,58058.01,58132.40,370248900
2025-08-27,58138.32,58699.37,57623.87,58647.52,178606200
2025-08-28,58663.99,59421.61,58531.28,59151.68,159754300
2025-08-29,59218.58,59256.86,58670.57,58708.86,174166900
2025-09-01,58670.29,58982.75,58398.75,58865.03,21556400
2025-09-02,58949.49,59822.81,58503.90,59747.88,159097300
2025-09-03,59735.03,60120.44,59449.95,59651.57,191416200
2025-09-04,59659.48,59937.24,59331.23,59867.62,175744200
2025-09-05,59954.93,60560.44,59954.93,60479.76,186046700
2025-09-08,60489.14,60684.35,60199.84,60649.76,175925500
2025-09-09,60688.06,60820.86,60447.13,60679.53,172272600
2025-09-10,60643.14,60987.35,60431.63,60489.19,156040900
2025-09-11,60686.63,61886.12,60605.32,61553.58,201091300
2025-09-12,61596.89,61941.99,61535.96,61798.94,157237100
2025-09-15,61894.85,62252.13,61730.36,62102.13,134046500
2025-09-17,61926.29,62177.86,61493.16,61596.23,217955800
2025-09-18,61605.75,61605.75,60860.09,61323.95,249209100
2025-09-19,61301.22,61680.69,61085.46,61200.27,1099809700
2025-09-22,61175.56,62051.34,61102.77,62004.11,106765300
2025-09-23,61983.80,62453.19,61833.76,62368.19,158765000
2025-09-24,62484.14,62665.94,61689.64,61905.95,179966700
2025-09-25,61796.63,62273.93,61688.19,61945.04,133100900
2025-09-26,61914.70,62548.59,61899.73,62307.07,151682200
2025-09-29,62274.63,62962.93,62274.63,62610.12,160834900
2025-09-30,62521.06,63128.53,62397.59,62915.57,271752100
2025-10-01,62946.16,63182.59,61710.58,61929.72,174385300
2025-10-02,61947.15,62290.10,61184.81,62220.31,166009500
2025-10-03,62132.50,62521.92,61774.12,61984.43,135294700
2025-10-06,60749.65,60933.92,60110.48,60404.19,143999600
2025-10-07,60414.49,60828.42,60155.69,60215.75,131557600
2025-10-08,60178.29,60930.93,60178.29,60888.56,145654300
2025-10-09,60931.10,61274.75,60388.66,60819.31,169959500
2025-10-10,60869.44,61160.67,60455.32,60568.93,160808600
2025-10-13,60808.00,61471.70,60678.03,61045.09,99915000
2025-10-14,60967.32,61044.14,60698.99,60785.62,166807300
2025-10-15,60927.27,61716.71,60927.27,61637.54,298666600
2025-10-16,61652.45,62920.80,61611.33,62544.56,161659600
2025-10-17,62501.49,62501.49,61482.91,61743.92,178466800
2025-10-20,61871.33,62086.52,61159.05,61672.35,139130800
2025-10-21,61582.89,61582.89,60599.10,60773.78,147256700
2025-10-22,60779.03,61391.53,60695.24,61308.20,147366900
2025-10-23,61299.12,61643.03,60983.56,61511.95,147342600
2025-10-24,61741.03,61836.01,61018.72,61145.49,158562100
2025-10-27,61424.85,62065.05,61219.45,61860.30,158251500
2025-10-28,61900.30,62879.31,61900.30,62795.24,230140600
2025-10-29,62569.06,63540.28,62558.72,63352.85,110231300
2025-10-30,63014.09,63275.83,62841.22,62889.86,180280900
2025-10-31,63007.90,63229.49,62433.83,62769.18,245954000
2025-11-03,62729.51,62834.99,62102.06,62653.89,73037700
2025-11-04,61880.18,62817.24,61289.77,62390.73,129590700
2025-11-05,62288.18,63682.80,62288.18,63378.51,197026600
2025-11-06,63458.48,63599.56,62996.49,63093.12,140698900
2025-11-07,63149.79,63491.55,62971.59,63376.13,134553200
2025-11-10,63379.65,63633.59,63061.90,63094.01,152139300
2025-11-11,63178.65,64406.21,63153.25,64321.27,152349500
2025-11-12,64195.10,64365.75,63098.36,63190.66,166923200
2025-11-13,63316.56,63686.45,62449.74,62529.44,156917500
2025-11-14,62487.36,62820.88,62180.97,62328.63,168643000
2025-11-18,62388.78,62734.24,61901.53,61984.45,199835000
2025-11-19,61964.18,62387.71,61790.36,62080.58,187671000
2025-11-20,62091.09,62764.31,61590.58,61672.19,142360200
2025-11-21,61655.39,62358.89,61454.54,61877.27,172129800
2025-11-24,61840.51,62648.06,61840.51,62522.61,546770100
2025-11-25,62461.23,63266.88,62391.54,63214.56,121380900
2025-11-26,63257.85,63592.47,62987.39,63242.71,134309000
2025-11-27,63221.23,63298.32,62623.51,62694.73,28964300
2025-11-28,62736.83,63876.43,62577.94,63596.78,96877700
2025-12-01,63720.63,63809.73,63106.87,63551.13,168107500
2025-12-02,63556.16,64077.48,63532.14,63820.61,165680600
2025-12-03,63816.78,63938.04,63326.67,63597.44,140339400
2025-12-04,63587.52,63760.74,63411.57,63714.86,143744400
2025-12-05,63745.21,64006.48,63338.26,63378.30,109971100
2025-12-08,63496.47,63794.01,63166.49,63528.00,142320000
2025-12-09,63602.03,64087.31,63317.02,63694.68,184967300
2025-12-10,63674.19,63847.98,63227.74,63409.40,162291900
2025-12-11,63448.49,65016.87,63448.49,64712.07,169325000
2025-12-15,64736.67,65250.14,64218.59,64326.16,192760400
2025-12-16,64401.89,64401.89,63170.84,63230.87,181538400
2025-12-17,63304.87,63537.24,62461.06,62528.06,183193500
2025-12-18,62692.46,63913.56,62541.77,63807.32,140430600
2025-12-19,63776.92,64408.25,63560.93,63966.98,639370000
2025-12-22,64102.00,64880.77,63720.49,64778.18,145622100
2025-12-23,64780.99,65683.08,64661.32,65595.41,132166700
2025-12-24,65667.58,65722.96,65225.50,65616.43,16353800
2025-12-26,65719.67,65882.59,65507.77,65636.36,23142800
2025-12-29,65608.54,65608.54,65213.15,65347.08,84397100
2025-12-30,65468.67,65697.63,64329.74,64366.70,70494300
2025-12-31,64450.06,64457.69,63936.15,64308.29,60516200
2026-01-02,64366.62,65090.03,63802.14,64141.36,44991600
2026-01-05,64306.17,65425.96,64306.17,65014.37,89779700
2026-01-06,65137.39,65630.53,64871.63,65022.24,190182900
2026-01-07,64942.30,65156.63,64043.15,64871.70,126392600
2026-01-08,64874.11,65617.40,64477.63,65521.01,147361800
2026-01-09,65542.07,66152.73,65384.57,66062.62,178314200
2026-01-12,66113.53,66942.87,66038.60,66745.61,148969200
2026-01-13,66839.73,66913.68,66214.12,66337.42,212215200
2026-01-14,66485.83,67561.89,66228.17,67403.08,169954200
2026-01-15,67464.68,67656.97,66456.37,66649.28,223545400
2026-01-16,66632.72,67229.19,66511.27,67141.11,192264800
2026-01-19,67254.28,67553.10,66762.29,67467.82,31597200
2026-01-20,67462.88,67945.26,66851.34,67683.38,173477100
2026-01-21,67735.27,68761.37,67735.27,68036.13,189830800
2026-01-22,67989.83,68799.70,67964.97,68347.98,181540000
2026-01-23,68438.86,68533.38,67493.56,68195.15,154468400
2026-01-26,68420.10,69366.71,68420.10,68706.03,143994100
2026-01-27,68612.72,69255.14,68336.05,68877.64,203537500
2026-01-28,69073.56,70037.79,69038.62,69959.73,196931000
2026-01-29,70297.85,70483.16,69033.52,69492.43,202993900
2026-01-30,69190.03,69190.03,67468.04,67598.95,221149100
2026-02-03,68001.12,70111.74,67979.98,69735.06,221519800
2026-02-04,69888.56,69888.56,68186.96,68730.69,218824500
2026-02-05,68335.70,69181.12,67721.97,68858.28,166832400
2026-02-06,68798.31,70870.57,68725.66,70809.57,211525500
2026-02-09,70806.18,71551.29,70651.28,71509.45,143433600
2026-02-10,71535.96,71715.32,71072.46,71271.56,164634400
2026-02-11,71461.00,71675.64,70594.14,71601.35,189694400
2026-02-12,71581.16,72111.41,70465.72,70888.04,263858900
2026-02-13,70973.19,71558.73,70329.29,71478.81,159292900
2026-02-16,71468.99,71535.02,71180.08,71353.29,17352800
2026-02-17,71288.08,71288.08,70691.03,71155.69,142942700
2026-02-18,71156.93,71694.88,70771.96,70885.22,181882700
2026-02-19,70771.22,71284.51,70691.08,70845.66,145226200
2026-02-20,70715.52,71478.09,70715.52,71436.55,133829700
2026-02-23,71171.68,71713.48,70141.84,70633.77,145171300
2026-02-24,70656.46,71114.37,69853.60,70934.82,234152000
2026-02-25,71230.74,71358.67,70626.60,71144.35,207550900
2026-02-26,71026.28,71440.27,70795.17,71390.10,216100000
2026-02-27,71325.97,71890.34,70925.18,71405.77,359876400
2026-03-02,71487.82,71487.82,70092.86,70584.75,177778500
2026-03-03,70241.89,70241.89,66938.45,68436.26,233775400
2026-03-04,68447.86,70513.20,68394.69,70428.03,185020800
2026-03-05,70362.09,70456.18,68306.15,68379.42,179296700
2026-03-06,68167.87,68366.87,67270.41,67313.50,159702900
2026-03-09,67180.14,67180.14,65426.98,66890.27,208956900
2026-03-10,67111.64,67866.65,67023.94,67397.94,222439000
2026-03-11,67363.22,67644.64,67014.66,67559.78,217513200
2026-03-12,67448.57,67480.64,65923.04,66085.81,174883400
2026-03-13,66106.97,66515.64,65575.92,65648.91,104652900
2026-03-17,65829.47,66691.97,65820.31,66196.92,184778200
2026-03-18,66108.10,66163.79,65679.36,65779.23,229922300
2026-03-19,65259.77,65336.63,64444.47,65199.40,152993900
2026-03-20,65210.53,65291.26,63781.25,64134.90,514282400
2026-03-23,64290.54,64815.87,64099.55,64370.95,144444200
2026-03-24,64328.80,65978.81,64119.81,65775.14,176930700
2026-03-25,66008.54,68267.20,66008.54,68187.60,202979600
2026-03-26,67936.03,67936.03,66969.33,67061.34,222426300
2026-03-27,67105.17,67423.76,66546.75,66685.76,187736300
2026-03-30,66728.97,67594.42,66728.97,67087.64,101691600
2026-03-31,67214.83,68954.97,67214.83,68610.72,245662300
2026-04-01,68597.24,69928.49,68597.24,69702.02,165250800
2026-04-06,69811.32,70018.32,68577.58,68986.63,77644400
2026-04-07,68989.57,69181.20,68169.29,68529.22,140977000
2026-04-08,69363.05,71221.55,69363.05,70221.76,164296700
2026-04-09,70065.56,70981.33,70065.56,70314.19,153674400
2026-04-10,70444.36,70802.07,69966.02,70023.39,138024800
2026-04-13,70005.14,70058.96,69479.91,69595.13,199049600
2026-04-14,69813.14,69957.41,68622.67,68941.46,204175800
2026-04-15,69016.43,69740.29,68539.21,69634.71,194123500
2026-04-16,69555.81,69632.61,68731.97,69095.02,178298800
2026-04-17,69082.21,69940.85,69082.21,69825.94,212009800
2026-04-20,69789.81,70205.55,69228.34,70083.73,178734900
2026-04-21,70005.91,70448.58,68648.86,68809.17,169076100
2026-04-22,68929.56,69583.17,68697.20,68836.92,173292000
2026-04-23,68825.67,69415.56,68511.72,68631.16,182821100
2026-04-24,68591.16,69668.78,68591.16,69230.56,165811700
2026-04-27,69153.58,69176.77,67942.48,67992.36,153756600
2026-04-28,67905.95,67912.29,66883.12,67269.29,190731800
2026-04-29,67418.14,67597.40,66861.93,67097.06,188323100
2026-04-30,67140.29,68070.20,67140.29,67858.09,163003900
2026-05-04,67983.51,68224.24,67201.17,67283.60,181506900
2026-05-05,67527.55,68826.91,67453.02,68590.57,232247700
2026-05-06,69063.14,69899.89,68804.30,69855.23,211436500
2026-05-07,69846.94,70708.53,69534.62,70019.45,214440800
2026-05-08,70046.38,70643.24,69739.95,69855.58,178995300
2026-05-11,69762.46,70717.05,69762.46,70246.30,122696200
2026-05-12,70228.29,70313.83,69577.54,70036.66,101806300
2026-05-13,70005.21,70792.79,69963.31,70187.45,137912400
2026-05-14,70190.63,70890.09,68836.74,69206.85,128255100
2026-05-15,69061.72,69061.72,67721.71,67976.50,119327500
2026-05-18,68111.46,68461.39,67765.10,68405.20,161313800
2026-05-19,68211.85,68823.44,67607.38,68555.63,165146600
2026-05-20,68479.71,69136.70,68317.38,68893.93,183867200
2026-05-21,68927.73,68927.73,68245.49,68384.41,159696800
2026-05-22,68575.05,68592.57,67914.84,68333.47,140644800
2026-05-25,68411.96,68665.87,68147.45,68261.17,20484900
2026-05-26,68099.93,69268.12,68027.16,69197.57,136611100
2026-05-27,69138.75,70458.18,69052.05,70021.35,199521200
2026-05-28,70103.29,70103.29,68714.40,68866.28,197862200
2026-05-29,68703.78,68899.42,67709.99,68587.74,1010017500
2026-06-01,68503.55,68545.37,67699.08,68137.03,193828600
2026-06-02,68165.47,69213.71,68119.81,68890.33,174822300
2026-06-03,68809.24,68963.09,68187.42,68285.82,191614200
2026-06-04,68331.51,68331.51,67197.62,67392.19,170681200
2026-06-05,67142.78,67142.78,65955.41,66141.38,197106100
2026-06-08,66247.62,66420.73,65594.67,65698.10,168173800
2026-06-09,66049.92,66480.02,64666.24,65409.48,197644400
2026-06-10,65033.25,65774.24,64688.68,64821.61,196168800
2026-06-11,64962.02,67068.72,64962.02,66977.05,214709900
2026-06-12,67045.06,68207.88,67045.06,67954.55,154752800
2026-06-15,68326.57,69220.67,68135.95,68207.60,218104300
2026-06-16,68156.61,68831.15,68090.56,68482.94,187113100
2026-06-17,68451.26,69067.52,68198.58,68304.73,189428100
2026-06-18,68334.56,68838.42,68190.07,68265.11,262035600
2026-06-19,68228.73,68346.17,67367.38,67705.37,387460100
2026-06-22,67590.36,67918.37,67064.65,67125.26,206422400
2026-06-23,66646.20,67339.46,66048.00,66848.42,188807400
2026-06-24,66703.67,67116.32,66117.95,66278.01,220442100
2026-06-25,66486.49,67488.76,66439.73,67416.22,185721800
2026-06-26,67349.92,67668.34,66911.16,67226.01,130375900
2026-06-29,67226.01,68034.55,67059.58,67640.59,41661100
2026-06-30,67596.83,67865.36,66894.62,66966.68,213110800
2026-07-01,66966.68,67435.72,66614.42,67247.79,162396400
2026-07-02,66990.87,68044.67,66976.91,67071.11,102815300
2026-07-03,67352.67,67402.75,66816.77,67060.49,28961900
2026-07-06,67132.10,67780.34,67099.66,67466.46,154898400
2026-07-07,67450.26,67666.07,66526.12,66674.70,128252500
2026-07-08,66526.65,66763.02,65846.95,66609.64,105527300
2026-07-09,66831.04,66945.12,66019.15,66107.28,142189700
2026-07-10,66140.53,66798.05,66140.53,66496.10,127900100
2026-07-13,66345.02,66614.98,65875.46,65973.08,124716100
2026-07-14,65930.20,66984.89,65930.20,66514.30,130395300
2026-07-15,66688.79,66807.81,66269.87,66399.71,134986700
2026-07-16,66338.62,66717.57,65999.70,66356.09,113883700
2026-07-17,66328.36,66822.62,65997.21,66634.23,140846100
2026-07-20,66605.90,67001.16,66094.86,66122.78,111581200
2026-07-21,66129.07,66809.65,66101.66,66713.83,109351300
2026-07-22,66683.27,67656.30,66634.23,67303.83,115684800
2026-07-23,67369.19,67369.19,66181.08,66266.01,142310800
2026-07-24,66290.18,66748.08,65759.85,66383.26,111291200
2026-07-27,66342.71,67427.57,66342.71,67157.91,101986400
2026-07-28,66998.96,68457.09,66676.41,67307.54,118944900
2026-07-29,67332.48,67432.33,66353.78,66479.89,170040100
2026-07-30,66527.56,67467.66,66472.21,67290.40,112066100
2026-07-31,67302.17,67613.02,66832.91,66936.99,138500300
2026-08-03,66933.91,67087.56,66429.74,66697.22,96864600
2026-08-04,66814.85,67668.58,66622.25,66833.16,119768700
2026-08-05,66833.38,67168.39,66432.18,66525.18,134779500
2026-08-06,66432.36,67247.56,66336.76,66396.15,129950200
2026-08-07,66394.89,67185.88,66394.89,66938.64,113358000
2026-08-10,66933.01,66955.02,66247.00,66438.58,97219000
2026-08-11,66398.29,66459.17,65509.90,65564.76,105479700
2026-08-12,65746.89,66120.72,65404.51,65755.97,187042100
2026-08-13,65890.72,65890.72,64750.07,64826.39,204091600
2026-08-14,65038.55,65038.55,64329.53,64397.45,93509600
2026-08-17,64457.26,64534.98,64024.00,64254.98,69007300
2026-08-18,64289.47,64665.94,63841.29,63933.69,102634500
2026-08-19,63990.05,64584.42,63924.20,63999.26,93945500
2026-08-20,64007.42,64547.11,63937.99,64349.80,109720300
2026-08-21,64559.79,66082.15,64559.79,65729.18,152833200
2026-08-24,65751.65,66152.15,65510.82,65770.85,113337900
2026-08-25,65750.89,66359.58,65019.88,66293.07,92465500
2026-08-26,66146.09,66823.10,66107.32,66191.11,108509800
2026-08-27,66096.55,66239.84,65649.86,65829.98,93206800
2026-08-28,65876.02,65964.57,65202.80,65484.32,98325500
2026-08-31,65325.71,65570.92,64913.80,65430.32,452101000
2026-09-01,65348.35,65743.72,64393.19,64514.25,141530700
2026-09-02,64500.71,65088.90,64312.59,64884.28,151591800
2026-09-03,65031.95,65689.15,65024.32,65436.16,198904700
2026-09-04,65248.38,65451.49,64768.50,64866.61,167938300
2026-09-07,64972.75,65019.23,64525.23,64727.54,30483600
2026-09-08,64707.67,65153.75,64554.17,65065.56,138988600
2026-09-09,64905.29,65263.32,64682.05,64814.97,169796500
2026-09-10,64529.27,64675.47,64023.32,64106.82,114898100
2026-09-11,64210.93,64454.30,63768.40,63924.77,100916900
2026-09-14,63863.57,64301.09,63509.34,64216.98,107090600
2026-09-15,64260.84,64375.85,63375.52,63507.11,136867100
2026-09-17,63666.04,63979.43,63464.96,63873.32,129224600
2026-09-18,63909.05,64020.04,63296.67,63375.93,931780800
2026-09-21,63741.55,63741.55,63059.32,63536.96,142883300
2026-09-22,63598.64,64477.59,63505.34,64456.59,145329900
2026-09-23,64295.29,64525.30,64003.79,64276.72,132964100
2026-09-24,64044.17,64327.02,63806.19,64264.16,140777700
2026-09-25,64205.49,65035.96,64205.49,64992.23,107329100
2026-09-28,64803.30,65127.99,64621.90,64944.41,130599200
2026-09-29,64988.34,65565.20,64817.06,65110.57,159541800
2026-09-30,65185.46,65185.46,64145.55,64214.36,224111400
2026-10-01,63828.60,63828.60,63828.60,63828.60,0
